chunk_id,topic,title,content,source,source_url,document_type,chunk_id_char_count,content_char_count
Conservation Agricul_1,Conservation Agriculture,Conservation Agriculture,"What is Conservation Agriculture? | Conservation Agriculture | Food and Agriculture Organization of the United Nations Conservation Agriculture This section describes what soil-protective and resource-saving agriculture is and how it, as a management system, can prevent the loss of land suitable for cultivation and contribute to the restoration of degraded soils. It also provides information on the principles of such a system of agriculture, explains why FAO is actively engaged in its popularization, as well as the support provided by FAO to the Member States of the Organization. What is Conservation Agriculture? Conservation Agriculture (CA) is a farming system that can prevent losses of arable land while regenerating degraded lands. It promotes maintenance of a permanent soil cover, minimum soil disturbance, and diversification of plant species",FAO,https://www.fao.org/conservation-agriculture/overview/what-is-conservation-agriculture/en/,webpage,22,858
Conservation Agricul_2,Conservation Agriculture,Conservation Agriculture,". It promotes maintenance of a permanent soil cover, minimum soil disturbance, and diversification of plant species. It enhances biodiversity and natural biological processes above and below the ground surface, which contribute to increased water and nutrient use efficiency and to improved and sustained crop production. CA principles are universally applicable to all agricultural landscapes and land uses with locally adapted practices. Soil interventions such as mechanical soil disturbance are reduced to an absolute minimum or avoided, and external inputs such as agrochemicals and plant nutrients of mineral or organic origin are applied optimally and in ways and quantities that do not interfere with, or disrupt, the biological processes. CA facilitates good agronomy, such as timely operations, and improves overall land husbandry for rainfed and irrigated production",FAO,https://www.fao.org/conservation-agriculture/overview/what-is-conservation-agriculture/en/,webpage,22,877
Conservation Agricul_3,Conservation Agriculture,Conservation Agriculture,". CA facilitates good agronomy, such as timely operations, and improves overall land husbandry for rainfed and irrigated production. Complemented by other known good practices, including the use of quality seeds, and integrated pest, nutrient, weed and water management, etc., CA is a base for sustainable agricultural production intensification. It opens increased options for integration of production sectors, such as crop-livestock integration and the integration of trees and pastures into agricultural landscapes. Related links Save and Grow Factsheet",FAO,https://www.fao.org/conservation-agriculture/overview/what-is-conservation-agriculture/en/,webpage,22,557
Soil Organic Carbon _1,Soil Health,Soil Organic Carbon Accumulation and Greenhouse Gas Emission Reductions from Conservation Agriculture,"Integrate d C rop M anagem e n t Vol. 16 – 2012 ISSN 1020 Soil Organic Carbon Accumulation and Greenhouse Gas Emission Reductions from Conservation Agriculture: A literature review Soil Organic Carbon Accumulation and Greenhouse Gas Emission Reductions from Conservation Agriculture: A literature review Soil organic matter plays a crucial role in maintaining soil health and its productivity potential. However, most of the world’s agricultural soils have become depleted in organic matter compared with their state under natural vegetation. This is because the dominant form of agriculture is based on tillage, which accelerates the decomposition of soil organic matter. Tillage-based production systems should therefore be transformed so that the future production intensiﬁcation can be achieved sustainably. Conservation Agriculture, a system avoiding or minimizing soil disturbance, combined with soil cover and crop",FAO,https://www.fao.org/fileadmin/user_upload/agp/icm16.pdf,pdf,22,926
Soil Organic Carbon _2,Soil Health,Soil Organic Carbon Accumulation and Greenhouse Gas Emission Reductions from Conservation Agriculture,"sustainably. Conservation Agriculture, a system avoiding or minimizing soil disturbance, combined with soil cover and crop diversiﬁcation, is considered to be such sustainable production system. However, there appears to be certain degree of uncertainty about the role of Conservation Agriculture in carbon sequestration and in reducing green house gas emissions. This publication presents a meta analysis of global scientiﬁc literature with the aim to develop a clear understanding of the impacts and beneﬁts of traditional tillage agriculture and Conservation Agriculture with respect to their effects on soil carbon pools. The study attempts to reduce the existing uncertainty about the impact of soil management practices on soil carbon and is addressing scientists as well as policy makers to facilitate decision making regarding future farming models. Soil organic matter plays a crucial role in maintaining soil health",FAO,https://www.fao.org/fileadmin/user_upload/agp/icm16.pdf,pdf,22,925
Soil Organic Carbon _3,Soil Health,Soil Organic Carbon Accumulation and Greenhouse Gas Emission Reductions from Conservation Agriculture,"making regarding future farming models. Soil organic matter plays a crucial role in maintaining soil health and its productivity potential. However, most of the world’s agricultural soils have become depleted in organic matter compared with their state under natural vegetation. This is because the dominant form of agriculture is based on tillage, which accelerates the decomposition of soil organic matter. Tillage-based production systems should therefore be transformed so that the future production intensiﬁcation can be achieved sustainably. Conservation Agriculture, a system avoiding or minimizing soil disturbance, combined with soil cover and crop diversiﬁcation, is considered to be such sustainable production system. However, there appears to be certain degree of uncertainty about the role of Conservation Agriculture in carbon sequestration and in reducing green house gas emissions. This publication presents a meta analysis of global scientiﬁc literature",FAO,https://www.fao.org/fileadmin/user_upload/agp/icm16.pdf,pdf,22,971
Soil Organic Carbon _4,Soil Health,Soil Organic Carbon Accumulation and Greenhouse Gas Emission Reductions from Conservation Agriculture,sequestration and in reducing green house gas emissions. This publication presents a meta analysis of global scientiﬁc literature with the aim to develop a clear understanding of the impacts and beneﬁts of traditional tillage agriculture and Conservation Agriculture with respect to their effects on soil carbon pools. The study attempts to reduce the existing uncertainty about the impact of soil management practices on soil carbon and is addressing scientists as well as policy makers to facilitate decision making regarding future farming models. Soil Organic Carbon Accumulation and Greenhouse Gas Emission Reductions from Conservation Agriculture: A literature review Soil Organic Carbon Accumulation and Greenhouse Gas Emission Reductions from Conservation Agriculture: A literature review FAO 16,FAO,https://www.fao.org/fileadmin/user_upload/agp/icm16.pdf,pdf,22,803
Soil Organic Carbon _5,Soil Health,Soil Organic Carbon Accumulation and Greenhouse Gas Emission Reductions from Conservation Agriculture,"Soil Organic Carbon Accumulation and Greenhouse Gas Emission Reductions from Conservation Agriculture: Integrated Crop Management Vol.16-2012 PLANT PRODUCTION AND PROTECTION DIVISION FOOD AND AGRICULTURE ORGANIZATION OF THE UNITED NATIONS Rome, 2012 Sandra Corsi1, 3, Theodor Friedrich1, Amir Kassam1, 2, Michele Pisante3 and João de Moraes Sà4 1 Plant Production and Protection Division (AGP), FAO, Rome, Italy 2 School of Agriculture, Policy and Development, University of Reading, United Kingdom 3 Agronomy and Crop Sciences Research and Education Centre, University of Teramo, Italy 4 Universidade Estadual de Ponta Grossa-PR, Brazil A literature review",FAO,https://www.fao.org/fileadmin/user_upload/agp/icm16.pdf,pdf,22,657
Soil Organic Carbon _6,Soil Health,Soil Organic Carbon Accumulation and Greenhouse Gas Emission Reductions from Conservation Agriculture,"The designations employed and the presentation of material in this information product do not imply the expression of any opinion whatsoever on the part of the Food and Agriculture Organization of the United Nations (FAO) concerning the legal or development status of any country, territory, city or area or of its authorities, or concerning the delimitation of its frontiers or boundaries. The mention of specific companies or products of manufacturers, whether or not these have been patented, does not imply that these have been endorsed or recommended by FAO in preference to others of a similar nature that are not mentioned. The views expressed in this information product are those of the author(s) and do not necessarily reflect the views of FAO. ISBN 978-92-5-107187-8 All rights reserved. FAO encourages reproduction and dissemination of material in this information product. Non-commercial uses will be authorized free of charge, upon",FAO,https://www.fao.org/fileadmin/user_upload/agp/icm16.pdf,pdf,22,945
Soil Organic Carbon _7,Soil Health,Soil Organic Carbon Accumulation and Greenhouse Gas Emission Reductions from Conservation Agriculture,"information product. Non-commercial uses will be authorized free of charge, upon request. Reproduction for resale or other commercial purposes, including educational purposes, may incur fees. Applications for permission to reproduce or disseminate FAO copyright materials, and all other queries on rights and licences, should be addressed by e-mail to copyright@fao.org or to the Chief, Publishing Policy and Support Branch, Office of Knowledge Exchange, Research and Extension, FAO, Viale delle Terme di Caracalla, 00153 Rome, Italy. © FAO 2012",FAO,https://www.fao.org/fileadmin/user_upload/agp/icm16.pdf,pdf,22,545
Soil Organic Carbon _8,Soil Health,Soil Organic Carbon Accumulation and Greenhouse Gas Emission Reductions from Conservation Agriculture,CONTENTS v Foreword vi Acknowledgements vii Abbreviations ix Summary CHAPTER 1 1 Introduction CHAPTER 2 5 Definitions 5 The pathway of carbon from crop residues into soil organic matter and soil organic carbon 8 Conservation Agriculture for carbon storage in cropland CHAPTER 3 13 Evidence that CA promotes soil carbon accumulation 13 Where CA principles and methods are not followed 13 Soil disturbance 15 Monocropping 16 Crop rotations and cover crops that do not allow a positive N balance 17 Crop residues removal and mixing 19 Rhizodeposits and SOC accumulation in deeper soil layers 20 Variables influencing soil carbon accumulation: analyzing global data 23 Subhumid and humid tropical and subtropical zones 24 Tropical and subtropical semi-arid zones 26 Temperate zones 27 Influence of soil and crop management systems on SOC - lessons learnt CHAPTER 4 31 Is the carbon budget for CA systems higher than for TA systems? 31 Mechanical equipment 32 Fertilization 34 GHG dynamics,FAO,https://www.fao.org/fileadmin/user_upload/agp/icm16.pdf,pdf,22,984
Soil Organic Carbon _9,Soil Health,Soil Organic Carbon Accumulation and Greenhouse Gas Emission Reductions from Conservation Agriculture,learnt CHAPTER 4 31 Is the carbon budget for CA systems higher than for TA systems? 31 Mechanical equipment 32 Fertilization 34 GHG dynamics 34 Methane emissions 35 Nitrous oxide emissions iiiVol. 16–2012 CONTENTS,FAO,https://www.fao.org/fileadmin/user_upload/agp/icm16.pdf,pdf,22,213
Soil Organic Carbon _10,Soil Health,Soil Organic Carbon Accumulation and Greenhouse Gas Emission Reductions from Conservation Agriculture,iv SOIL ORGANIC CARBON ACCUMULATION AND GREENHOUSE GAS EMISSION REDUCTIONS FROM CONSERVATION AGRICULTURE Integrated Crop Management CHAPTER 5 39 Concluding comments 43 References 65 Annexes 67 Glossary,FAO,https://www.fao.org/fileadmin/user_upload/agp/icm16.pdf,pdf,23,201
Soil Organic Carbon _11,Soil Health,Soil Organic Carbon Accumulation and Greenhouse Gas Emission Reductions from Conservation Agriculture,"vVol. 16–2012 FOREWORD Soil organic matter plays a crucial role in maintaining soil health and its productivity potential. However, most of the world’s agricultural soils have become depleted in organic matter and therefore soil health over the years, compared with their state under natural vegetation. This is because the dominant form of agriculture is based on tillage, which accelerates the decomposition of soil organic matter. At the same time, there has been a tendency for tillage agriculture to remove much or all of the crop residues, thus leaving the soil starved of substrate for soil organisms to maintain soil structure and exposed to soil erosion. This degradation process decreases soil’s ability to hold water and nutrients, reduces rainfall infiltration and leads to increased soil compaction and loss of soil biodiversity. Such agricultural soils are not able to offer the best factor productivities for production inputs such as nutrient, water and labour,",FAO,https://www.fao.org/fileadmin/user_upload/agp/icm16.pdf,pdf,23,977
Soil Organic Carbon _12,Soil Health,Soil Organic Carbon Accumulation and Greenhouse Gas Emission Reductions from Conservation Agriculture,"factor productivities for production inputs such as nutrient, water and labour, and are not able to harness environmental services such as clean water, carbon sequestration and control of erosion and pests. Thus, tillage-based production systems are considered generally unsustainable and it is important that our farming systems are transformed so the future production intensification can be achieved sustainably. In addition to sustainable production intensification and enhancing factor productivity, there is a need to transform farming practices to sequester carbon so that climate change mitigation becomes an inherent property of future farming systems. Conservation Agriculture, a system avoiding or minimizing soil disturbance, combined with soil cover and crop diversification, is considered to be a sustainable production system that can also sequester carbon unlike tillage agriculture. However, there appears to be certain degree of",FAO,https://www.fao.org/fileadmin/user_upload/agp/icm16.pdf,pdf,23,946
Soil Organic Carbon _13,Soil Health,Soil Organic Carbon Accumulation and Greenhouse Gas Emission Reductions from Conservation Agriculture,"carbon unlike tillage agriculture. However, there appears to be certain degree of uncertainty about the role of Conservation Agriculture in carbon sequestration and its role in reducing green house gas emissions. This publication presents a meta analysis of global scientific literature with the aim to develop a clear understanding of the impacts and benefits of the two most common types of agriculture, traditional tillage agriculture and Conservation Agriculture with respect to their effects on soil carbon pools. The study conducted by the Plant production and Protection Division in collaboration with experts from several universities attempts to reduce the existing uncertainty about the impact of soil management practices on soil carbon pools and on carbon budget. Shivaji Pandey Director Plant Production and Protection Division",FAO,https://www.fao.org/fileadmin/user_upload/agp/icm16.pdf,pdf,23,840
Soil Organic Carbon _14,Soil Health,Soil Organic Carbon Accumulation and Greenhouse Gas Emission Reductions from Conservation Agriculture,"vi SOIL ORGANIC CARBON ACCUMULATION AND GREENHOUSE GAS EMISSION REDUCTIONS FROM CONSERVATION AGRICULTURE Integrated Crop Management ACKNOWLEDGEMENTS This study is the product of cooperative work by the working group on Conservation Agriculture (CA) of the Plant Production and Protection Division (AGP) of the Food and Agriculture Organization (FAO) with universities of Reading (UK), Teramo (Italy) and Ponta Grossa (Brazil). It has benefited from the support and inputs from a number of individuals who reviewed the draft. The internal reviewers from FAO were Christian Nolte, Lawrence Narteh, Gualbert Gbehounou and Cornelis van Duijvendijk. The external reviewers were Richard Harwood (Michigan State University, USA), Tom Goddard (Alberta Agriculture and Rural Development, Canada), and Gottlieb Basch (University of Evora, Portugal). To them all we express our special thanks. Brian Sims edited the final draft and Magda Morales formatted",FAO,https://www.fao.org/fileadmin/user_upload/agp/icm16.pdf,pdf,23,944
Soil Organic Carbon _15,Soil Health,Soil Organic Carbon Accumulation and Greenhouse Gas Emission Reductions from Conservation Agriculture,special thanks. Brian Sims edited the final draft and Magda Morales formatted the document for printing. We express our appreciation to them both.,FAO,https://www.fao.org/fileadmin/user_upload/agp/icm16.pdf,pdf,23,146
Soil Organic Carbon _16,Soil Health,Soil Organic Carbon Accumulation and Greenhouse Gas Emission Reductions from Conservation Agriculture,viiVol. 16–2012 AGP Plant Production and Protection Division of the Food and Agriculture Organization CA Conservation Agriculture CH4 Methane CO2 Carbon dioxide FAO Food and Agriculture Organisation of the United Nations GHG Atmospheric greenhouse gas IIASA International Institute for Applied Systems Analysis MLRA major land resource area MT Minimum tillage N2O Nitrous oxide NT No-till SOC Soil organic carbon SOM Soil organic matter TA Tillage agriculture ABBREVIATIONS,FAO,https://www.fao.org/fileadmin/user_upload/agp/icm16.pdf,pdf,23,473
Soil Organic Carbon _17,Soil Health,Soil Organic Carbon Accumulation and Greenhouse Gas Emission Reductions from Conservation Agriculture,"ixVol. 16–2012 SUMMARY This study aims at developing a clear understanding of the impacts and benefits of the two most common types of agriculture, traditional tillage agriculture (TA) and Conservation Agriculture (CA), a no-till system, with respect to their effects on soil carbon pools. It is based on a meta analysis of scientific literature, attempting to reduce the existing uncertainty about the impact of soil management practices on soil carbon pools. The results from literature review on carbon sequestration in TA are compared with CA, a broader agro-ecosystem management concept that requires compliance with three interrelated criteria, namely minimum or no mechanical soil disturbance, permanent organic soil cover, and diversified crop associations and rotations. The review shows that CA permits higher rates of carbon sequestration in the soil compared with TA. When no carbon sequestration or carbon loss is reported in agricultural systems, this is most",FAO,https://www.fao.org/fileadmin/user_upload/agp/icm16.pdf,pdf,23,973
Soil Organic Carbon _18,Soil Health,Soil Organic Carbon Accumulation and Greenhouse Gas Emission Reductions from Conservation Agriculture,"sequestration or carbon loss is reported in agricultural systems, this is most frequently associated with any one or a combination of the following reasons: i) soil disturbance, ii) monocropping, iii) specific crop rotations, iv) poor management of crop residues, and v) soil sampling extended deeper than 30 cm. Most of the world’s agricultural soils have become depleted in organic matter and soil health over the years under TA, compared with their state under natural vegetation. This degradation process has proved to be reversible and the main ways to increase soil organic matter content and improve soil health seem to be: i) keeping the disturbance impact and interactions between mechanical implements and soil to an absolute minimum, ii) using effective crop rotations and associations, and iii) leaving crop residues as carbon source on the soil surface. The implementation of these practices can help restore a",FAO,https://www.fao.org/fileadmin/user_upload/agp/icm16.pdf,pdf,23,923
Soil Organic Carbon _19,Soil Health,Soil Organic Carbon Accumulation and Greenhouse Gas Emission Reductions from Conservation Agriculture,"on the soil surface. The implementation of these practices can help restore a degraded agro-ecosystem to a sustainable and productive state. However, soil organic carbon (SOC) sequestration is generally non-linear over time and the effectiveness of conversion of a farming system from TA to CA depends on a number of variables: for example, soil carbon sink strength increases most rapidly soon after a carbon-enhancing change in land management has been implemented, and reduces with time as the stable SOC stock approaches a new equilibrium which in agricultural soils in Europe for example can take approximately 100 years after a carbon-enhancing land use change has been introduced. Even though some authors report significant increase in microbial activity soon after transition to CA, fuller advantages of CA in terms of soil health and its productive capacity can usually be observed only in the medium-",FAO,https://www.fao.org/fileadmin/user_upload/agp/icm16.pdf,pdf,23,911
Soil Organic Carbon _20,Soil Health,Soil Organic Carbon Accumulation and Greenhouse Gas Emission Reductions from Conservation Agriculture,"health and its productive capacity can usually be observed only in the medium- to longer-term, when CA practices and soil biological processes become well established within the farming system.",FAO,https://www.fao.org/fileadmin/user_upload/agp/icm16.pdf,pdf,23,193
Soil Organic Carbon _21,Soil Health,Soil Organic Carbon Accumulation and Greenhouse Gas Emission Reductions from Conservation Agriculture,"x SOIL ORGANIC CARBON ACCUMULATION AND GREENHOUSE GAS EMISSION REDUCTIONS FROM CONSERVATION AGRICULTURE Integrated Crop Management The study discusses the effectiveness of using average rates of soil carbon content for estimating sequestration at the global level. In reality, there are different carbon pools in the soil undergoing transformation from the undecomposed form to decomposing unstable form to decomposed stable form. The carbon sequestration potential of any soil, for the carbon pool considered, depends on the vegetation it supports (which influences the amount and chemical composition of organic matter being added), soil moisture availability, soil mineralogical composition and texture, depth, porosity and temperature. Therefore, when addressing carbon sequestration, rates should always be referred to specific carbon pools, as each carbon category has highly different turnover rates. Another aspect of CA in relation to carbon budgets are the reduced power",FAO,https://www.fao.org/fileadmin/user_upload/agp/icm16.pdf,pdf,23,980
Soil Organic Carbon _22,Soil Health,Soil Organic Carbon Accumulation and Greenhouse Gas Emission Reductions from Conservation Agriculture,"turnover rates. Another aspect of CA in relation to carbon budgets are the reduced power and energy requirements as a result of not tilling the soil. This translates into less fuel consumption, lower working time and slower depreciation rates of equipment per unit area per unit of output, all leading to emission reductions from the various farm operations as well as from the machinery manufacturing processes. In addition, crop residues left in the field return the carbon fixed in the crops by photosynthesis to the soil and the resulting improvement in soil health and fertility leads, over time, to reduced fertilizer use, and CO2 emissions. Other relevant green house gas (GHG) emissions from agriculture, namely methane and nitrous oxides can also be reduced within a CA environment with some complementary practices. This paper concludes that terrestrial sequestration of carbon can efficiently be achieved by changing the management of agricultural lands from high soil",FAO,https://www.fao.org/fileadmin/user_upload/agp/icm16.pdf,pdf,23,979
Soil Organic Carbon _23,Soil Health,Soil Organic Carbon Accumulation and Greenhouse Gas Emission Reductions from Conservation Agriculture,"be achieved by changing the management of agricultural lands from high soil disturbance practices to low disturbance and by adopting effective nitrogen management practices so that the nitrogen balance remains positive. CA allows agro-ecosystems to store more CO2, emit less and all in all improve ecosystem functioning and services, such as the control of rainfall runoff and soil erosion, carbon sequestration including below the plough layer and, when a mulch cover is adopted, increase in water infiltration. The combined environmental benefits of CA at the farm and landscape level can contribute to global environmental conservation and also provide a low-cost option to help offset emissions of the main GHGs. With CA fewer and/or smaller tractors can be used and fewer passes over the field are needed , which also result in lower fuel and repair costs. However, fuller productivity, economic and environmental advantages of CA",FAO,https://www.fao.org/fileadmin/user_upload/agp/icm16.pdf,pdf,23,935
Soil Organic Carbon _24,Soil Health,Soil Organic Carbon Accumulation and Greenhouse Gas Emission Reductions from Conservation Agriculture,"However, fuller productivity, economic and environmental advantages of CA can usually be seen only in the medium- to longer-term when CA practices and new soil conditions are well established. These important lessons learnt from around the world regarding the high potential for carbon sequestration with CA systems and the associated opportunity for carbon trading and reduction in GHGs emissions should be taken into consideration in any climate change mitigation strategy for the future.",FAO,https://www.fao.org/fileadmin/user_upload/agp/icm16.pdf,pdf,23,490
Soil Organic Carbon _25,Soil Health,Soil Organic Carbon Accumulation and Greenhouse Gas Emission Reductions from Conservation Agriculture,"1Vol. 16–2012 CHAPTER 1 Introduction Concerns about rising atmospheric carbon dioxide (CO 2) levels coupled with climate change mitigation efforts have focused considerable interest in recent years on the world’s soil carbon. The world’s soils are estimated to have a high sink potential for carbon sequestration, not only in terms of their large potential carbon content, but also because soil organic carbon is particularly responsive to modification through agricultural land use. Conversion of natural ecosystems to cropland acts as a driver of climate change in two main ways. Firstly, agricultural activities directly produce and release about 10-12 percent of the atmospheric greenhouse gases (GHGs), such as CO 2, methane (CH 4), nitrous oxide (N 2O) (Smith et al., 2007). Secondly, the conversion process alters the soil’s physical, chemical and biological properties and so has an impact on the biological resilience of the agro-ecosystems",FAO,https://www.fao.org/fileadmin/user_upload/agp/icm16.pdf,pdf,23,949
Soil Organic Carbon _26,Soil Health,Soil Organic Carbon Accumulation and Greenhouse Gas Emission Reductions from Conservation Agriculture,"and so has an impact on the biological resilience of the agro-ecosystems (Oades, 1984; Elliot, 1986; Potter et al., 1998). When soils in a natural state are converted to agricultural land, there is an important loss of soil organic carbon (SOC) mainly in form of CO 2 (VandenBygaart et al., 2003). Furthermore, agricultural expansion is a major driver of biodiversity loss, which in turn threatens agricultural sustainability. However, when assessing agricultural sustainability, both environmental impacts and yields should be considered. Global agricultural production will need to increase by 70 percent (and by practically 100 percent in developing countries) to meet the needs of an estimated world population of approximately 9.2 billion in 2050 (FAO, 2006a), but the environmental impact of changing land use to agriculture varies significantly under different management systems. Much of the traditional agriculture practised in industrialised as well",FAO,https://www.fao.org/fileadmin/user_upload/agp/icm16.pdf,pdf,23,959
Soil Organic Carbon _27,Soil Health,Soil Organic Carbon Accumulation and Greenhouse Gas Emission Reductions from Conservation Agriculture,"systems. Much of the traditional agriculture practised in industrialised as well as in developing countries is based on mechanical soil tillage 1* (referred to in this paper as tillage agriculture (TA) 2). In general the major purposes given * See the Glossary of definitions of the terms used in this paper, given at the end of the book. 1 Mechanical soil tillage = Any mouldboard and/or disc ploughing, chiselling, disking; mechanical intervention to structure the soil in a different way 2 Tillage agriculture (TA) = Agricultural systems based on mechanical soil tillage, embracing all soil operations using implements such as a mouldboard plough, disk plough, chisel plough, rotary tiller, subsoiler, ridgers or bed-formers, and other farm tools or mechanical implements for seedbed preparation that aim at creating soil and environmental conditions for seed germination, seedling establishment and crop growth. These types of tillage systems often involve multiple",FAO,https://www.fao.org/fileadmin/user_upload/agp/icm16.pdf,pdf,23,969
Soil Organic Carbon _28,Soil Health,Soil Organic Carbon Accumulation and Greenhouse Gas Emission Reductions from Conservation Agriculture,"seedling establishment and crop growth. These types of tillage systems often involve multiple operations and are often referred to as “conventional” or “traditional” tillage systems. Minimum tillage is often used to refer to any system that has few tillage requirements. It should however also be regarded as a tillage-based form of agriculture, as it is commonly defined as ‘the minimum soil manipulation necessary for crop production under the existing soil and climatic conditions” (Kassam et al., 2009).",FAO,https://www.fao.org/fileadmin/user_upload/agp/icm16.pdf,pdf,23,507
Soil Organic Carbon _29,Soil Health,Soil Organic Carbon Accumulation and Greenhouse Gas Emission Reductions from Conservation Agriculture,"2 SOIL ORGANIC CARBON ACCUMULATION AND GREENHOUSE GAS EMISSION REDUCTIONS FROM CONSERVATION AGRICULTURE Integrated Crop Management for mouldboard and/or disc ploughing in temperate areas are to loosen and prepare the soil for sowing, accelerate soil warming during spring and to control weeds. In humid regions, particularly in the tropics, where many soils are heavily leached and acidic often with high exchangeable Al 3+, tillage can serve the additional purpose of incorporating lime as an amendment. Tillage agriculture is considered to speed up the loss of soil organic matter (SOM) by increasing its mineralization and through soil loss by erosion. As in a vicious circle, the reduction of SOM, which is the substrate for soil life, interrupts the biological soil structuring processes carried out by the soil edaphon 3 , which in turn creates the need for more mechanical tillage leading to further soil",FAO,https://www.fao.org/fileadmin/user_upload/agp/icm16.pdf,pdf,23,911
Soil Organic Carbon _30,Soil Health,Soil Organic Carbon Accumulation and Greenhouse Gas Emission Reductions from Conservation Agriculture,"in turn creates the need for more mechanical tillage leading to further soil degradation. In addition, tillage is a highly energy-consuming process which uses large amounts of fossil fuel per hectare (ha) in mechanised systems. In calculating the total CO 2 emissions from tillage operations, tractor engine CO2 emissions should be added to those that originate from the oxidative breakdown of SOM through mechanical tillage. As opposed to tillage-based systems, other agricultural production approaches, such as Conservation Agriculture 4 (CA), exist which are win- win strategies to both sequester carbon in the soil and achieve production intensification with competitive yields while enhancing the natural resource base. The present review focuses on SOC sequestration and in particular it attempts to quantify the carbon footprint of the variables that intervene in CA and TA production cycles. The review was conducted to: i) develop a",FAO,https://www.fao.org/fileadmin/user_upload/agp/icm16.pdf,pdf,23,941
Soil Organic Carbon _31,Soil Health,Soil Organic Carbon Accumulation and Greenhouse Gas Emission Reductions from Conservation Agriculture,"attempts to quantify the carbon footprint of the variables that intervene in CA and TA production cycles. The review was conducted to: i) develop a clear understanding of the impact and performance of CA relative to TA with respect to carbon sequestration; and ii) examine if in this respect there are any misleading arguments at present in the scientific literature with a view to highlighting the evidence that exposes their flaws. The document draws primarily on scientific papers published in leading peer-reviewed journals and the knowledge of the working group on CA in the Plant Production 3 Edaphon = Soil microorganisms and fauna. 4 Conservation Agriculture (CA) = Conservation Agriculture (CA) is an approach to managing agro-ecosystems for improved and sustained productivity, increased profits and food security while preserving and enhancing the resource base and the environment. CA is characterized by three linked principles, namely:",FAO,https://www.fao.org/fileadmin/user_upload/agp/icm16.pdf,pdf,23,949
Soil Organic Carbon _32,Soil Health,Soil Organic Carbon Accumulation and Greenhouse Gas Emission Reductions from Conservation Agriculture,"preserving and enhancing the resource base and the environment. CA is characterized by three linked principles, namely: i. Continuous minimum mechanical soil disturbance refers to low disturbance no-tillage and direct seeding. The disturbed area must be less than 15 cm wide or less than 25 percent of the cropped area (whichever is lower). There should be no periodic tillage that disturbs a greater area than the aforementioned limits. Strip tillage is allowed if the disturbed area is less than the set limits. ii. Permanent organic soil cover. Three categories are distinguished: 30-60 percent, >60-90 percent and >90 percent ground cover, measured immediately after the direct seeding operation. Area with less than 30 percent cover is not considered as CA. iii. Diversification of crop species grown in sequences and/or associations. Rotation/association should involve at least 3 different crops. It aims at enhancing natural biological processes above and below the ground.",FAO,https://www.fao.org/fileadmin/user_upload/agp/icm16.pdf,pdf,23,981
Soil Organic Carbon _33,Soil Health,Soil Organic Carbon Accumulation and Greenhouse Gas Emission Reductions from Conservation Agriculture,3 INTRODUCTION Vol. 16–2012 and Protection Division (AGP) of the Food and Agriculture Organization (FAO). A meta-analysis of the relevant literature has been undertaken and the cropping systems and research protocols followed by the researchers have been examined to explain any discrepancies in their findings.,FAO,https://www.fao.org/fileadmin/user_upload/agp/icm16.pdf,pdf,23,311
Soil Organic Carbon _34,Soil Health,Soil Organic Carbon Accumulation and Greenhouse Gas Emission Reductions from Conservation Agriculture,"5Vol. 16–2012 CHAPTER 2 Definitions Semantics is the main cause for confusion within the international literature with regard to carbon sequestration under different management systems. This chapter provides a brief description of SOC pools (section 2.1) and a rigorous definition of what should be considered as CA (section 2.2). 2.1 THE PATHWAY OF CARBON FROM CROP RESIDUES INTO SOIL ORGANIC MATTER AND SOIL ORGANIC CARBON The term soil organic matter (SOM) is used to describe the organic constituents in the soil: tissues from dead plants and animals, materials less than 2 mm in size and soil organisms in various stages of decomposition. Undecomposed materials on the surface of the soil (such as litter, crop residues, shoot and root residues) are usually more than 2 mm in size and are not considered to be part of the SOM. SOM is generally richer in lignin, poorer in carbohydrates, oxygen and hydrogen vis-à-vis organic matter because the mineralization 5",FAO,https://www.fao.org/fileadmin/user_upload/agp/icm16.pdf,pdf,23,965
Soil Organic Carbon _35,Soil Health,Soil Organic Carbon Accumulation and Greenhouse Gas Emission Reductions from Conservation Agriculture,"oxygen and hydrogen vis-à-vis organic matter because the mineralization 5 process frees oxygen and preferentially degrades polysaccharides, so that the concentration of recalcitrant (or stable) compounds increases. Soils contain carbon in both organic and inorganic forms, i.e. oxidized carbon and non-oxidized carbon. The sum of the two forms of carbon is referred to as total carbon. Inorganic carbon is present as various minerals and salts from weathered bedrock. Soil organic carbon (SOC) is the carbon occurring in the SOM: on average it constitutes about 58 percent of SOM mass. The carbon stabilization process goes through the initial formation of unstable macroaggregates, to their subsequent stabilization and the contemporary formation of microaggregates within the macroaggregates. The final stage of the aggregate transformation cycle is the break down of macroaggregates with the liberation of the microaggregates. In most soils,",FAO,https://www.fao.org/fileadmin/user_upload/agp/icm16.pdf,pdf,23,944
Soil Organic Carbon _36,Soil Health,Soil Organic Carbon Accumulation and Greenhouse Gas Emission Reductions from Conservation Agriculture,"macroaggregates with the liberation of the microaggregates. In most soils, young and unstable macroaggregates are formed by biological processes: growing roots, fungal, bacterial and faunal activity have a primary role in enmeshing fresh organic matter with exudates and soil particles. Only in soils dominated by oxides and 1:1 clays, which hold positive and negative charges at prevailing pH values, the primary binding agent for soil aggregates are mineral- mineral electrostatic forces that create physicochemical macroaggregates 6. 5 Mineralization of organic matter = Biological oxidation to carbon dioxide and water with liberation of the mineral nutrients. 6 Physicochemical aggregates = Macroaggregates held together by mineral electrostatic interactions.",FAO,https://www.fao.org/fileadmin/user_upload/agp/icm16.pdf,pdf,23,764
Soil Organic Carbon _37,Soil Health,Soil Organic Carbon Accumulation and Greenhouse Gas Emission Reductions from Conservation Agriculture,"6 SOIL ORGANIC CARBON ACCUMULATION AND GREENHOUSE GAS EMISSION REDUCTIONS FROM CONSERVATION AGRICULTURE Integrated Crop Management Young macroaggregates offer physical protection to carbon and nitrogen from microbial enzymes, but need to be further stabilized. The processes for the formation of water stable aggregates7 include ageing8, wet-dry cycles (that cause closer rearrangements of soil particles) and growing roots (that exert pressure, remove water and produce exudates that have a role both as cementing agents and as substrate for further microbial activity). In soils characterized by a mixed mineralogy and in the absence of high organic matter inputs, physicochemical macroaggregates can be stabilized by root growth. During macroaggregate stabilization, partially decomposed intra-macroaggregate organic matter becomes encapsulated with minerals and microbial products forming microaggregates, which lead to long-term carbon stabilization by",FAO,https://www.fao.org/fileadmin/user_upload/agp/icm16.pdf,pdf,23,957
Soil Organic Carbon _38,Soil Health,Soil Organic Carbon Accumulation and Greenhouse Gas Emission Reductions from Conservation Agriculture,"organic matter becomes encapsulated with minerals and microbial products forming microaggregates, which lead to long-term carbon stabilization by protection from mineralization. Over time, the macroaggregates tend to lose labile binding agents and break down to release minerals, highly recalcitrant SOM, and microaggregates. In time, these latter may be occluded again within new macroaggregates. Based on SOM size, state of decomposition, chemical and physical properties, the following SOM pools can be distinguished: i) The labile pool , also known as the active pool, is the least decomposed organic matter: smaller than 2 mm in size (the threshold for organic matter to be considered SOM) but larger than 0.25 mm (the minimum dimension for aggregates to be considered macroaggregates). As it mainly consists of young SOM (such as plant debris) only partially protected in macroaggregates (which are not stable by definition), it is characterized",FAO,https://www.fao.org/fileadmin/user_upload/agp/icm16.pdf,pdf,23,951
Soil Organic Carbon _39,Soil Health,Soil Organic Carbon Accumulation and Greenhouse Gas Emission Reductions from Conservation Agriculture,"consists of young SOM (such as plant debris) only partially protected in macroaggregates (which are not stable by definition), it is characterized by a rapid turnover or transformation, and is sensitive to land and soil management and environmental conditions. Due to these characteristics, labile SOM pools play an important role in short-term carbon and nitrogen cycling in terrestrial ecosystems and can be used as a sensitive indicator of short- and medium-term changes in soil carbon in response to management practices (Chan, 1997; Whitbread et al., 1998). ii) Particulate organic carbon is the physical portion of SOM smaller than 0.25 mm in size and bigger than 0.053 mm (250 - 53 µ). It is a labile, insoluble intermediate in the SOM continuum from fresh organic materials to humified SOC, ranging from recently added plant and animal debris to partially decomposed organic material. iii) The stable pool, also known as recalcitrant SOM, comprises particles of",FAO,https://www.fao.org/fileadmin/user_upload/agp/icm16.pdf,pdf,23,969
Soil Organic Carbon _40,Soil Health,Soil Organic Carbon Accumulation and Greenhouse Gas Emission Reductions from Conservation Agriculture,"partially decomposed organic material. iii) The stable pool, also known as recalcitrant SOM, comprises particles of less than 0.053 mm (<53 µ) in size. It is the organic matter that has gone through the highest level of transformation, and is incorporated into aggregates, where its further decomposition is protected. It holds moisture 7 Water stable aggregates = Aggregates that can resist air drying and quick submersion in water before sieving. 8 Ageing = Deposition of polysaccharides and other organic cementing agents by microbial activity.",FAO,https://www.fao.org/fileadmin/user_upload/agp/icm16.pdf,pdf,23,547
Soil Organic Carbon _41,Soil Health,Soil Organic Carbon Accumulation and Greenhouse Gas Emission Reductions from Conservation Agriculture,"7 DEFINITIONS Vol. 16–2012 and, thanks to its negative charges that retain cations for plant use, it acts as a recalcitrant binding agent preventing nutrients and soil components being lost through leaching. Part of the biomass returned to the soil is converted into carbon compounds with a long residence time (i.e. humus and related organo-mineral complexes). This fraction varies depending on the quantity and quality of the biomass. In an ecosystem at steady-state, production of plant residues will be balanced by the return of dead plant material to the soil: above- ground residues are left on the surface to decompose, or a portion may be transported or mixed into the soil by the activity of soil fauna, while roots and root exudates enter the soil directly. For example, in a native prairie in its natural state more than 23 percent of plant production is accumulated in the SOC (Batjes and Sombroek, 1997), whereas in agricultural systems the",FAO,https://www.fao.org/fileadmin/user_upload/agp/icm16.pdf,pdf,23,953
Soil Organic Carbon _42,Soil Health,Soil Organic Carbon Accumulation and Greenhouse Gas Emission Reductions from Conservation Agriculture,"the SOC (Batjes and Sombroek, 1997), whereas in agricultural systems the conversion rate of the plant residue into SOC varies from 15 to 26 percent (de Moraes Sà and Séguy, 2008). In the short term, it is the management of the easily decomposable SOM and the enhancement of cropping intensity that has the greatest impact on microorganisms, humic substance building, SOC protection and ultimately on carbon sequestration (Varvel, 1994; Potter et al., 1997; Campbell et al., 2001 a, b; Jarecki and Lal, 2003). The carbon fixed in vegetation through photosynthesis is potentially available as a net gain to the soil only when plant residues accumulate in situ and are incorporated in the soil through humification facilitated by macrofauna and microorganisms, as in CA systems. In contrast, when the separation of plant residues from the harvestable components and their transport from fields is done by the use of",FAO,https://www.fao.org/fileadmin/user_upload/agp/icm16.pdf,pdf,23,912
Soil Organic Carbon _43,Soil Health,Soil Organic Carbon Accumulation and Greenhouse Gas Emission Reductions from Conservation Agriculture,"harvestable components and their transport from fields is done by the use of machines, the energy cost and CO 2 released by fossil fuel combustion would need to be calculated. Beyond agronomic management, the direction and rate of change in SOC content is also determined by the following factors: i) the crop rotation pattern, ii) the input rates of organic matter, iii) the chemical composition of organic matter inputs, iv) the soil type and texture (hence by the degree of protection or bonding of the stable carbon fraction within the soil), v) the previous land use, vi) the climatic conditions, vii) the high variability of SOC values between the sampling locations in the same field (sometimes higher than the measured increase/decrease) which requires subsequent sampling to be repeated at the same spots over time to eliminate any factor of spatial variability (Campbell et al., 1996a; Larney et al., 1997; Paustian et al., 1997; Balesdent et al., 2000).",FAO,https://www.fao.org/fileadmin/user_upload/agp/icm16.pdf,pdf,23,964
Soil Organic Carbon _44,Soil Health,Soil Organic Carbon Accumulation and Greenhouse Gas Emission Reductions from Conservation Agriculture,"to eliminate any factor of spatial variability (Campbell et al., 1996a; Larney et al., 1997; Paustian et al., 1997; Balesdent et al., 2000). This means that the rate of increase in SOC stock after adoption of improved management practices follows a sigmoid curve: it attains a maximum level of sequestration rates in 5 - 20 years (Cole et al., 1993; Nyborg et al.,",FAO,https://www.fao.org/fileadmin/user_upload/agp/icm16.pdf,pdf,23,364
Soil Organic Carbon _45,Soil Health,Soil Organic Carbon Accumulation and Greenhouse Gas Emission Reductions from Conservation Agriculture,"8 SOIL ORGANIC CARBON ACCUMULATION AND GREENHOUSE GAS EMISSION REDUCTIONS FROM CONSERVATION AGRICULTURE Integrated Crop Management 1995; Solberg et al., 1997; Campbell et al., 1998; Dormaar and Carefoot, 1998; Duiker and Lal, 2000; Lal, 2004) and continues at decreasing rates until SOC stocks reach a new equilibrium (IPCC, 2007). Therefore, in the short term an exponential relationship between application and accumulation of SOM can be expected, until a saturation point, mainly determined by soil texture and by the chemical composition of SOM, is reached (Jacinthe et al., 2002; Six et al. 2002a). In the long term, more important than agronomic management is the ratio of the current SOC level to the steady-state level. Soil carbon sink capacity increases most rapidly soon after a carbon-enhancing change in land management has been implemented, and reduces with time as the stable SOC stock approaches a new equilibrium (Johnson et al., 1995; Freibauer et al.,",FAO,https://www.fao.org/fileadmin/user_upload/agp/icm16.pdf,pdf,23,970
Soil Organic Carbon _46,Soil Health,Soil Organic Carbon Accumulation and Greenhouse Gas Emission Reductions from Conservation Agriculture,"stock approaches a new equilibrium (Johnson et al., 1995; Freibauer et al., 2004; Smith, 2004). This means that the SOC sequestration rate is potentially greatest in soils that have lost the most carbon relative to their steady state, and that when SOC is already close to a maximum steady-state level SOC gains under a management enhancement are lower. For example, when land has been recently converted from grassland or forest to cropland, SOC levels are more likely to decline under whatever management regime because the system is still moving towards a new steady-state. 2.2 CONSERVATION AGRICULTURE FOR CARBON STORAGE IN CROPLAND FAO uses the following definition of CA (Seguy, 2009) “a resource-saving agricultural production system that aims to achieve production intensification and high yields while enhancing the natural resource base through compliance with three interrelated principles, along with other good production practices of plant",FAO,https://www.fao.org/fileadmin/user_upload/agp/icm16.pdf,pdf,23,953
Soil Organic Carbon _47,Soil Health,Soil Organic Carbon Accumulation and Greenhouse Gas Emission Reductions from Conservation Agriculture,"with three interrelated principles, along with other good production practices of plant nutrition and pest management. These are: minimum mechanical soil disturbance with direct seeding; permanent soil organic cover with crop residues 9 and/or cover crops to the extent allowed by water availability; and species diversification through varied crop associations and/or rotations (involving annual and/or perennial crops including trees)”. The reason for these three criteria is that the CA fundament, similar to that of most stable natural ecosystems, is the permanent and total protection of the soil through species diversity. In order to keep a protective layer of vegetation on the soil surface, soil should not be mechanically disturbed other than for the purpose of placing seed or fertilizer. Ideally 100 percent of the surface should be kept covered, but in some cases the surface covered on the sowing row can be as low as 3 - 10 percent, depending on the equipment used and",FAO,https://www.fao.org/fileadmin/user_upload/agp/icm16.pdf,pdf,23,983
Soil Organic Carbon _48,Soil Health,Soil Organic Carbon Accumulation and Greenhouse Gas Emission Reductions from Conservation Agriculture,"row can be as low as 3 - 10 percent, depending on the equipment used and Conservation Agriculture is a production system based on three principles: minimum mechanical soil disturbance, permanent soil organic cover, varied crop rotations. 9 Crop residues = Crop residues include any biomass left in the field after the principal economic components of the crop have been harvested.",FAO,https://www.fao.org/fileadmin/user_upload/agp/icm16.pdf,pdf,23,380
Soil Organic Carbon _49,Soil Health,Soil Organic Carbon Accumulation and Greenhouse Gas Emission Reductions from Conservation Agriculture,"9 DEFINITIONS Vol. 16–2012 the quantity and quality of crop residues available. From the perspective of SOC accumulation in CA systems, a well-designed crop rotation guarantees the permanent presence of abundant, undisturbed (above- and below-ground) biomass to foster the build-up of new SOC (Stagnari et al., 2009). At the same time, carbon losses by decomposition are reduced by SOC inclusion within soil aggregates, as enhanced by the low soil disturbance (de Moraes Sà et al., 2001). The following is a description of the main purposes for the three above- mentioned CA pillars: i) Producing abundant above- and below-ground biomass to protect the soil. The physical protection of the soil from weather is particularly relevant during the dry season. It reduces soil and nutrient erosion (hence improves soil productivity), water evaporation, temperature fluctuations, surface sealing and crusting (Tebrügge and During, 1999). Moreover, including",FAO,https://www.fao.org/fileadmin/user_upload/agp/icm16.pdf,pdf,23,951
Soil Organic Carbon _50,Soil Health,Soil Organic Carbon Accumulation and Greenhouse Gas Emission Reductions from Conservation Agriculture,"soil productivity), water evaporation, temperature fluctuations, surface sealing and crusting (Tebrügge and During, 1999). Moreover, including crops that have strong roots helps break compaction horizons and keeps them open. Finally, due to their adhesion properties, organic materials, such as bacterial waste products, organic gels, fungal hyphae, worm secretions and casts, contribute to soil aggregate formation and stability (FAO, 2005b). Aggregate preservation is important in general, and particularly in lateritic soils with high iron and aluminium, as aggregates provide the necessary structural protection to soil carbon. When aggregates become disrupted, the microbiota (mostly bacteria and fungi) start consuming the youngest carbon pool and along with it the major (i.e. temporary and transient) binding agents are lost, causing the soil to be dispersed. When macropores are disrupted the remaining recalcitrant carbon bonds with",FAO,https://www.fao.org/fileadmin/user_upload/agp/icm16.pdf,pdf,23,942
Soil Organic Carbon _51,Soil Health,Soil Organic Carbon Accumulation and Greenhouse Gas Emission Reductions from Conservation Agriculture,"transient) binding agents are lost, causing the soil to be dispersed. When macropores are disrupted the remaining recalcitrant carbon bonds with soil cations and so creates cohesion forces that cause soil compaction (Verhulst et al., 2010). ii) Balancing the C/N ratio over the crop rotation by rotating between cereals (high in carbon) and legumes (high in nitrogen). This means that the cropping pattern should provide enough nitrogen along with structural carbohydrates (e.g. lignin) in order for nitrogen from decaying surface residues to be released slowly and serve as a source for the following crop (Huggins et al., 1998; Gregorich et al., 2001; Gál et al., 2007). A high concentration of slowly decomposable crop residues alone will decrease the rate of decomposition and cause temporary soil nitrogen immobilisation, whereas residues with a low carbon - nitrogen (C/N) ratio (such as legumes) alone improve nitrogen availability but are decomposed",FAO,https://www.fao.org/fileadmin/user_upload/agp/icm16.pdf,pdf,23,957
Soil Organic Carbon _52,Soil Health,Soil Organic Carbon Accumulation and Greenhouse Gas Emission Reductions from Conservation Agriculture,"immobilisation, whereas residues with a low carbon - nitrogen (C/N) ratio (such as legumes) alone improve nitrogen availability but are decomposed too quickly to guarantee the necessary soil protection.",FAO,https://www.fao.org/fileadmin/user_upload/agp/icm16.pdf,pdf,23,202
Soil Organic Carbon _53,Soil Health,Soil Organic Carbon Accumulation and Greenhouse Gas Emission Reductions from Conservation Agriculture,"10 SOIL ORGANIC CARBON ACCUMULATION AND GREENHOUSE GAS EMISSION REDUCTIONS FROM CONSERVATION AGRICULTURE Integrated Crop Management iii) Keep “soil biological infrastructure” 10 active. The vertical structuring of the living component of a soil, the soil food web, is complex and has different compositions of flora and fauna in different ecosystems. Agricultural systems should be adopted that preserve all complex biological networks and interactions among roots, fungi, other microflora, micro- and macrofauna, and accommodate an exponential increase of carbon accumulation in the soil. As soon as soil carbon accumulation reduces, the crop sequence should be replaced by a new, more intensive one to increase the return of fresh organic matter in time and space. In CA systems intensive crop rotations 11 are an essential component to provide abundant, varied organic matter (i.e. nutrients, and hence substrate, rich in",FAO,https://www.fao.org/fileadmin/user_upload/agp/icm16.pdf,pdf,23,924
Soil Organic Carbon _54,Soil Health,Soil Organic Carbon Accumulation and Greenhouse Gas Emission Reductions from Conservation Agriculture,"abundant, varied organic matter (i.e. nutrients, and hence substrate, rich in carbohydrates and nitrogen) to keep soil biota active, foster diversity of their genera and species, and enhance their functional roles. iv) Control weeds, pests and diseases. A diversified rotation of complementary plants is a relevant phytosanitary strategy. In general, the greater the number and the higher the diversity of crops and genera involved in a rotation, the higher the biodiversity and the greater the potential for biological control of pathogens, insect pests and weeds, through cutting the build-up of inocula or populations (Vilela et al., 2004). In addition, crop residues that remain on the soil surface produce a protective layer of mulch that acts as a barrier for weed emergence. Furthermore, some cover crops may also be introduced that have allelopathic effect on weeds (Séguy",FAO,https://www.fao.org/fileadmin/user_upload/agp/icm16.pdf,pdf,23,880
Soil Organic Carbon _55,Soil Health,Soil Organic Carbon Accumulation and Greenhouse Gas Emission Reductions from Conservation Agriculture,"mulch that acts as a barrier for weed emergence. Furthermore, some cover crops may also be introduced that have allelopathic effect on weeds (Séguy 10 Soil biota = Soil is a complex habitat for diverse biota and predator-prey relationships. Soil organisms, spending all or a portion of their life cycles within the soil or on its immediate surface (including surface litter and decaying logs), make up the diversity of life in the soil and are responsible, to a varying degree depending on the system, for performing a range of processes important for soil health and fertility in soils of both natural ecosystems and agricultural systems. A brief description (FAO 2005b) of organisms that are commonly found in the soil, based on the FAO soil bulletin 80, follows. Microorganisms include algae, bacteria, cyanobacteria, fungi, yeasts, myxomycetes, actinomycetes. These are able to decompose and transform organic matter into nutrients that are assimilated by",FAO,https://www.fao.org/fileadmin/user_upload/agp/icm16.pdf,pdf,23,959
Soil Organic Carbon _56,Soil Health,Soil Organic Carbon Accumulation and Greenhouse Gas Emission Reductions from Conservation Agriculture,"These are able to decompose and transform organic matter into nutrients that are assimilated by plants. Their populations are very sensitive to depth and are highly disrupted by mechanical soil disturbance. Likewise, various members of the microfauna (such as collembola, mites, nematodes and protozoa) generally live in the soil water films and feed on microflora, plant roots, other microfauna and sometimes larger organisms, and are therefore important to release nutrients immobilized by soil microorganisms. Mesofauna includes mainly microarthropods feeding on organic materials, microflora, microfauna and other invertebrates. Macrofauna species are visible to the naked eye and include vertebrates and invertebrates (such as snails, earthworms, soil arthropods) that feed in or upon the soil, the surface litter and their components. In both natural and agricultural systems, soil macrofauna are important regulators of decomposition, nutrient cycling, soil organic",FAO,https://www.fao.org/fileadmin/user_upload/agp/icm16.pdf,pdf,23,972
Soil Organic Carbon _57,Soil Health,Soil Organic Carbon Accumulation and Greenhouse Gas Emission Reductions from Conservation Agriculture,"systems, soil macrofauna are important regulators of decomposition, nutrient cycling, soil organic matter dynamics and pathways of water movement as a consequence of their feeding and burrowing activities, such that leaf litter and other materials become buried, eventually migrating slowly to the base of the A horizon (the definition is given along with that of O horizons). 11 Intensive crop rotation = Crop rotation characterized by high species density in space and in time that produce high amounts of crop residues, and maintain the soil surface permanently covered to “close the window” between the wet and the dry season.",FAO,https://www.fao.org/fileadmin/user_upload/agp/icm16.pdf,pdf,23,630
Soil Organic Carbon _58,Soil Health,Soil Organic Carbon Accumulation and Greenhouse Gas Emission Reductions from Conservation Agriculture,"11 DEFINITIONS Vol. 16–2012 et al., 1999) and specific pests can best be controlled by intercropping species that act as physical barriers, that attract antagonists or that exude suppressant or repellent chemicals. Additional complementary CA functions come free of additional costs (apart from the opportunity cost of the crop residues). A brief overview of these follows: v) Economic sustainability. Crop diversification is a criterion recommended for economic stability and sustainability. A direct correlation between the amount of crop residue and the yield of the following crop was shown by Séguy and Bouzinac (2002), although for good soil and crop management, a varied crop succession should be integrated with fertilizer application to return to the soil the nutrients removed by the harvested crop products. vi) Soil nutrients. The organic matter accumulation-mineralization cycle is the functional engine of CA, as it helps to restore and maintain soil fertility",FAO,https://www.fao.org/fileadmin/user_upload/agp/icm16.pdf,pdf,23,974
Soil Organic Carbon _59,Soil Health,Soil Organic Carbon Accumulation and Greenhouse Gas Emission Reductions from Conservation Agriculture,"functional engine of CA, as it helps to restore and maintain soil fertility and to reduce soil erosion. Organic matter causes the active fraction of SOM and binding agents to increase. As a result, aggregation (which offers structural protection from oxidization to less stable SOM) and stability of soil structure 12 both increase (Hernanz et al., 2002). When the organic matter is degraded and enters the stable pool (<53 µ), the large negative charge developed by the humus (which is highly recalcitrant with respect to biodegradation) increases and so does the cation exchange capacity. For these reasons soil aggregate size distribution can be used as a synthetic indicator of the potential of a cropping system to rebuild soil quality (Tran Quoc H. et al., 2008a). vii) Soil moisture. Generally, soil protected by a superficial layer of organic matter improves the capture and the use of rainfall through increased",FAO,https://www.fao.org/fileadmin/user_upload/agp/icm16.pdf,pdf,23,920
Soil Organic Carbon _60,Soil Health,Soil Organic Carbon Accumulation and Greenhouse Gas Emission Reductions from Conservation Agriculture,"matter improves the capture and the use of rainfall through increased water absorption and infiltration and decreased evaporation from the soil surface. This leads to reduced runoff and soil erosion and higher soil moisture throughout the season compared to disturbed soils left unprotected (Kronen, 1994; Duiker and Lal, 2000; Post and Kwon, 2000; Knowles and Singh, 2003; Baker, 2007; Bationo et al., 2007). This is due to three separate processes. First, SOM plays a major role in absorbing water at low moisture potentials. Second, soil protection through organic matter and the higher presence of large water-stable soil aggregates enhances resistance against water and wind erosion (Puget et al., 1995; Balabane et al., 2005). Third, water infiltration rate is a function of the initial water content and of soil porosity. Porosity and its distribution down the profile in turn depend on soil texture and structure, aggregate stability, SOM",FAO,https://www.fao.org/fileadmin/user_upload/agp/icm16.pdf,pdf,23,946
Soil Organic Carbon _61,Soil Health,Soil Organic Carbon Accumulation and Greenhouse Gas Emission Reductions from Conservation Agriculture,"content and of soil porosity. Porosity and its distribution down the profile in turn depend on soil texture and structure, aggregate stability, SOM content and therefore on the type, shape and size of soil structural units; 12 Soil structure = Arrangement of primary soil particles into secondary units (i.e. peds), which in turn are characterized on the basis of size, shape and grade. The arrangement of solids and voids existing at a given time determines structural form, the ability to retain this arrangement under different stresses determines structural stability, and the capacity of the soil to recover structure or stability after a stress is removed is called resiliency (Kay, 1990).",FAO,https://www.fao.org/fileadmin/user_upload/agp/icm16.pdf,pdf,23,695
Soil Organic Carbon _62,Soil Health,Soil Organic Carbon Accumulation and Greenhouse Gas Emission Reductions from Conservation Agriculture,"12 SOIL ORGANIC CARBON ACCUMULATION AND GREENHOUSE GAS EMISSION REDUCTIONS FROM CONSERVATION AGRICULTURE Integrated Crop Management the presence of channels created by roots, meso- and macrofauna also play a role. In low clay soils, organic matter is the main stabilizer of soil aggregates and pores as neither silt nor sand have cohesive (i.e. plastic) properties. viii) Substrate for soil functional biodiversity. Absorption and accumulation of carbon is favoured by ecosystems with high biodiversity. And the enhancement of the rotation complexity (i.e. changing from monoculture and crop-fallow to continuous rotation cropping, or increasing the number of crops of different families in a rotation system) results in higher SOC sequestration rates (Rasmussen et al., 1980; Duiker and Lal, 1999; Clapp et al., 2000; West and Post, 2002; Corbeels et al. 2006). Roots play a crucial role in the soil ecosystem by providing the substrate",FAO,https://www.fao.org/fileadmin/user_upload/agp/icm16.pdf,pdf,23,937
Soil Organic Carbon _63,Soil Health,Soil Organic Carbon Accumulation and Greenhouse Gas Emission Reductions from Conservation Agriculture,"Roots play a crucial role in the soil ecosystem by providing the substrate for energy to the edaphon of different soil strata and so boost soil biodiversity (increase in number and type of soil biota). Inputs from (deep) rooting systems are ideal for taking carbon deep into the soil, where it is less susceptible to oxidation, and can generally maintain soil carbon levels even in warm or semi-arid regions. Decomposition of old rooting systems adds organic matter at depth, while active roots produce exudates and, notably in the case of legumes, favourable mycorrhizal associations which promote a larger microbial population in the rhizosphere and facilitate the binding of aggregates (Rillig and Mummey, 2006). ix) More SOM chemical effects. These include metal complexing, buffering capacity, and adsorption of xenobiotics 13. Further specific functions are also related to the type of cover crops used. For instance, some cover crops",FAO,https://www.fao.org/fileadmin/user_upload/agp/icm16.pdf,pdf,23,940
Soil Organic Carbon _64,Soil Health,Soil Organic Carbon Accumulation and Greenhouse Gas Emission Reductions from Conservation Agriculture,"also related to the type of cover crops used. For instance, some cover crops (such as those of the genera Brachiaria, Cassia, Stylosanthes) help to reduce the acidity of ferralitic soils, others (such as common millet - Panicum miliaceum) recycle potassium, yet others can be specifically used to control invasive weeds (e.g. some species of Sorghum help control Cyperus rotundus) or to detoxify soil polluted by xenobiotics. Species may have multifunctional roles: Crotalaria retusa, for instance, is a nitrogen fixing legume, controls weeds and, since it is non-edible for cattle, can be used by farmers who cannot protect their fields from grazing during the dry season (Séguy, 2003). The long term experiments of Franzluebbers (2008) also show that corresponding to changes in surface SOM, extractable potassium, phosphorus, iron, manganese, copper, zinc are also greatest in cropping systems with minimum soil disturbance, contributing to",FAO,https://www.fao.org/fileadmin/user_upload/agp/icm16.pdf,pdf,23,943
Soil Organic Carbon _65,Soil Health,Soil Organic Carbon Accumulation and Greenhouse Gas Emission Reductions from Conservation Agriculture,"potassium, phosphorus, iron, manganese, copper, zinc are also greatest in cropping systems with minimum soil disturbance, contributing to enhanced soil fertility and maintenance of yield. x) Off-site functions. Most important is the reduction of GHG emissions and that of sediment load in water bodies (Bassi, 2000) relative to disturbed and unprotected soils, especially in regions with steep slopes in combination with high rainfall intensities where soils are prone to produce surface runoff. 13 Xenobiotic = Chemical compound which is found in a living organism but which is foreign to it.",FAO,https://www.fao.org/fileadmin/user_upload/agp/icm16.pdf,pdf,23,593
Soil Organic Carbon _66,Soil Health,Soil Organic Carbon Accumulation and Greenhouse Gas Emission Reductions from Conservation Agriculture,"13Vol. 16–2012 CHAPTER 3 Evidence that CA promotes soil carbon accumulation Many of the factors determining the soil carbon budget 14 are influenced by land management practices. Therefore verifiable estimates on the effect of different management systems on carbon accumulation in agricultural soils are needed. In section 3.1, the relevant literature has been reviewed to identify the most frequent situations in which alleged CA systems are associated with negative SOC accumulation rates. Section 3.2 deals with SOC accumulation in deeper soil layers. In section 3.3, global and regional data are discussed. In section 3.4, the lessons learned on the effect of different management systems on SOC and on the methodology for their evaluation are presented. 3.1 WHERE CA PRINCIPLES AND METHODS ARE NOT FOLLOWED A survey of the literature indicates that when carbon loss or no carbon sequestration are associated with non-traditional farming practices, they are",FAO,https://www.fao.org/fileadmin/user_upload/agp/icm16.pdf,pdf,23,962
Soil Organic Carbon _67,Soil Health,Soil Organic Carbon Accumulation and Greenhouse Gas Emission Reductions from Conservation Agriculture,"sequestration are associated with non-traditional farming practices, they are most frequently a result of: i) soil disturbance, ii) monocropping, iii) specific crop rotations, iv) poor management of crop residues, or v) soil sampling extended deeper than 30 cm. A point by point analysis of these topics follows with the aim of correcting confusion with terminology in the literature. 3.1.1 Soil disturbance No-till (NT) 15 and minimum tillage (MT) 16 production systems are often used in literature as synonyms for CA, and the results achieved under NT and MT are often ascribed to CA. In reality, CA is a broader concept that requires compliance with the simultaneous application of three criteria. Two of them (diversified crop rotations and associations, and permanent soil cover) are discussed later (in sections 3.1.2, 3.1.3 and 3.1.4); the third one 14 Carbon budget = Carbon input versus output at a given time.",FAO,https://www.fao.org/fileadmin/user_upload/agp/icm16.pdf,pdf,23,919
Soil Organic Carbon _68,Soil Health,Soil Organic Carbon Accumulation and Greenhouse Gas Emission Reductions from Conservation Agriculture,"cover) are discussed later (in sections 3.1.2, 3.1.3 and 3.1.4); the third one 14 Carbon budget = Carbon input versus output at a given time. 15 No-till = Agricultural systems where soil-disturbing activities are limited only to those necessary to plant seeds, and place nutrients. Crops are planted directly into a seedbed that has not been tilled since the previous seedbed. 16 Minimum tillage = Agricultural systems based on the minimum soil manipulation necessary for crop production or meeting tillage requirements under the existing soil and climatic conditions; the tillage reduction can be in intensity of tillage, depth of tillage or time involved (number of machinery passes for all tillage operations). In the literature, no carbon accumulates in agricultural soils where CA principles are not followed.",FAO,https://www.fao.org/fileadmin/user_upload/agp/icm16.pdf,pdf,23,814
Soil Organic Carbon _69,Soil Health,Soil Organic Carbon Accumulation and Greenhouse Gas Emission Reductions from Conservation Agriculture,"14 SOIL ORGANIC CARBON ACCUMULATION AND GREENHOUSE GAS EMISSION REDUCTIONS FROM CONSERVATION AGRICULTURE Integrated Crop Management involves minimum mechanical soil disturbance continuously maintained over time. One reason behind this important pillar is that SOC accumulation is a reversible process and any short-term disturbance, in a system which aims to improve carbon status as a long-term management tool, will not achieve significant improvement in SOC accrual (Jarecki and Lal, 2003; Al- Kaisi, 2008). Formation of stable microaggregates within macroaggregates is inhibited under TA, and the periodic cultivation of NT soils undermines biotic and abiotic processes (Six et al., 1998). Grandy et al. (2006) indicated that with even a single tillage event, sequestered soil carbon and years of soil restoration may be lost, and that the damage to the soil life was usually greater than the loss of soil carbon. In general, in tilled soils the mixing of the litter favours",FAO,https://www.fao.org/fileadmin/user_upload/agp/icm16.pdf,pdf,23,978
Soil Organic Carbon _70,Soil Health,Soil Organic Carbon Accumulation and Greenhouse Gas Emission Reductions from Conservation Agriculture,"loss of soil carbon. In general, in tilled soils the mixing of the litter favours bacteria (hence quick degradation processes), while the higher presence of fungi in NT systems (Beare et al., 1992; Beare et al., 1993; Frey et al., 1999; Guggenberger et al., 1999; Drijber et al., 2000) is responsible for a build-up of soil carbon in the form of polymers of melanin and chitin which are relatively stable and resistant to degradation (Stahl et al. 1999; Bailey et al. 2002). Beyond its effect on the oxidative breakdown of SOM through mineralization, tillage has a direct effect on CO 2 exchange between the soil surface and the atmosphere. The mouldboard plough disturbs the greatest soil volume and produces the maximum CO 2 flux, while NT causes the least amount of CO 2 loss, with the amount of CO 2 loss being directly correlated to the disturbed soil volume (Reicosky and Lindstrom, 1993, 1995; Reicosky, 1997, 1998). In",FAO,https://www.fao.org/fileadmin/user_upload/agp/icm16.pdf,pdf,23,926
Soil Organic Carbon _71,Soil Health,Soil Organic Carbon Accumulation and Greenhouse Gas Emission Reductions from Conservation Agriculture,"soil volume (Reicosky and Lindstrom, 1993, 1995; Reicosky, 1997, 1998). In addition, ploughing is a very energy-intensive process that uses energy derived from fuels: on average TA uses up to 80 percent more energy than CA (more details are given in section 4.1). Studies have also identified tillage-induced soil erosion17 as the major cause of the severe soil carbon loss and soil translocation Where CA principles and methods are not followed: • SOIL DISTURBANCE SOC accumulation is a reversible process: with even a single tillage event, sequestered soil carbon and years of soil restoration may be lost. Formation of stable microaggregates within macroaggregates is inhibited under TA. In TA soils the mixing of the litter favours bacteria, hence promotes rapid degradation processes. The plough disturbs the highest soil volume, produces the maximum CO 2 flux and uses the most energy, NT the least. Tillage-induced soil erosion is the major cause of severe soil carbon loss on",FAO,https://www.fao.org/fileadmin/user_upload/agp/icm16.pdf,pdf,23,983
Soil Organic Carbon _72,Soil Health,Soil Organic Carbon Accumulation and Greenhouse Gas Emission Reductions from Conservation Agriculture,"and uses the most energy, NT the least. Tillage-induced soil erosion is the major cause of severe soil carbon loss on upper slope locations of upland landscapes. 17 Tillage erosion = Net downslope translocation of soil by tillage implements, exposing subsoil at the crest while burying soil at the bottom.",FAO,https://www.fao.org/fileadmin/user_upload/agp/icm16.pdf,pdf,23,305
Soil Organic Carbon _73,Soil Health,Soil Organic Carbon Accumulation and Greenhouse Gas Emission Reductions from Conservation Agriculture,"15 EVIDENCE THAT CA PROMOTES SOIL CARBON ACCUMULATION Vol. 16–2012 on convex upper slope positions of cultivated, upland landscapes (Lobb et al., 1995; Lobb and Lindstrom, 1999; Reicosky et al., 2005). 3.1.2 Monocropping Some authors found negative SOC storage rates under repeated monocropping in NT systems (Carter and Kunelius, 1986; Angers et al., 1997; Wanniarachchi et al. , 1999, VandenBygaart et al. , 2003). However, based on the CA definition, monoculture is in itself a reason for exclusion from CA systems, and the negative SOC storage rates should be related to the cropping pattern and not to either the CA system nor to the soil depth sampled. As stated previously, changing from monocropping to a multicrop rotation results in a positive influence on SOC concentration. Several studies comparing SOC concentration under multiple cropping with monocropping systems support this theory (Havlin et al., 1990; Entry et al., 1996; Mitchell et al., 1996;",FAO,https://www.fao.org/fileadmin/user_upload/agp/icm16.pdf,pdf,23,964
Soil Organic Carbon _74,Soil Health,Soil Organic Carbon Accumulation and Greenhouse Gas Emission Reductions from Conservation Agriculture,"this theory (Havlin et al., 1990; Entry et al., 1996; Mitchell et al., 1996; Robinson et al., 1996; Robinson et al., 1996; Buyanovsky and Wagner, 1998; Gregorich et al., 2001; Lopez-Fando and Pardo, 2001). Soil type and climatic conditions are further important determinants and variables that can strongly influence the effects of the cropping pattern on SOC, as shown by the experiments on continuous barley 18 reported in the paper of VandenBygaart et al. (2003). After conversion to NT, Angers et al. (1997) found negative SOC rates in Humic Gleysols (with clay, clay-loam, silt-loam texture) sampled at depths greater than 30 cm; while the experiments of Nyborg et al. (1995) done in other study areas (i.e. on sand loam Melanic Brunisols, loam Gray Luvisol and loam Black Chernozem) showed positive carbon sequestration rates and net carbon differences of CA relative to TA. In the first study area, Gleysols in combination with a mean annual precipitation",FAO,https://www.fao.org/fileadmin/user_upload/agp/icm16.pdf,pdf,23,962
Soil Organic Carbon _75,Soil Health,Soil Organic Carbon Accumulation and Greenhouse Gas Emission Reductions from Conservation Agriculture,"the first study area, Gleysols in combination with a mean annual precipitation of 891 mm and mean annual temperatures of approximately 1°C were not very favourable for any agricultural activities, even less so for monoculture. For their lower mean annual precipitation (547 mm) and comparable mean annual temperatures (2°C), the other study areas seem to be more suitable as croplands and explain the better results achieved. Where CA principles and methods are not followed: • MONOCROPPING IN NT SYSTEMS Monoculture is in itself a reason for exclusion from CA systems. Changing monocropping to a multicrop rotation results in positive influence on SOC concentration. 18 Barley = Hordeum vulgare",FAO,https://www.fao.org/fileadmin/user_upload/agp/icm16.pdf,pdf,23,695
Soil Organic Carbon _76,Soil Health,Soil Organic Carbon Accumulation and Greenhouse Gas Emission Reductions from Conservation Agriculture,"16 SOIL ORGANIC CARBON ACCUMULATION AND GREENHOUSE GAS EMISSION REDUCTIONS FROM CONSERVATION AGRICULTURE Integrated Crop Management 3.1.3 Crop rotations and cover crops that do not allow a positive N balance Different rotations have different potential to promote and support carbon sequestration. In general terms, carbon accumulates in the soil when the nitrogen balance of the crop rotation is positive, i.e. when the input from nitrogen fixation or fertiliser is higher than the nitrogen exported with harvested produce plus the amount lost by leaching or in gaseous forms (Sidiras and Pavan, 1985; Bayer and Mielniczuck, 1997; Boddey, 1997; Alves et al., 2002, 2003, 2006; Sisti et al., 2004; Bayer and Bertol, 1999; de Maria et al., 1999; Amado et al., 1999, 2001; Bayer et al., 2000a, b). Some authors reported negative SOC accumulation rates under CA mainly associated with specific rotations, i.e. with fallow-, barley-, soybean- 19 based rotations.",FAO,https://www.fao.org/fileadmin/user_upload/agp/icm16.pdf,pdf,23,958
Soil Organic Carbon _77,Soil Health,Soil Organic Carbon Accumulation and Greenhouse Gas Emission Reductions from Conservation Agriculture,"associated with specific rotations, i.e. with fallow-, barley-, soybean- 19 based rotations. Fallow-based rotations should not be associated with the concept of CA, and negative rates for SOC accumulation are most likely to reflect high mineralization rates favoured in tilled and bare soils, a theory supported by the higher SOC content achieved under NT after the enhancement of the cropping intensity from fallow (Black and Tanaka, 1997; VandenBygaart et al., 2003; Hernanz et al., 2009; López-Bellido et al., 2010). A barley - wheat - soybean rotation does not seem to allow SOC accumulation (Angers et al., 1997). One reason for this is that barley, as a versatile species, is often cultivated where growing conditions (e.g. climate and soil fertility) are most difficult and less favourable for cereal crops of major commercial importance and hence also for SOC accumulation. More details are given below, where soybean rotations are considered.",FAO,https://www.fao.org/fileadmin/user_upload/agp/icm16.pdf,pdf,23,951
Soil Organic Carbon _78,Soil Health,Soil Organic Carbon Accumulation and Greenhouse Gas Emission Reductions from Conservation Agriculture,"commercial importance and hence also for SOC accumulation. More details are given below, where soybean rotations are considered. Further negative SOC accumulation rates under CA were found in experiments with maize - wheat - soybean (Yang and Kay, 2001; VandenBygaart et al., 2002). Concerns about these conclusions relate firstly to the fact that the experiments are based on too few soil profiles sampled (i.e. one in the case of the research of VandenBygaart) and seem therefore not to be representative. Secondly, no reference is made of the previous land use, which is very relevant information, as mentioned in section 2.2 at point viii. Finally and most importantly, including soybean in the rotation does not seem to be sufficient to enhance SOC accumulation: most of the fixed nitrogen is exported with the grain (Sisti et al., 2004) and, while its residues may improve nitrogen availability, they decompose very quickly, returning too little biomass to the",FAO,https://www.fao.org/fileadmin/user_upload/agp/icm16.pdf,pdf,23,966
Soil Organic Carbon _79,Soil Health,Soil Organic Carbon Accumulation and Greenhouse Gas Emission Reductions from Conservation Agriculture,"availability, they decompose very quickly, returning too little biomass to the soil to get significant SOC accumulation as compared to other legumes. For instance, all the enhancements in crop rotation complexity analysed in the survey of West and Post (2002) resulted in a mean carbon sequestration rate of 0.2 t of carbon ha -1 y-1, with the exception of a change from continuous maize to maize - soybean rotations which resulted in 0.15 t of carbon ha -1 y-1 sequestered. When soybean is the only legume in the rotation, carbon 19 Soybean = Glycine max",FAO,https://www.fao.org/fileadmin/user_upload/agp/icm16.pdf,pdf,23,555
Soil Organic Carbon _80,Soil Health,Soil Organic Carbon Accumulation and Greenhouse Gas Emission Reductions from Conservation Agriculture,"17 EVIDENCE THAT CA PROMOTES SOIL CARBON ACCUMULATION Vol. 16–2012 stocks under CA are comparable to those under TA (Machado and Silva, 2001; Freixo et al., 2002), but when a green-manure crop with high annual above-ground biomass production is included to keep the nitrogen balance of the crop rotation positive, carbon stocks are significantly greater. For example, Diekow et al. (2005) tested the effects of different CA-based crop rotations and different levels of nitrogen fertilizer (N-fertilizer) over 17 years in an Acrisol in southern Brazil. The experiment started after conversion from grassland to TA-cropland and when carbon and nitrogen stocks had decreased under that management system. With the conversion to CA and the establishment of cereal-based cropping systems (i.e. fallow - oat 20 and fallow - maize) without N-fertilizer, additional carbon and nitrogen losses occurred. When N-fertilization was applied in the cereal-based rotations in the CA",FAO,https://www.fao.org/fileadmin/user_upload/agp/icm16.pdf,pdf,23,967
Soil Organic Carbon _81,Soil Health,Soil Organic Carbon Accumulation and Greenhouse Gas Emission Reductions from Conservation Agriculture,"When N-fertilization was applied in the cereal-based rotations in the CA systems, the carbon and nitrogen stocks remained steady with time. However, the conversion to CA and the establishment of legume-based crop rotations (i.e. lablab 21 - maize and pigeon pea 22 - maize) restored the original carbon and nitrogen stocks of native grassland in its natural state in the 0 - 17.5 cm layer, and even surpassed it when the N-fertilizer was applied. Larger relative changes in the 0 - 2.5 cm depth were observed, where the carbon stock was on average 42 percent higher in legume treatments than in grassland soil. Crop rotation is an important agro-ecosystem management practice to preserve and improve agricultural sustainability that can significantly contribute to SOC accrual. Examples of the quantities of residues achievable under different climates and common rotation systems, regardless of agricultural treatment, are provided in Annex 1. SOC quantities achievable in different",FAO,https://www.fao.org/fileadmin/user_upload/agp/icm16.pdf,pdf,23,983
Soil Organic Carbon _82,Soil Health,Soil Organic Carbon Accumulation and Greenhouse Gas Emission Reductions from Conservation Agriculture,"treatment, are provided in Annex 1. SOC quantities achievable in different climates under many common rotation systems are given in Annex 2. A review of the long-term impact on SOC content of different tillage systems under the same crop rotation schemes is given in Annex 3. 3.1.4 Crop residues removal and mixing The availability of sufficient plant residue is often a limit to the amount of carbon accumulated in the soil. In some cases all above-ground production may be removed (harvested or used as livestock feed) or burned, leaving only the root biomass for incorporation into the SOM; in other cases above- and below-ground inputs are mechanically mixed (e.g. by disking or chiseling) into the soil. When this happens, residues decay more rapidly for three main reasons: first, for the direct contact with soil-borne decomposing organisms; second, for the generally favourable soil conditions for microbial",FAO,https://www.fao.org/fileadmin/user_upload/agp/icm16.pdf,pdf,23,915
Soil Organic Carbon _83,Soil Health,Soil Organic Carbon Accumulation and Greenhouse Gas Emission Reductions from Conservation Agriculture,"organisms; second, for the generally favourable soil conditions for microbial decomposition in terms of moisture, nitrogen availability, temperature; and third, for the favourable conditions for microbial activity resulting from tillage in terms of aeration (Magdoff and Weil, 2004). It is interesting to observe 20 Oat = Avena sativa 21 Lablab = Lablab purpureus (L.) Sweet, Dolichos lablab L. 22 Pigeon pea = Cajanus cajan",FAO,https://www.fao.org/fileadmin/user_upload/agp/icm16.pdf,pdf,23,424
Soil Organic Carbon _84,Soil Health,Soil Organic Carbon Accumulation and Greenhouse Gas Emission Reductions from Conservation Agriculture,"18 SOIL ORGANIC CARBON ACCUMULATION AND GREENHOUSE GAS EMISSION REDUCTIONS FROM CONSERVATION AGRICULTURE Integrated Crop Management that the composition of the material incorporated into the soil affects the decay of the SOM present in the soil: mixing readily decomposable carbon (e.g. residues with low C/N ratio, or liquid manure) in the presence of stable SOM generally induces a priming effect 23 and increases CO 2 emissions; in contrast, the composition of crop residues not mixed into the soil does not affect the decay of the SOM present (Chadwick et al., 1998; Flessa and Beese, 2000; Kuzyakov et al., 2000; Chantigny et al., 2001; Bol et al., 2003; Fontaine et al., 2004; Sisti et al., 2004; Fontaine, 2007). In a soil that is not tilled for many years, SOM decomposition in soil surface layers is reduced and causes the active fractions of SOM to increase (Franzluebbers et al., 1995a, b; Stock/f_isch et al., 1999; Tebrügge and During,",FAO,https://www.fao.org/fileadmin/user_upload/agp/icm16.pdf,pdf,23,948
Soil Organic Carbon _85,Soil Health,Soil Organic Carbon Accumulation and Greenhouse Gas Emission Reductions from Conservation Agriculture,"(Franzluebbers et al., 1995a, b; Stock/f_isch et al., 1999; Tebrügge and During, 1999; Horáček et al., 2001). There is a strong linkage between superficial SOM accumulation, the consequent carbon vertical stratification (Hernanz et al., 2002; Moreno et al., 2006), water infiltration, erosion resistance and the conservation of nutrients. Consequently in NT soils the degree of SOC stratification (i.e. the stratification ratio) can be used as an indicator of soil quality. Another indicator to assess the influence of management on functional processes in soils (such as decomposition and nutrient cycling) is soil enzyme activity (Dick, 1994; Karlen et al. 1994; Bandick and Dick 1999; Dilly et al., 2003). Soil enzymes catalyze the innumerable reactions necessary for the life processes of microorganisms in soils, decomposition of organic residues, cycling of nutrients. Bandick and Dick’s experiments (1999) on the effects of",FAO,https://www.fao.org/fileadmin/user_upload/agp/icm16.pdf,pdf,23,930
Soil Organic Carbon _86,Soil Health,Soil Organic Carbon Accumulation and Greenhouse Gas Emission Reductions from Conservation Agriculture,"cycling of nutrients. Bandick and Dick’s experiments (1999) on the effects of field management on soil enzymes (i.e. amidase, amylsulfatase, deaminase, fluorescein diacetate hydrolase, invertase, cellulase and urease) showed that their activities were generally higher in cropping systems where cover crops or organic residues were added. In particular, deaminase was not a good indicator Where CA principles and methods are not followed: • REMOVAL OF CROP RESIDUES Export of soil organic matter and loss of carbon from the system • MIXING OF CROP RESIDUES Residues mixed into the soil decay more rapidly. Mixing readily decomposable carbon in the presence of stable SOM induces a priming effect; the composition of crop residues not mixed does not affect the decay of the native SOM. In a soil not tilled for many years the SOM active fractions increases. Soil enzyme activity is higher in cropping systems with cover crops and/or organic residue cover.",FAO,https://www.fao.org/fileadmin/user_upload/agp/icm16.pdf,pdf,23,954
Soil Organic Carbon _87,Soil Health,Soil Organic Carbon Accumulation and Greenhouse Gas Emission Reductions from Conservation Agriculture,Soil enzyme activity is higher in cropping systems with cover crops and/or organic residue cover. 23 Priming effect = Mobilization by microbial decomposition of stable SOC stimulated by the addition of substrates with readily available energy.,FAO,https://www.fao.org/fileadmin/user_upload/agp/icm16.pdf,pdf,23,243
Soil Organic Carbon _88,Soil Health,Soil Organic Carbon Accumulation and Greenhouse Gas Emission Reductions from Conservation Agriculture,"19 EVIDENCE THAT CA PROMOTES SOIL CARBON ACCUMULATION Vol. 16–2012 of soil quality, while ß-glucosidase proved to better reflect soil management effects. Kandeler et al. (1999) found that in the top 10 cm of the soil enzyme activities significantly increased only two years after transition to CA as compared to TA, and after four years nitrogen mineralization in the 20 to 30-cm soil layer was significantly higher under TA. Also the work of Balota et al. (2004) on soil enzyme activity in southern Brazil provided evidence on CA’s role in fostering microbial activity. Under CA, in the 0 - 5 cm soil layer amylase increased by up to 68 percent, cellulase by 90 percent, amylsulfatase by 219 percent, acid phosphatase by 46 percent and alkaline phosphatase by 61 percent. Further analyses in Uzbekistan demonstrated higher protease activity under CA as compared to soils with no residues (Nurbekov, 2008). In conclusion, agricultural systems that rely on permanent organic soil cover",FAO,https://www.fao.org/fileadmin/user_upload/agp/icm16.pdf,pdf,23,984
Soil Organic Carbon _89,Soil Health,Soil Organic Carbon Accumulation and Greenhouse Gas Emission Reductions from Conservation Agriculture,"In conclusion, agricultural systems that rely on permanent organic soil cover and NT to maintain crop residues on the surface layer lead to superficial SOC accumulation, and offer potential benefits in controlling some of the negative environmental effects traditionally associated with agro-ecosystems. 3.2 RHIZODEPOSITS AND SOC ACCUMULATION IN DEEPER SOIL LAYERS There is little consensus in the literature with respect to SOC accumulation under CA relative to TA in deeper soil layers. Some authors recorded lower carbon concentrations under TA compared with CA below the plough layer. For example, Centurion and Demattê (1985) and Corazza et al. (1999), working in the tropical central savannah region of Brazil, found that soil carbon stocks in the surface layer were higher under CA than under TA, but when sampling was extended to 100 cm, the lower carbon content below the plough layer under CA cancelled out all differences between the two management systems.",FAO,https://www.fao.org/fileadmin/user_upload/agp/icm16.pdf,pdf,23,968
Soil Organic Carbon _90,Soil Health,Soil Organic Carbon Accumulation and Greenhouse Gas Emission Reductions from Conservation Agriculture,"was extended to 100 cm, the lower carbon content below the plough layer under CA cancelled out all differences between the two management systems. However, it should be observed that the soil at the site was affected by calcium deficiency, which had not been corrected before the experiment started, and, while this problem is less severe under TA, under CA it might have affected rooting depth and could have reduced carbon accumulation below 30 cm. Another example for lower SOC accumulation under CA is given by Baker et al. (2007): the authors cite the five experiments reviewed by VandenBygaart et al. (2003) where the profile was sampled to a depth greater than 30 cm and a majority of the trials (35/51, i.e. 69 percent) registered less SOC in the NT treatment relative to TA. As a general rule, the carbon concentration in deep soil layers is higher under TA vis-à-vis CA when the carbon-enriched top",FAO,https://www.fao.org/fileadmin/user_upload/agp/icm16.pdf,pdf,23,908
Soil Organic Carbon _91,Soil Health,Soil Organic Carbon Accumulation and Greenhouse Gas Emission Reductions from Conservation Agriculture,"soil layers is higher under TA vis-à-vis CA when the carbon-enriched top layer (through fertilization) is inverted and all labile carbon is transferred from the surface to deeper layers (Baker et al., 2007). However, in this way the recalcitrant carbon from deeper layers becomes exposed to rapid oxidation and mineralization at the soil surface; this effect occurs even more rapidly when discs are used after ploughing to disaggregate the surface layer. In addition, SOC accumulation achieved with deeper fertilization ceases and regresses as soon as the external carbon input is interrupted. In the medium term, the amount of SOC that reaches deeper layers in natural ecosystems is smaller",FAO,https://www.fao.org/fileadmin/user_upload/agp/icm16.pdf,pdf,23,691
Soil Organic Carbon _92,Soil Health,Soil Organic Carbon Accumulation and Greenhouse Gas Emission Reductions from Conservation Agriculture,"20 SOIL ORGANIC CARBON ACCUMULATION AND GREENHOUSE GAS EMISSION REDUCTIONS FROM CONSERVATION AGRICULTURE Integrated Crop Management than that added as fertilizer in tilled systems, but if the CA system is sustained in the long run, the depth of the O horizon 24 will increase. Changing the soil composition under the ploughed layer needs time: although the superficial layer (0 - 5 cm) is the most responsive to land management changes, the 0 - 1.5 cm layer (i.e. the active zone) is dispersed and, after transitioning from TA to CA, it will take time for the aggregates to rebuild and for the soil to be restored. An important process that explains the functioning of deep carbon accumulation in CA soils seems to be the translocation of soluble carbon compounds that originate from undisturbed surface residues through the formation of organo-mineral complexes with iron oxides (Eusterhues et al., 2005; Wright et al., 2007). In NT-managed soils, where deeper rooting is",FAO,https://www.fao.org/fileadmin/user_upload/agp/icm16.pdf,pdf,23,972
Soil Organic Carbon _93,Soil Health,Soil Organic Carbon Accumulation and Greenhouse Gas Emission Reductions from Conservation Agriculture,"formation of organo-mineral complexes with iron oxides (Eusterhues et al., 2005; Wright et al., 2007). In NT-managed soils, where deeper rooting is facilitated by old root channels and those opened by soil fauna, an alternative or additional explanation for deep carbon accumulation could be that roots, due to their chemical recalcitrance to decomposition, contribute twice the amount of soil carbon (i.e. particulate organic matter) than surface residues (Hussain et al., 1999; Wilts et al., 2004; Johnson et al. 2006). Experiments on the CA potential for SOC accumulation through the whole soil pro/f_ile are presented in Annex 4. 3.3 VARIABLES INFLUENCING SOIL CARBON ACCUMULATION: ANALYZING GLOBAL DATA Various experiments have detected increased SOC and nitrogen levels under CA as compared to TA (Yang and Wander, 1999; Halvorson et al., 2002; West and Marland, 2002; West and Post, 2002; Franzluebbers and Arshad, 1996;",FAO,https://www.fao.org/fileadmin/user_upload/agp/icm16.pdf,pdf,23,927
Soil Organic Carbon _94,Soil Health,Soil Organic Carbon Accumulation and Greenhouse Gas Emission Reductions from Conservation Agriculture,"CA as compared to TA (Yang and Wander, 1999; Halvorson et al., 2002; West and Marland, 2002; West and Post, 2002; Franzluebbers and Arshad, 1996; Wright et al., 2007; Calegari et al., 2008; Chen et al., 2009). Some authors Mechanisms for deep carbon sequestration: In the medium term, carbon concentration in deep soil layers is higher under TA when the carbon-enriched top layer is inverted. • Recalcitrant carbon from deeper layers becomes exposed to rapid mineralization at the surface. • SOC accumulated ceases and regresses as soon as the external carbon input is interrupted. In the long run, in CA systems the depth of the o horizon increases. • Soluble carbon compounds are translocated from surface residues. • Roots, due to their chemical recalcitrance, contribute twice as much carbon as surface residues. 24 O horizon = Soil layer with a high percentage of organic matter that is sometimes present covering",FAO,https://www.fao.org/fileadmin/user_upload/agp/icm16.pdf,pdf,23,918
Soil Organic Carbon _95,Soil Health,Soil Organic Carbon Accumulation and Greenhouse Gas Emission Reductions from Conservation Agriculture,surface residues. 24 O horizon = Soil layer with a high percentage of organic matter that is sometimes present covering the upper mineral horizon designated as A horizon. This latter is the horizon where organic material mixes with inorganic products of weathering.,FAO,https://www.fao.org/fileadmin/user_upload/agp/icm16.pdf,pdf,23,265
Soil Organic Carbon _96,Soil Health,Soil Organic Carbon Accumulation and Greenhouse Gas Emission Reductions from Conservation Agriculture,"21 EVIDENCE THAT CA PROMOTES SOIL CARBON ACCUMULATION Vol. 16–2012 also show that the conversion from TA to CA promotes SOC accumulation (Phillips et al., 1993; Lee et al., 1993; Kern and Johnson, 1993; Lal, 1997; Franzluebbers, 2005). Others, however, conclude that CA does not have a positive effect on carbon sequestration in agricultural soils (Baker et al., 2007; Blanco-Canqui and Lal, 2008). This section gives an overview of the most important measures that should be taken into account when setting up experiments and elaborating data in order to correctly assess the SOC accumulation potentials of different management systems, and aims at disproving conceptual flaws. Prudence should be used when trying to summarize global features, as it is the case for instance for West and Post (2002) and the Conservation Agriculture Carbon Offset Consultation held in the USA in 2008. The first, comparing data from 276 paired treatments worldwide, estimate that",FAO,https://www.fao.org/fileadmin/user_upload/agp/icm16.pdf,pdf,23,963
Soil Organic Carbon _97,Soil Health,Soil Organic Carbon Accumulation and Greenhouse Gas Emission Reductions from Conservation Agriculture,"Agriculture Carbon Offset Consultation held in the USA in 2008. The first, comparing data from 276 paired treatments worldwide, estimate that a change from TA to CA can on average sequester SOC at a maximum rate of 0.57 t of carbon ha -1 y -1. The soil carbon sequestration rate reported by the Conservation Agriculture Carbon Offset Consultation is 1.8 t ha -1 y -1 in the first ten years of adoption of CA. The carbon sequestration potential of any soil, for the carbon pools considered, depends on many variables. Therefore, when addressing carbon sequestration, rates should always refer to specific carbon pools, as each carbon category has a very different turnover rate. For instance, carbon accumulated in the first ten years is young and highly oxidizable. In addition, in order to assess the effects of management practices on soils, it is necessary to have some reference base for the same soil types under the same climatic conditions. Undisturbed soils under natural",FAO,https://www.fao.org/fileadmin/user_upload/agp/icm16.pdf,pdf,23,979
Soil Organic Carbon _98,Soil Health,Soil Organic Carbon Accumulation and Greenhouse Gas Emission Reductions from Conservation Agriculture,"types under the same climatic conditions. Undisturbed soils under natural vegetation should be used as a benchmark and compared to soils disturbed by human activities. Furthermore, data analysis should be carried out, at the most, at the level of agro-ecological zones. As anticipated in section 2.1, the rate of conversion of the carbon content in crop residues into SOM is strongly related to the climate, and rates achieved under different climatic conditions are not directly comparable and should not be aggregated. Therefore, for instance, soil carbon stocks achieved in the subtropics, where mild climate and regular rainfall allow cropping throughout the year, cannot be compared with those relating to continental and sub-continental temperate areas. The potential rate of carbon sequestration will have to be calculated based on the agro-ecological zone, as done for example by West and Marland (2002) and",FAO,https://www.fao.org/fileadmin/user_upload/agp/icm16.pdf,pdf,23,915
Soil Organic Carbon _99,Soil Health,Soil Organic Carbon Accumulation and Greenhouse Gas Emission Reductions from Conservation Agriculture,"agro-ecological zone, as done for example by West and Marland (2002) and Calegari et al. (2008) for CA and by de Moraes Sà and Séguy (2008) for TA. The first authors, analyzing 76 long-term experiments in the USA, reported a potential rate of carbon sequestration of 0.34 t of carbon ha -1y-1; the second based on experiments of 19 years to report a rate of 1.24 t of carbon ha-1y-1 for southern Brazil. While under TA, 100 percent of the organic matter from crop residues and, in the cases described in section 3.1.4, also part of the carbon stored in the soil is lost as CO 2.",FAO,https://www.fao.org/fileadmin/user_upload/agp/icm16.pdf,pdf,23,578
Soil Organic Carbon _100,Soil Health,Soil Organic Carbon Accumulation and Greenhouse Gas Emission Reductions from Conservation Agriculture,22 SOIL ORGANIC CARBON ACCUMULATION AND GREENHOUSE GAS EMISSION REDUCTIONS FROM CONSERVATION AGRICULTURE Integrated Crop Management FIGURE 1 Map of Thermal Climates and Moisture Regimes,FAO,https://www.fao.org/fileadmin/user_upload/agp/icm16.pdf,pdf,24,185
Soil Organic Carbon _101,Soil Health,Soil Organic Carbon Accumulation and Greenhouse Gas Emission Reductions from Conservation Agriculture,"23 EVIDENCE THAT CA PROMOTES SOIL CARBON ACCUMULATION Vol. 16–2012 Some considerations on CA performance in different climatic and moisture regimes (Figure 1) are given in the next sections: tropical and subtropical humid and subhumid zones are commented on in section 3.3.1; tropical and subtropical semi-arid zones in section 3.3.2; and temperate zones in section 3.3.3. The classification adopted here is based on the thermal-climatic zones according to the Global Agro-Ecological Zones (IIASA/FAO, 2010). These have been modified as follows: i) tropical lowlands and highlands have been merged into the tropics class; ii) temperate oceanic, sub-continental and continental zones have been merged into the temperate class; iii) subtropics with low rainfall have been reallocated under subtropics with either summer or winter rainfall. Each climatic zone has then been divided into three moisture regimes: the humid and subhumid one is characterised by values of",FAO,https://www.fao.org/fileadmin/user_upload/agp/icm16.pdf,pdf,24,964
Soil Organic Carbon _102,Soil Health,Soil Organic Carbon Accumulation and Greenhouse Gas Emission Reductions from Conservation Agriculture,"or winter rainfall. Each climatic zone has then been divided into three moisture regimes: the humid and subhumid one is characterised by values of aridity index above 0.50 (FAO, 2009b), the semiarid regime is characterised by values of aridity index from 0.50 through 0.20 and the arid regime presents aridity index values below 0.20. 3.3.1 Subhumid and humid tropical and subtropical zones Most common tropical and subtropical soils have a mixed mineralogy. With respect to less weathered soils (e.g. soils dominated by 2:1 clays), they are characterized by: i) the capacity to form aggregates more independently from organic matter inputs, and ii) by the higher aggregate stability at a certain carbon content. Such capacities of soils with high content in mineral particles with variable charges are the results of the coexistence of negative and positive charges at prevailing field pH. This allows mineral-mineral binding, in addition",FAO,https://www.fao.org/fileadmin/user_upload/agp/icm16.pdf,pdf,24,939
Soil Organic Carbon _103,Soil Health,Soil Organic Carbon Accumulation and Greenhouse Gas Emission Reductions from Conservation Agriculture,"charges at prevailing field pH. This allows mineral-mineral binding, in addition to organic matter functioning as a binding agent between 2:1 and 1:1 clays (Elustondo et al., 1990). Despite these characteristics, tropical and subtropical soils suffer from low nutrient retention capacity due to the faster turnover of SOM and organic compounds. In fact, edaphon activity is most vigorous under the high moisture and temperature regimes, and needs to be supported with adequate “feed” (substrate) to keep the ratio of the carbon stored to the GHGs released as high as possible (Scopel et al., 2004; Séguy et al., 2006). In addition, 1:1 clays, that are often dominant in tropical and subtropical soils, offer low protective capacity to SOM. In order to alleviate the problem of low nutrient retention capacity, agronomic systems should be adopted that increase the protection of carbon and nitrogen from rapid mineralization. In their review, Six et al. (2002b)",FAO,https://www.fao.org/fileadmin/user_upload/agp/icm16.pdf,pdf,24,960
Soil Organic Carbon _104,Soil Health,Soil Organic Carbon Accumulation and Greenhouse Gas Emission Reductions from Conservation Agriculture,"and nitrogen from rapid mineralization. In their review, Six et al. (2002b) compared CA with TA providing evidence that SOM turnover was slower in CA than in TA soils. More specifically, macroaggregates in CA soils contained on average 1.7 times more microaggregates and 3-times more intra-microaggregate carbon than macroaggregates in TA soils. This means that lower soil disturbance, higher faunal and microbial, particularly fungal, biomass (Doran et al., 1980; Doran et al., 1987; Parmelee et al., 1990) and binding agents in CA systems are efficient tools to protect carbon from microbial activity.",FAO,https://www.fao.org/fileadmin/user_upload/agp/icm16.pdf,pdf,24,603
Soil Organic Carbon _105,Soil Health,Soil Organic Carbon Accumulation and Greenhouse Gas Emission Reductions from Conservation Agriculture,"24 SOIL ORGANIC CARBON ACCUMULATION AND GREENHOUSE GAS EMISSION REDUCTIONS FROM CONSERVATION AGRICULTURE Integrated Crop Management Further major limitations to agricultural production in the subtropics with summer rainfall are steep slopes and, particularly in dissected topographies, low organic matter content. In such areas, several studies testify that the permanent protection of soil is an important measure for erosion control which also reduces the risk of pollution of surface waters with sediment, pesticides and nutrients. For the reasons stated in section 2.2 at point i, to reach environmental and economic sustainability in humid and subhumid tropical and subtropical areas, profitable cropping systems with high adaptation capacity in adverse environments and with high biomass should be developed to keep the soil covered during the dry season and to maintain aggregate stability, favouring plant growth and carbon sequestration (de Moraes Sà et al., 2008). Such",FAO,https://www.fao.org/fileadmin/user_upload/agp/icm16.pdf,pdf,24,979
Soil Organic Carbon _106,Soil Health,Soil Organic Carbon Accumulation and Greenhouse Gas Emission Reductions from Conservation Agriculture,"plant growth and carbon sequestration (de Moraes Sà et al., 2008). Such cropping systems may combine a cash crop during the summer season with intercrops to take advantage of available soil moisture (Hobbs, 2007). Due to their representativeness of an economically relevant area at severe risk of soil degradation, two experiments of Tran Quoc et al. (2008a, b) have been chosen and commented on here. In Sayaboury province, the major site for maize production in Lao PDR, land preparation is mainly based on ploughing, even on slopes of 45 percent, and the main crop under rainfed conditions is monocropped maize. After five years, the authors showed that conversion from maize monoculture with heavy mechanized tillage to a CA-based rotational sequence of maize - rice 25 and maize - Brachiaria ruziziensis led to 50 percent higher maize yields. In addition, climate-induced yield fluctuations, typical of monocrop systems, were evened out and soil physical, chemical and",FAO,https://www.fao.org/fileadmin/user_upload/agp/icm16.pdf,pdf,24,973
Soil Organic Carbon _107,Soil Health,Soil Organic Carbon Accumulation and Greenhouse Gas Emission Reductions from Conservation Agriculture,"typical of monocrop systems, were evened out and soil physical, chemical and biological characteristics were rapidly improved. Total water-stable aggregates were greater under CA conditions due to an increase in large aggregates (from 2 to 8 mm) at each depth. In contrast, the TA system showed a decrease in large aggregates and an increase in medium and small water-stable aggregates (from 0.250 mm to 1 mm). The CA system also showed higher values for soil water-holding capacity (on average 152 mm in the first 30 cm) relative to TA (131 mm) and to the natural ecosystem (137 mm). 3.3.2 Tropical and subtropical semi-arid zones Water scarcity and soils susceptible to erosion and degradation are the ecological constraints to rainfed production in drylands 26 (TAC, 1994). The first is often worsened by unsustainable land use practices (Hassan and Dregne, 1997). In semiarid areas crop residues are often used as a source",FAO,https://www.fao.org/fileadmin/user_upload/agp/icm16.pdf,pdf,24,926
Soil Organic Carbon _108,Soil Health,Soil Organic Carbon Accumulation and Greenhouse Gas Emission Reductions from Conservation Agriculture,"and Dregne, 1997). In semiarid areas crop residues are often used as a source of animal feed (Stewart and Robinson, 1997) and in areas where soil moisture conservation and the maintenance of soil fertility rely on fallow, as in West Asia and in North Africa, on average less than one crop a year is grown on 25 Rice = Oryza sativa 26 Drylands = Areas characterized by lack of water, which constrains their two major interlinked services of primary production and nutrient cycling (FAO, 2005a).",FAO,https://www.fao.org/fileadmin/user_upload/agp/icm16.pdf,pdf,24,493
Soil Organic Carbon _109,Soil Health,Soil Organic Carbon Accumulation and Greenhouse Gas Emission Reductions from Conservation Agriculture,"25 EVIDENCE THAT CA PROMOTES SOIL CARBON ACCUMULATION Vol. 16–2012 rainfed land. Soil tillage and inversion are typically done before the beginning of the rainy season to create short-term macroporosity, which is deemed to be necessary to absorb rain water. However, in the long term, mechanical soil disturbance destabilizes aggregates and hence reduces water infiltration (Sequi, 1989). And, in soils dominated by unstable aggregates, rains have the tendency to disrupt aggregates thus causing pore occlusion, soil crusting and surface runoff. Soil cover combined with reduced mechanical soil disturbance tends to make dryland soils more suitable for agriculture as compared to TA practices, especially where the soil temperature is above the optimum for plant growth. First, affecting soil colour and albedo, surface residues left undisturbed reduce soil temperature. Further, on average the mulch layer helps",FAO,https://www.fao.org/fileadmin/user_upload/agp/icm16.pdf,pdf,24,912
Soil Organic Carbon _110,Soil Health,Soil Organic Carbon Accumulation and Greenhouse Gas Emission Reductions from Conservation Agriculture,"undisturbed reduce soil temperature. Further, on average the mulch layer helps the soil-crop system reduce losses down the profile as described at point vii in section 2.2. For these reasons, in drylands crop management systems should be introduced that guarantee a high accumulation of organic matter (Thiombiano and Meshack, 2009; Silici, 2010). Thierfelder and Wall (2009) studied the effect of CA techniques on soil moisture relations in drylands: on a fine textured soil in Zimbabwe and on a sandy soil in Zambia. In Zimbabwe, the CA treatments had a 49 percent and 45 percent greater infiltration rate than TA in the first 60 cm; in Zambia the same treatment had 57 percent and 87 percent greater soil infiltration rate than the TA control treatment in both seasons. Degraded soils are characterised by low fertility, associated with low levels of organic matter and nitrogen: total SOC in the upper 100 cm of dryland",FAO,https://www.fao.org/fileadmin/user_upload/agp/icm16.pdf,pdf,24,923
Soil Organic Carbon _111,Soil Health,Soil Organic Carbon Accumulation and Greenhouse Gas Emission Reductions from Conservation Agriculture,"of organic matter and nitrogen: total SOC in the upper 100 cm of dryland soils amounts to about 40 t ha -1 (Batjes, 1999). Soil degradation and erosion are particularly insidious processes because they are not readily apparent to farmers until their effects are severe and often irreversible by traditional means (Cleaver and Schreiber, 1994). In the absence of excessive human disturbance, dryland vegetation has good resilience, often recovering rapidly from droughts; but when continuous cropping is practised over the years, soil disturbance and failure to return above-ground plant residues and other required inputs leads to a further reduction in SOC. As general rules, keeping a sufficient amount of live and dead biomass in situ helps to decrease erosion (Tiessen and Cuevas, 1994); and increasing dryland cropping intensity is one of the ways to offset agricultural emissions (Lal et al., 1998b). However, as previously explained,",FAO,https://www.fao.org/fileadmin/user_upload/agp/icm16.pdf,pdf,24,940
Soil Organic Carbon _112,Soil Health,Soil Organic Carbon Accumulation and Greenhouse Gas Emission Reductions from Conservation Agriculture,"agricultural emissions (Lal et al., 1998b). However, as previously explained, the effectiveness of such practices in increasing the carbon input to the soil is influenced by soil management. Examples of the effect of different management practices and residue retention on SOC sequestration in dryland areas follow. The database that Pieri (1995) collected from trials on highly sandy soils in semi-arid regions of Africa showed that TA led to annual average losses of about 5 percent of the organic matter in the upper 15 cm of soil. Long-term experiments of Melero et al. (2009) on a sandy clay loam Entisol and on a clay Vertisol in dryland CA- and TA-based farming systems (in semi-arid south-west Spain) showed the effectiveness of CA in enhancing soil carbon and biological status: contents of labile fractions of the total organic carbon,",FAO,https://www.fao.org/fileadmin/user_upload/agp/icm16.pdf,pdf,24,845
Soil Organic Carbon _113,Soil Health,Soil Organic Carbon Accumulation and Greenhouse Gas Emission Reductions from Conservation Agriculture,"26 SOIL ORGANIC CARBON ACCUMULATION AND GREENHOUSE GAS EMISSION REDUCTIONS FROM CONSERVATION AGRICULTURE Integrated Crop Management microbial biomass carbon, enzymatic activities (i.e. ß-glucosidase and o- diphenol oxidase activity) in the Entisol and in the Vertisol were higher in CA than in TA trials. Ryan (1997) reported that even in the sandy soils in the north of the Syrian Arab Republic modest increases in SOC with NT were possible. Ringius (2002) reported that in western Nigeria CA increased soil carbon by 4.3 t ha -1 y -1. Some experiments also show that reducing mechanical tillage alone is enough to positively affect crop yields. Among these experiments, two are cited here: the one of Rockström et al. (2009) in semi-arid and dry sub-humid east and south Africa, and the simulations of Farage et al. (2007) with CENTURY 4.0 and RothC-26.3 models to investigate the effects on soil carbon stocks of the conversion from TA to NT in dryland farming systems",FAO,https://www.fao.org/fileadmin/user_upload/agp/icm16.pdf,pdf,24,971
Soil Organic Carbon _114,Soil Health,Soil Organic Carbon Accumulation and Greenhouse Gas Emission Reductions from Conservation Agriculture,"with CENTURY 4.0 and RothC-26.3 models to investigate the effects on soil carbon stocks of the conversion from TA to NT in dryland farming systems in Nigeria, Sudan and Argentina. The potential to accumulate carbon in semi-arid regions is large because dryland soils are far from saturation, these regions extend over vast surface areas (more than ½ of the earth’s land area is dryland) (FAO, 2004) and tillage reduction seems to be the most effective strategy for carbon accumulation and crop yield enhancement in hot, dry environments (Batjes and Sombroek, 1997; Buschiazzo et al., 2001). However the effectiveness of the agricultural management system depends on many factors. Some of these are modifiable, such as choosing the right equipment (Choudhary and Baker, 1994) and, where livestock is a key component of the farming system, managing grazing of crop residues to permit soil cover and carbon accumulation. Soil texture, on the contrary, is not changeable and",FAO,https://www.fao.org/fileadmin/user_upload/agp/icm16.pdf,pdf,24,970
Soil Organic Carbon _115,Soil Health,Soil Organic Carbon Accumulation and Greenhouse Gas Emission Reductions from Conservation Agriculture,"and carbon accumulation. Soil texture, on the contrary, is not changeable and determines the degree of organic matter protection. In coarse-textured soils, which usually offer limited protection to organic matter, the organic matter accumulation rate is expected to be lower (Zingore et al. 2005; Chivenge et al. 2006). In highly depleted soils, carbon sequestration has the highest potential, but it is a slower process to start, because the soil microbial population that drives the SOC and nutrient cycles requires specific nutrient ratios which take time to achieve (Stevenson, 1986). 3.3.3 Temperate zones Unlike tropical soils, temperate soils can only rely on biological mechanisms to stabilize carbon. This means that organic matter is the primary binding agent for soil aggregates and that in initial macroaggregate formation low organic matter inputs and losses cannot be compensated for by other factors (Six et al., 2002b).",FAO,https://www.fao.org/fileadmin/user_upload/agp/icm16.pdf,pdf,24,935
Soil Organic Carbon _116,Soil Health,Soil Organic Carbon Accumulation and Greenhouse Gas Emission Reductions from Conservation Agriculture,"organic matter inputs and losses cannot be compensated for by other factors (Six et al., 2002b). In moist temperate areas, soil erosion and degradation risks are often underestimated because their symptoms, such as pollution of air and water, are measured off-farm and remain unseen by farmers. They feel therefore little incentive to change management practices for environmental reasons. Farmers tend to consider environmental issues where these are easy to observe, i.e. mostly only in farms in vulnerable habitats (Evans, 1996). In many cases where",FAO,https://www.fao.org/fileadmin/user_upload/agp/icm16.pdf,pdf,24,552
Soil Organic Carbon _117,Soil Health,Soil Organic Carbon Accumulation and Greenhouse Gas Emission Reductions from Conservation Agriculture,"27 EVIDENCE THAT CA PROMOTES SOIL CARBON ACCUMULATION Vol. 16–2012 the erosion occurs, it is hardly noticeable and its effects on yield reduction are small, unless SOC falls below 1 percent (Holland, 2004; Delgado et al., 2011). In these circumstances farmers are unlikely to be aware of the problem and to take action. Adoption of environmental measures should then be promoted to compensate for non-evident environmental risks and to protect the already scarcely efficient carbon sequestration process of colder climates. In fact, in temperate areas, lower mineralization rates translate into slower transformation of organic matter into SOM. The comparative analysis between CA and TA systems done by Six et al. (2002b) for temperate soils evidenced that the mean residence time of carbon was on average 1.5 times longer in CA than in TA. Long-term measurements of carbon sequestration in agricultural soils in USA (Dick et al., 1998; Lyon, 1998), Germany (Tebrügge and During, 1999)",FAO,https://www.fao.org/fileadmin/user_upload/agp/icm16.pdf,pdf,24,986
Soil Organic Carbon _118,Soil Health,Soil Organic Carbon Accumulation and Greenhouse Gas Emission Reductions from Conservation Agriculture,"Long-term measurements of carbon sequestration in agricultural soils in USA (Dick et al., 1998; Lyon, 1998), Germany (Tebrügge and During, 1999) and Russia (Kolchugina et al., 1995) showed that ploughing can decrease SOC content by 10 - 30 percent in 20 years as compared to NT. In Canadian Prairies that are degraded due to wind erosion, a switch to NT farming in the late 80s led to the disappearance of dust storms. In similar areas where CA has minimal levels of adoption, such as Ukraine and Kazakhstan, degradation problems continue because of intensive tillage. CA seems to have the potential to achieve sequestration rates of 0.25 to 1 t of carbon ha-1 y-1 in humid temperate areas (Lal, 2008b), and in drier temperate areas to increase the productivity from rainfall and therefore to reduce the risk of crop failure (FAO, 2006b; Derpsch and Friedrich, 2009; López-Bellido et al., 2010). 3.4 INFLUENCE OF SOIL AND CROP MANAGEMENT SYSTEMS ON SOC - LESSONS LEARNT",FAO,https://www.fao.org/fileadmin/user_upload/agp/icm16.pdf,pdf,24,969
Soil Organic Carbon _119,Soil Health,Soil Organic Carbon Accumulation and Greenhouse Gas Emission Reductions from Conservation Agriculture,"al., 2010). 3.4 INFLUENCE OF SOIL AND CROP MANAGEMENT SYSTEMS ON SOC - LESSONS LEARNT When assessing the effect of different management systems on SOC, care should be taken that the only variable in the experiment is the management system. Three experiments are considered here as examples of conceptual flaws that should be avoided. Example 1. The study by Blanco-Canqui and Lal (2008) specifically aimed at assessing: i) changes in SOC within the topsoil due to conversion to NT farming; and ii) the depth distribution (0 - 60 cm) of SOC in NT soils compared with TA and natural vegetation (i.e. forest soils). Based on experiments in paired fields under NT and TA at 11 sites (referred to as a major land resource area, i.e. MLRA), in the eastern USA, the authors concluded that NT is beneficial to water and soil conservation, but does not help store more SOC than intensive tillage. According to the authors, the only significant difference",FAO,https://www.fao.org/fileadmin/user_upload/agp/icm16.pdf,pdf,24,945
Soil Organic Carbon _120,Soil Health,Soil Organic Carbon Accumulation and Greenhouse Gas Emission Reductions from Conservation Agriculture,"than intensive tillage. According to the authors, the only significant difference with TA may be that SOC under NT soils is more stable. To enhance SOC sequestration above that achieved with TA they advise manure application, return or occasional burial of crop residues, use of cover crops, complex crop rotations and high biomass producing crops. The first remark on this study",FAO,https://www.fao.org/fileadmin/user_upload/agp/icm16.pdf,pdf,24,379
Soil Organic Carbon _121,Soil Health,Soil Organic Carbon Accumulation and Greenhouse Gas Emission Reductions from Conservation Agriculture,"28 SOIL ORGANIC CARBON ACCUMULATION AND GREENHOUSE GAS EMISSION REDUCTIONS FROM CONSERVATION AGRICULTURE Integrated Crop Management regards the fact that some features of CA and of NT are all indistinctly and erroneously attributed to NT systems. For instance, the authors claim that NT is an important technology for improving soil processes, controlling erosion and conserving water resources. On the contrary, NT alone is not sufficient to achieve water and soil conservation, and much less to consistently promote SOC accumulation. What the authors suggest as improved NT practices for SOC accumulation enhancement coincides with the definition of the CA technology, with, of course, the exception of their recommendation to plough and bury crop residues. CA systems should be regarded as intensive, despite the underlying idea in the paper that intensive farming systems are synonymous with TA. For these reasons, it would have been advisable that",FAO,https://www.fao.org/fileadmin/user_upload/agp/icm16.pdf,pdf,24,952
Soil Organic Carbon _122,Soil Health,Soil Organic Carbon Accumulation and Greenhouse Gas Emission Reductions from Conservation Agriculture,"synonymous with TA. For these reasons, it would have been advisable that the authors compared TA with CA systems rather than with NT ones. The other reason why the results achieved under NT and TA in this experiment are not comparable is that paired fields, although next to each other, and with similar soil and slope conditions, had different cropping systems. For instance, NT maize silage was compared with TA continuous tobacco27 with wheat and rye cover crop. The effect of crop rotations is crucial and cannot be neglected. In this regard it should also be noted that, as discussed in sections 3.1.2 and 3.1.3, neither the eight maize - soybean (- legume/vegetables) rotations analysed in this experiment nor the two continuous silage maize rotations allow positive SOC accumulation. The only cropping system included in the study that had the potential to sequester SOC (i.e. maize - soybean with rye cover crop) returned 50 percent greater SOC concentration on a mass",FAO,https://www.fao.org/fileadmin/user_upload/agp/icm16.pdf,pdf,24,976
Soil Organic Carbon _123,Soil Health,Soil Organic Carbon Accumulation and Greenhouse Gas Emission Reductions from Conservation Agriculture,"rye cover crop) returned 50 percent greater SOC concentration on a mass basis in CA compared with that in TA soils. All this being considered, the generally negative conclusion on NT carbon accumulation potential by Blanco-Canqui and Lal is not surprising. Other authors have also commented on this study. Franzluebbers (2009) observed that Blanco-Canqui and Lal themselves “pointed out the difficulties in interpreting the results of the farm- survey approach undertaken, especially regarding the difference in cropping history of each field site, difference in current crop management system since enrolled in a particular tillage system, difference in type of tillage implements, difference in fertilizer use, and difference in crop residue returned ... [but] the greater concern was the sampling approach, which should have tempered the strength of conclusions. Only one field was sampled within a MLRA, and",FAO,https://www.fao.org/fileadmin/user_upload/agp/icm16.pdf,pdf,24,911
Soil Organic Carbon _124,Soil Health,Soil Organic Carbon Accumulation and Greenhouse Gas Emission Reductions from Conservation Agriculture,"greater concern was the sampling approach, which should have tempered the strength of conclusions. Only one field was sampled within a MLRA, and therefore, conventional statistical analysis should not have been used to assess the effects of management within a MLRA. A more appropriate choice of analysis should have been to use the 11 MLRA sampling locations as replicates for the three management systems. Because multiple fields of a management system within a MLRA were not sampled, then the only valid comparison was of management systems across MLRAs. How management affects SOC within a MLRA (> 1 million ha) should not have been based on three cores within a single field.” “Reasonable conclusions from the study of Blanco and 27 Tobacco = Nicotiana tabacum",FAO,https://www.fao.org/fileadmin/user_upload/agp/icm16.pdf,pdf,24,765
Soil Organic Carbon _125,Soil Health,Soil Organic Carbon Accumulation and Greenhouse Gas Emission Reductions from Conservation Agriculture,"29 EVIDENCE THAT CA PROMOTES SOIL CARBON ACCUMULATION Vol. 16–2012 Lal (2008) should have been limited to: i) SOC storage was greater under NT than under TA only in the surface 10 cm on farmers’ fields in the eastern Corn Belt and ii) greater random variation with increasing soil depth limited the possibility to declare differences in SOC and nitrogen storage between tillage systems.” Example 2. Luo et al. (2010) carried out a meta-analysis on global data from 69 paired experiments to assess the response of SOC under TA and NT and concluded that the latter treatment is not beneficial to increase the total SOC. Seven of the total experiments reviewed by the authors are reported as NT, but they should have more correctly been referred to as CA systems. These are the experiment of Christopher et al. (2009) in the Midwestern of the USA on maize - soybean - wheat, the experiment of Machado et al. (2003) in Brazil,",FAO,https://www.fao.org/fileadmin/user_upload/agp/icm16.pdf,pdf,24,922
Soil Organic Carbon _126,Soil Health,Soil Organic Carbon Accumulation and Greenhouse Gas Emission Reductions from Conservation Agriculture,"on maize - soybean - wheat, the experiment of Machado et al. (2003) in Brazil, those of de Moraes Sá et al. (2001), de Moraes Sá and Lal (2009) and of Sisti et al. (2004) in Brazil. All Brazilian experiments show some form of benefits on SOC through CA, the others do not. Example 3. Govaerts et al. (2009) reviewed 78 papers to analyse the potential impact of CA on carbon sequestration: in 40 cases the soil carbon stock was higher in NT as compared to TA, in 31 cases there was no significant difference, and in seven it was lower. Beyond the general consideration that no mention on residue retention is made, lower SOC under NT is associated with a sorghum monocrop, a soybean monocrop, a maize monocrop, wheat - fallow, wheat - rye and maize - soybean systems, which have all already been discussed as not being conducive to increase SOC.",FAO,https://www.fao.org/fileadmin/user_upload/agp/icm16.pdf,pdf,24,844
Soil Organic Carbon _127,Soil Health,Soil Organic Carbon Accumulation and Greenhouse Gas Emission Reductions from Conservation Agriculture,"31Vol. 16–2012 CHAPTER 4 Is the carbon budget for CA systems higher than for TA systems? Many of the agronomic practices and methods often recommended to increase carbon accumulation in soils contain hidden carbon costs in terms of ancillary GHG emissions. The aim of this chapter is to quantify the carbon footprint of the variables that constitute the CA and TA production cycles. 4.1 MECHANICAL EQUIPMENT In CA systems, the use of machinery is characterized by lower farm power requirements and reduced number of passes across the field relative to TA systems. This translates into lower rates of soil carbon oxidation, smaller tractors and longer tractor life, reduced working time, hence slower depreciation rates of equipment and less fuel consumption per unit area per unit of output (Frye, 1984; FAO, 2001). Table 1 summarizes the relative carbon cost within the production systems analysed based on relevant literature from different",FAO,https://www.fao.org/fileadmin/user_upload/agp/icm16.pdf,pdf,24,942
Soil Organic Carbon _128,Soil Health,Soil Organic Carbon Accumulation and Greenhouse Gas Emission Reductions from Conservation Agriculture,"the production systems analysed based on relevant literature from different authors (Smith et al., 1998; Tebrügge, 2000; FAO, 2001, 2008, 2009a). Among the carbon costs attributable to the use of machinery, the CO 2 efflux from the soil induced by different treatments should be included. Reicosky’s measurements (1997) of CO2 released in different treatments reveal that carbon losses from soil induced by mouldboard ploughing are highest and that losses occurring after sod seeding are lowest. All measurements are given in Table 2 as a percentage of carbon content in the crop residues. TABLE 1 Carbon costs of the variables that intervene in the CA and the TA systems Variables Cost of the variable under CA as compared to TA fuel consumption per unit area per unit output 35 - 80% less number of passes 50 - 54% less size of machinery 50% lower power requirement depreciation rate of machinery 2 - 3 times lower (i.e. 2 - 3 times longer lifetime)",FAO,https://www.fao.org/fileadmin/user_upload/agp/icm16.pdf,pdf,24,951
Soil Organic Carbon _129,Soil Health,Soil Organic Carbon Accumulation and Greenhouse Gas Emission Reductions from Conservation Agriculture,"32 SOIL ORGANIC CARBON ACCUMULATION AND GREENHOUSE GAS EMISSION REDUCTIONS FROM CONSERVATION AGRICULTURE Integrated Crop Management 4.2 FERTILIZATION On soils that have already experienced significant losses of organic matter as a result of tillage, fertilization is often assumed to increase the rate of SOC accumulation. But little is to be found in the literature that provides appropriate estimates of the net carbon sequestration ascribable to the fertilization of agricultural soils. Studies show that fertilizers do not usually generate a net sink for carbon, as their production and application come with a higher carbon cost (Jenkinson, 1990; Paustian et al., 1992; Varvel, 1994; Ismail et al. 1994; Gregorich et al., 1996; Drinkwater et al., 1998; Halvorson et al., 1999; Schlesinger, 2000). Even when N-fertilizers are considered, the direct linear relationship that most often occurs between long-term nitrogen additions and SOC accumulation (Rasmussen",FAO,https://www.fao.org/fileadmin/user_upload/agp/icm16.pdf,pdf,24,964
Soil Organic Carbon _130,Soil Health,Soil Organic Carbon Accumulation and Greenhouse Gas Emission Reductions from Conservation Agriculture,"considered, the direct linear relationship that most often occurs between long-term nitrogen additions and SOC accumulation (Rasmussen and Rohde, 1988) is usually insufficient to balance the emissions associated with the industrial production, transport and application of the fertilizer (Jenkinson, 1990; Paustian et al., 1992; Varvel, 1994; Ismail et al., 1994; Gregorich et al., 1996; Potter et al., 1997; Drinkwater et al., 1998; Halvorson et al., 1999). The need for carbon-expensive N-fertilizers could be reduced over time where strategies that allow lower nutrient losses by leaching are implemented. In fact nitrate leaching from agricultural lands is largely determined by the nitrate content of the soil just before the rainy season starts: between 79 and 98 percent of this does not originate from unused fertiliser applied earlier in the year, but is formed by mineralization of organic nitrogen in the post-",FAO,https://www.fao.org/fileadmin/user_upload/agp/icm16.pdf,pdf,24,921
Soil Organic Carbon _131,Soil Health,Soil Organic Carbon Accumulation and Greenhouse Gas Emission Reductions from Conservation Agriculture,"in the year, but is formed by mineralization of organic nitrogen in the post- harvest season when temperatures are high (Macdonald et al., 1989). One strategy for reducing nutrient leaching is the use of catch crops. Another is the adoption of management practices that favour soil biota: not only do they favour the fast recycling of nutrients (Van Kessel et al., 1994; Drinkwater et al., 1998; Lafond et al., 2008), but they also help to immobilize most residual nitrogen (along with organic carbon) in the soil (Amado and Costa, 2004). However, most important are management practices that favour high residue levels, which act as physical buffers. Finally, according to several TABLE 2 Percentage of carbon in the crop residues released from the soil after different treatments (Reicosky, 1997). Tillage practice Percentage of carbon in the crop residues released as CO2 mouldboard plough 134 mouldboard plough and disc harrow 70 disc harrow 58 chisel plough 54 sod seeding 27",FAO,https://www.fao.org/fileadmin/user_upload/agp/icm16.pdf,pdf,24,980
Soil Organic Carbon _132,Soil Health,Soil Organic Carbon Accumulation and Greenhouse Gas Emission Reductions from Conservation Agriculture,released as CO2 mouldboard plough 134 mouldboard plough and disc harrow 70 disc harrow 58 chisel plough 54 sod seeding 27 The quantity of nitrate leached is a function of the mineralization of organic N in post-harvest.,FAO,https://www.fao.org/fileadmin/user_upload/agp/icm16.pdf,pdf,24,219
Soil Organic Carbon _133,Soil Health,Soil Organic Carbon Accumulation and Greenhouse Gas Emission Reductions from Conservation Agriculture,"33 IS THE CARBON BUDGET FOR CA SYSTEMS HIGHER THAN FOR TA SYSTEMS? Vol. 16–2012 authors part of the N-fertilizer could be replaced by legume nitrogen. For example, the experiments of Christopher and Lal (2007) in the more southerly regions of the USA showed significant nitrogen inputs (in the range from 0.04 to 0.27 t of nitrogen ha -1) from species of vetch 28, clover, pea 29 and white lupin 30, which translate into considerably higher yields for the main crop (Franzluebbers, 2007). The work of Boddey et al. (2009b) in southern Brazil showed that the integration of winter leguminous green-manures (e.g. lupins and hairy vetch 31) into the rotations as the crop before maize 32 can substitute relevant quantities of N-fertilizer. In a study in the Brazilian state do Rio Grande do Sul, Giacomini et al. (2004) found that maize preceded by vetch under CA management yielded a mean of 6.0 t of grain ha -1 y -1 over",FAO,https://www.fao.org/fileadmin/user_upload/agp/icm16.pdf,pdf,24,920
Soil Organic Carbon _134,Soil Health,Soil Organic Carbon Accumulation and Greenhouse Gas Emission Reductions from Conservation Agriculture,"vetch under CA management yielded a mean of 6.0 t of grain ha -1 y -1 over three consecutive years, compared with 4.3 t ha -1 y-1 when preceded by oat or 3.7 t ha -1 y-1 when preceded by spontaneous vegetation (a natural fallow). The yield of maize following a combination of oat (max 30 percent) and vetch (min 70 percent) was 70 percent higher that of the maize with 0.18 t ha-1 y-1 of nitrogen applied as urea following natural fallow. Another study performed under CA management in the same state by Lovato et al. (2004) showed that, when 0.14 t ha -1 y-1 nitrogen was applied to the maize following oat in the rotation, biomass production increased by 92 percent over the treatment without nitrogen; and that the same level of nitrogen fertilization in a vetch-maize system increased biomass production by only 38 percent. This indicates that the legume winter cover crop already supplies most of the nitrogen required by the maize. Despite this evidence, the main obstacles",FAO,https://www.fao.org/fileadmin/user_upload/agp/icm16.pdf,pdf,24,979
Soil Organic Carbon _135,Soil Health,Soil Organic Carbon Accumulation and Greenhouse Gas Emission Reductions from Conservation Agriculture,"the nitrogen required by the maize. Despite this evidence, the main obstacles to planting a nitrogen-fixing legume before the cereal crop that requires the nitrogen are the reluctance by most conventional farmers to integrate cover crops with no direct financial return into their cropping schemes and the lack of time in the agricultural season. In temperate climates the growing season is indeed often limited by low temperatures. These impediments may be overcome by introducing intercropping systems that maintain year-round soil cover. Neither do low temperatures seem to be as serious a problem as is often believed. Drinkwater et al. (2000) reported that hairy vetch planted at the Rodale Institute in Pennsylvania in late August after winter wheat 33 was able to accumulate between 0.14 and 0.22 t of nitrogen ha -1 in the period until early May the next year when maize was planted. In conclusion, if CA practices were extensively adopted, a number of",FAO,https://www.fao.org/fileadmin/user_upload/agp/icm16.pdf,pdf,24,960
Soil Organic Carbon _136,Soil Health,Soil Organic Carbon Accumulation and Greenhouse Gas Emission Reductions from Conservation Agriculture,"early May the next year when maize was planted. In conclusion, if CA practices were extensively adopted, a number of positive externalities would be achieved and GHG emissions, nutrient losses by leaching, contamination of ground water reserves, the need to add readily decomposable carbon (e.g. liquid manure) would be reduced. 28 Vetch = Vicia spp. 29 Pea = Pisum sativum 30 White lupin = Lupinus albus L. 31 Hairy vetch = Vicia villosa L. 32 Maize = Zea mays 33 Winter wheat = Triticum aestivum L.",FAO,https://www.fao.org/fileadmin/user_upload/agp/icm16.pdf,pdf,24,500
Soil Organic Carbon _137,Soil Health,Soil Organic Carbon Accumulation and Greenhouse Gas Emission Reductions from Conservation Agriculture,"34 SOIL ORGANIC CARBON ACCUMULATION AND GREENHOUSE GAS EMISSION REDUCTIONS FROM CONSERVATION AGRICULTURE Integrated Crop Management 4.3 GHG DYNAMICS If the full impact of a change in land management on carbon dynamics is to be evaluated, fluxes of the main GHGs that may alter the CO 2-mitigation potential of soil management practices must be considered. In the next sections the two GHGs CH4 and N2O are considered and special attention is given to the activities responsible for major emissions. CH 4 and N 2O have a similar but greater greenhouse effects than CO 2: CH4 has an approximately 20 times higher global warming potential 34 than CO 2, while N 2O is approximately 310 times more potent than CO 2 (Pisante et al., 2010). For a more complete accounting of potential carbon credits associated with the management of agriculture soils, direct and indirect costs should also be estimated for the production and distribution of pesticides and herbicides.",FAO,https://www.fao.org/fileadmin/user_upload/agp/icm16.pdf,pdf,24,962
Soil Organic Carbon _138,Soil Health,Soil Organic Carbon Accumulation and Greenhouse Gas Emission Reductions from Conservation Agriculture,"estimated for the production and distribution of pesticides and herbicides. However, since pest and weed management systems must be locally devised and can be variable, any broad estimate of their carbon costs would be of little use and is not addressed in this study. In many cases vegetation from cover crops can be crushed with a knife roller and the residues maintained to cover the soil until planting the next crop (Derpsch, 2002). On the other hand, for residues with high nitrogen content (low C/N) that decompose very quickly, desiccant herbicides may be needed to control vegetation before the winter crop. Further analyses in this area are needed. 4.3.1 Methane emissions CH4 flux from soil to atmosphere is the net result of two bacterial processes that are strongly influenced by land use, land management and the type of soil: CH4 production in strictly anoxic micro-environments (methanogenesis) and CH4 consumption and oxidation in aerobic micro-environments by CH4-",FAO,https://www.fao.org/fileadmin/user_upload/agp/icm16.pdf,pdf,24,982
Soil Organic Carbon _139,Soil Health,Soil Organic Carbon Accumulation and Greenhouse Gas Emission Reductions from Conservation Agriculture,"soil: CH4 production in strictly anoxic micro-environments (methanogenesis) and CH4 consumption and oxidation in aerobic micro-environments by CH4- oxidizing bacteria (methanotrophs). Comparative data between CA and TA for CH 4 uptake are lacking and only data from temperate soils were found: Cochran et al., 1997; Hutsch 1998; Kessavalou et al., 1998b; Ball et al., 1999; Robertson et al., 2000. Six et al. (2002b) summarized these data and reported an on average 0.00042 ± 0.0001 t C-CH4·ha–1 y–1 greater CH4 uptake under CA, which they attributed to the higher pore continuity and presence of ecological niches for methanotrophic bacteria in CA compared with TA (Hutsch 2001). Flooded rice fields represent globally one of the main sources of CH 4 (GEIA, 1993) because: i) drainage at the end of the growing season causes the CH4 formed during continuous flooding to be released; ii) the aerenchymal system of the rice plants transport CH 4 from soil to the atmosphere; and",FAO,https://www.fao.org/fileadmin/user_upload/agp/icm16.pdf,pdf,24,977
Soil Organic Carbon _140,Soil Health,Soil Organic Carbon Accumulation and Greenhouse Gas Emission Reductions from Conservation Agriculture,"system of the rice plants transport CH 4 from soil to the atmosphere; and iii) paddy rice accounts for some 160 million ha worldwide, i.e. some 34 Global Warming Potential = Index developed by IPCC to quantify the ability of a gas to trap the infrared radiation (i.e. heat) relative to the ability of the same amount of the CO 2 reference gas to trap heat in a given time horizon. The global warming potential of any gas depends on its radiative forcing and on its lifetime (IPCC, 2007).",FAO,https://www.fao.org/fileadmin/user_upload/agp/icm16.pdf,pdf,24,487
Soil Organic Carbon _141,Soil Health,Soil Organic Carbon Accumulation and Greenhouse Gas Emission Reductions from Conservation Agriculture,"35 IS THE CARBON BUDGET FOR CA SYSTEMS HIGHER THAN FOR TA SYSTEMS? Vol. 16–2012 75 percent of the global rice volume (Maclean et al., 2002). For these reasons, rice production systems are given special attention here below. Rice farmers tend to keep their fields continuously submerged to control weeds, although long-term experiments suggest that continuous puddling 35 for rice destroys soil physical properties and affects both the puddled rice yield and the following crop negatively (FAO, TECA web resource). Water conservation in the paddy is guaranteed by bund construction to prevent run-off and by puddling to create a soil stratum resistant to percolation. New technologies to reduce the use of water and GHG emissions in rice cultivation are now available. One is the Systems of Rice Intensification (SRI), an approach that allows intensification by optimisation of external inputs (i.e. water and seed) relative to the conventional rice production system (Uphoff et al.,",FAO,https://www.fao.org/fileadmin/user_upload/agp/icm16.pdf,pdf,24,982
Soil Organic Carbon _142,Soil Health,Soil Organic Carbon Accumulation and Greenhouse Gas Emission Reductions from Conservation Agriculture,"seed) relative to the conventional rice production system (Uphoff et al., 2009; Uphoff and Kassam, 2010; Kassam et al.¸ 2011; http://sri.ciifad.cornell. edu/index.html) through compliance with the following: i) moist (but well drained and aerated) soil conditions; ii) transplanting rice seedlings at a very young age; iii) wider spacing of plants; iv) use of organic matter (i.e. compost made from any available biomass and manure if available) and chemical inputs; and v) frequent weeding. Another approach is interrupting the flooding: conventional irrigated rice systems with high yielding modern rice cultivars in soils with alternate wetting or drying (AWD) and with high external inputs can achieve medium to high yields (Stoop et al., 2009; Bouman et al., 2005; Yang et al., 2005). However, only timely flooded rice or rainfed lowland rice in flooded fields with periods of non-submergence can help to save water and",FAO,https://www.fao.org/fileadmin/user_upload/agp/icm16.pdf,pdf,24,924
Soil Organic Carbon _143,Soil Health,Soil Organic Carbon Accumulation and Greenhouse Gas Emission Reductions from Conservation Agriculture,"in flooded fields with periods of non-submergence can help to save water and reduce CH4 emissions, but seem to have the potential to increase the release of N2O. Given that irrigated aerobic rice and SRI do not require anaerobic conditions, it would appear that both practices can combine well with CA (Friedrich et al., 2009). Systematic research is required to evaluate and adapt such methods for CA, so that soil puddling can be avoided, transplanting- based systems converted to direct seeding, and weed incidence still kept under control with integrated management practices. This would noticeably reduce the total growing period (Friedrich and Gustafson, 2007) and make further labour, fuel and water saving possible. In addition this approach would not only reduce the CH4, but also the N2O emissions (Salas, 2010). 4.3.2 Nitrous oxide emissions Agriculture, through mineral nitrogen fertilization and its effect on soil",FAO,https://www.fao.org/fileadmin/user_upload/agp/icm16.pdf,pdf,24,927
Soil Organic Carbon _144,Soil Health,Soil Organic Carbon Accumulation and Greenhouse Gas Emission Reductions from Conservation Agriculture,"4.3.2 Nitrous oxide emissions Agriculture, through mineral nitrogen fertilization and its effect on soil structural quality and water content, influences the terrestrial nitrogen cycle and is the main source of N 2O emissions worldwide (Ball et al., 1999). This gas is mainly produced by nitrification under microaerophilic36 soil conditions 35 Puddling = Intensive mixing of soil under wet conditions for rice to create a hard pan, level the soil and remove the soil structure; it can be done by the combination of tractor wheels or animal hooves with tillage implements such as ploughs, rotary cultivators or harrows. 36 Microaerophilic conditions = Aerobic environment with lower levels of oxygen than are present in the atmosphere.",FAO,https://www.fao.org/fileadmin/user_upload/agp/icm16.pdf,pdf,24,735
Soil Organic Carbon _145,Soil Health,Soil Organic Carbon Accumulation and Greenhouse Gas Emission Reductions from Conservation Agriculture,"36 SOIL ORGANIC CARBON ACCUMULATION AND GREENHOUSE GAS EMISSION REDUCTIONS FROM CONSERVATION AGRICULTURE Integrated Crop Management (at values for water-filled pore space from 20 to 80 percent) and through denitrification under anaerobic soil conditions. The latter process is the most important. The main factor controlling the speed of both processes is substrate availability: ammonia in the case of nitrification and oxidized nitrogen forms (nitrates and nitrites) in the case of denitrification processes. Nitrification is also favoured at high temperatures and is inhibited at acid pH values. The main reasons why some authors find that enhancing SOC stock through a shift from TA to CA may also exacerbate emission of N 2O are anoxic environments within the soil in CA systems, substrate availability for microbial degradation (i.e. carbon and nitrogen from crop residues) and tight coupled carbon and nitrogen cycles (Aulakh et al., 1984b; Sexstone et al., 1985;",FAO,https://www.fao.org/fileadmin/user_upload/agp/icm16.pdf,pdf,24,970
Soil Organic Carbon _146,Soil Health,Soil Organic Carbon Accumulation and Greenhouse Gas Emission Reductions from Conservation Agriculture,"coupled carbon and nitrogen cycles (Aulakh et al., 1984b; Sexstone et al., 1985; Mosier et al., 1991; Vinther, 1992; Hojberg et al., 1994; Mackenzie et al., 1998; Robertson, et al., 2000; Six et al., 2004). As for CH 4, the nitrogen pathway in flooded rice fields requires specific mention. In continuously submerged fields, nitrogen is chiefly available as ammonium and is mainly lost through NH3 volatilization (Vlek and Craswell, 1981). Soils allowed to become (temporarily) aerobic will enhance nitrification and if the nitrate is not taken up, it is subject to losses by denitrification (Reddy and Patrick, 1976; Eriksen et al., 1985; Sahrawat and Keeney, 1986). Rice production systems recommended for the reduction of CH 4 emissions are also advisable in these circumstances. In any case, soil compaction is to be avoided by all means, if necessary through controlled traffic systems which keep traffic and any danger of compaction out of the cropping area.",FAO,https://www.fao.org/fileadmin/user_upload/agp/icm16.pdf,pdf,24,964
Soil Organic Carbon _147,Soil Health,Soil Organic Carbon Accumulation and Greenhouse Gas Emission Reductions from Conservation Agriculture,"avoided by all means, if necessary through controlled traffic systems which keep traffic and any danger of compaction out of the cropping area. Beyond rice production, asphyctic soil conditions and hence enhanced N2O emissions for humid and compacted soils would be possible during the transition phase from TA to NT, if structural and drainage problems were not addressed and corrected before or during conversion and if inappropriate cropping systems were put in place. When soils are too heavy and poorly drained, drainage systems should be implemented; when present, plough pans should be broken; cover crops with robust and deep rooting systems should be chosen; varied rotations should be adopted to encourage functional diversity of rhizosphere bacteria populations and favour nitrogen-fixing ones. To achieve emission reductions, improved nitrogen management and well established and sensibly planned CA systems are indispensable, but not",FAO,https://www.fao.org/fileadmin/user_upload/agp/icm16.pdf,pdf,24,946
Soil Organic Carbon _148,Soil Health,Soil Organic Carbon Accumulation and Greenhouse Gas Emission Reductions from Conservation Agriculture,"To achieve emission reductions, improved nitrogen management and well established and sensibly planned CA systems are indispensable, but not sufficient. In fact CA minimises the mineralisation process and the physical loosening typical of disturbed soils, but it does not eliminate physical compaction caused by the passing of heavy machinery and therefore it should always be combined with controlled traffic 37 (Tullberg, 2008). In addition, microaggregates in CA soils offer a more oxygen-limited environment than in TA soils. This explains the higher carbon and nitrogen protection from mineralization of CA, but also why some authors found higher denitrification 37 Controlled traffic = Restriction of all heavy wheel traffic to permanent traffic lanes.",FAO,https://www.fao.org/fileadmin/user_upload/agp/icm16.pdf,pdf,24,758
Soil Organic Carbon _149,Soil Health,Soil Organic Carbon Accumulation and Greenhouse Gas Emission Reductions from Conservation Agriculture,"37 IS THE CARBON BUDGET FOR CA SYSTEMS HIGHER THAN FOR TA SYSTEMS? Vol. 16–2012 rates in CA than in TA soils. Six et al. (2002b) calculated the differences in annual N 2O fluxes between CA and TA based on fourteen comparative experiments in temperate agroecosystems (Burford et al., 1981; Aulakh et al., 1984a; Aulakh et al., 1984b; Linn et al., 1984; Germon et al., 1985; Arah et al., 1991; MacKenzie et al., 1997; Palma et al., 1997; Kessavalou et al., 1998a; Kessavalou et al., 1998b; Mackenzie et al., 1998; Ball et al., 1999; Lemke et al., 1999; Robertson et al., 2000) and in tropical soils (Angers et al., 1997) that reported higher denitrification rates for the CA management system. The authors of the review concluded that in CA systems the N 2O flux was 0.00291 ± 0.00078 t N-N 2O ha–1 y–1 times (corresponding to 1.418 ± 0.382 t C-equivalents ha –1 y –1) higher than under TA, and nullified the beneficial effect of higher CH 4-uptake and carbon sequestration of CA in",FAO,https://www.fao.org/fileadmin/user_upload/agp/icm16.pdf,pdf,24,980
Soil Organic Carbon _150,Soil Health,Soil Organic Carbon Accumulation and Greenhouse Gas Emission Reductions from Conservation Agriculture,"0.382 t C-equivalents ha –1 y –1) higher than under TA, and nullified the beneficial effect of higher CH 4-uptake and carbon sequestration of CA in terms of GHG balance. The authors also pointed out that more research is needed to investigate how the difference in N 2O-fluxes between CA and TA varies in time and the interactive effects of tillage, fertilizer application methodology and crop rotation.",FAO,https://www.fao.org/fileadmin/user_upload/agp/icm16.pdf,pdf,24,403
Soil Organic Carbon _151,Soil Health,Soil Organic Carbon Accumulation and Greenhouse Gas Emission Reductions from Conservation Agriculture,"39Vol. 16–2012 CHAPTER 5 Concluding comments This paper reviews the impact of the components of major agricultural systems on soil carbon dynamics. It demonstrates the correlation between CO2 loss and tillage intensity and concludes that a shift from TA to CA, along with effective nitrogen management, provides an effective option to help offset emissions of the main GHGs (CO 2, CH 4, N 2O). In time such a shift also promotes carbon sequestration in the soil profile, including below the ploughed layer (Lal et al., 1998c; Lal, 2002), and helps to restore a degraded agro-ecosystem to a sustainable one. However, the effectiveness of the conversion to CA with respect to SOC sequestration depends on many variables, and the full advantages of CA can usually be seen only in the medium- to longer-term when CA practices are well established, even though some authors, such as Kandeler et al. (1999) or Tran Quoc et al. (2008a, b), report significant",FAO,https://www.fao.org/fileadmin/user_upload/agp/icm16.pdf,pdf,24,951
Soil Organic Carbon _152,Soil Health,Soil Organic Carbon Accumulation and Greenhouse Gas Emission Reductions from Conservation Agriculture,"when CA practices are well established, even though some authors, such as Kandeler et al. (1999) or Tran Quoc et al. (2008a, b), report significant increases in microbial activity soon after transition to CA. To provide an idea of the time scale, Smith et al. (1997) report that the period for European soils to reach a new steady state after a carbon-enhancing land-use change is between 50 and 100 years. In highly depleted soils, carbon sequestration has the highest potential, but it is a slower process to initiate because the soil microbial population that drives the SOC and nutrient cycles requires specific nutrient ratios (Stevenson, 1986). Despite the beneficial environmental impact of CA, the main incentives for farmers to shift to it are related to productivity and economics rather than environmental sustainability, i.e. improving farms’ competitiveness and cutting some of the most relevant production costs thereby increasing profit",FAO,https://www.fao.org/fileadmin/user_upload/agp/icm16.pdf,pdf,24,951
Soil Organic Carbon _153,Soil Health,Soil Organic Carbon Accumulation and Greenhouse Gas Emission Reductions from Conservation Agriculture,"cutting some of the most relevant production costs thereby increasing profit margins (Hengxin et al., 2008). With CA fewer or smaller tractors can be used and fewer field passes are required, which result in lower investment, fuel and repair costs. Over time CA systems require less carbon-expensive N-fertilizer for the same output. Why then do the majority of farmers still use the plough or other tillage implements? The review of the evidence shows that where TA is deeply rooted in the cultural background, lack of knowledge about CA systems and their management make it particularly difficult for farmers to produce crops without ploughing. CA is much more than simply seeding into sod and is more difficult to implement than TA. Most farmers would be able to mechanically incorporate chemical nutrients into the soil, bury weed seeds, and recreate a temporary soil structure on a seasonal basis as a precarious environment",FAO,https://www.fao.org/fileadmin/user_upload/agp/icm16.pdf,pdf,24,929
Soil Organic Carbon _154,Soil Health,Soil Organic Carbon Accumulation and Greenhouse Gas Emission Reductions from Conservation Agriculture,a temporary soil structure on a seasonal basis as a precarious environment favourable for crop growth. Fewer farmers would know how to set up a crop,FAO,https://www.fao.org/fileadmin/user_upload/agp/icm16.pdf,pdf,24,148
Soil Organic Carbon _155,Soil Health,Soil Organic Carbon Accumulation and Greenhouse Gas Emission Reductions from Conservation Agriculture,"40 SOIL ORGANIC CARBON ACCUMULATION AND GREENHOUSE GAS EMISSION REDUCTIONS FROM CONSERVATION AGRICULTURE Integrated Crop Management rotation aimed at producing adequate biomass by crop successions, providing soil nutrients, reducing weed growth in time, diminishing pest incidence and producing competitive yields. Experience is also required to choose the right implements (especially NT planters) for specific on-farm conditions. A special CA case requiring additional techniques and management is the combination of livestock and crop production (Baker and Ritchie, 2007). Extractive management by overstocking or overgrazing is the most common cause of soil quality deterioration. Appropriate CA systems allow continuous cropping (for food or feed production) without damage to soil structure. However, for a pasture phase to help produce adequate biomass to build up SOC and achieve profitability, as suggested by Husson et al. (2009), ideally management",FAO,https://www.fao.org/fileadmin/user_upload/agp/icm16.pdf,pdf,24,959
Soil Organic Carbon _156,Soil Health,Soil Organic Carbon Accumulation and Greenhouse Gas Emission Reductions from Conservation Agriculture,"achieve profitability, as suggested by Husson et al. (2009), ideally management should be aimed at keeping the pasture with full ground cover and always in the productive phase. The carrying capacity38, rotational grazing, rest periods, length of outdoor grazing time vs. indoor housing should be well adjusted. When necessary, fertilizers and amendments should be added to compensate when priority is given to feeding of livestock with crop residues and translates in the inadequate replacement of nutrients. In time this leads to soil degradation and reduced carrying capacity. In the case of pastures which produce poor feed in terms of quality and quantity. A new level of productivity can be achieved with high-yielding short-rotation forage species (to be re-established once or twice per year) chosen for the specific requirements of the animals and of the local climate (Landers, 2007). The shift to CA has been achieved where: i) farmers have been informed",FAO,https://www.fao.org/fileadmin/user_upload/agp/icm16.pdf,pdf,24,965
Soil Organic Carbon _157,Soil Health,Soil Organic Carbon Accumulation and Greenhouse Gas Emission Reductions from Conservation Agriculture,"local climate (Landers, 2007). The shift to CA has been achieved where: i) farmers have been informed of the system and convinced of its benefits by experience; ii) training and technical support to early adopters have been provided; and iii) adequate support policies (e.g. funding through carbon sequestration contracts with farmers) have been implemented. With regard to policy support, according to the European Conservation Agriculture Federation, in Europe, where CA does not exceed 1 percent of the agricultural cropland, things have slowly begun to change because since 2004 the Common Agricultural Policy has been promoting sustainable agriculture systems for food safety and environmental sustainability. However it does not link environmental services to specific production systems. For credits for SOC preservation and accumulation to become a structural part of the solution to mitigate climate change, the societal",FAO,https://www.fao.org/fileadmin/user_upload/agp/icm16.pdf,pdf,24,929
Soil Organic Carbon _158,Soil Health,Soil Organic Carbon Accumulation and Greenhouse Gas Emission Reductions from Conservation Agriculture,"become a structural part of the solution to mitigate climate change, the societal value of soil carbon sequestered and of less GHG emissions should be based on all ecosystem services, and short-term and long-term increases in SOC pool would need to be commoditized and traded based on both on-site and off-site societal benefits (Lal, 2008a). Crop residue management should also be valued and subsidies considered. Some crop residues may be an additional source of income, and farmers may find it more convenient in the short-term to sell 38 Carrying capacity = Number of heads of livestock that can be supported per unit of land area. Also known as maximum stocking rate.",FAO,https://www.fao.org/fileadmin/user_upload/agp/icm16.pdf,pdf,24,672
Soil Organic Carbon _159,Soil Health,Soil Organic Carbon Accumulation and Greenhouse Gas Emission Reductions from Conservation Agriculture,"41 CONCLUDING COMMENTS Vol. 16–2012 them and pay higher costs in the medium- to long-term. Subsidies should be introduced to compensate for short-term economic losses and encourage the uptake of sustainable agronomic management systems. An example of a carbon offset scheme for agricultural land use has been in operation in Alberta, Canada (Goddard et al., 2009). The province of Alberta, which has a strong agriculture-based economy and also the highest GHG emissions in the country (due to oil and gas production), first adopted a climate change action plan in 2002. Since 2007 this includes the implementation of a NT-based crop production system protocol on agricultural lands as an opportunity for direct and indirect reductions of GHG emissions through carbon offset trading with industry (Goddard et al., 2009). These important lessons learnt from around the world regarding the high potential for carbon sequestration with CA systems and the associated opportunity",FAO,https://www.fao.org/fileadmin/user_upload/agp/icm16.pdf,pdf,24,973
Soil Organic Carbon _160,Soil Health,Soil Organic Carbon Accumulation and Greenhouse Gas Emission Reductions from Conservation Agriculture,potential for carbon sequestration with CA systems and the associated opportunity for carbon trading and reduction in GHGs emissions should be taken into consideration in any climate change mitigation and sustainable crop production strategy for the future.,FAO,https://www.fao.org/fileadmin/user_upload/agp/icm16.pdf,pdf,24,257
Soil Organic Carbon _161,Soil Health,Soil Organic Carbon Accumulation and Greenhouse Gas Emission Reductions from Conservation Agriculture,"43 Vol. 16–2012 References Abdurahman MD, Seeling B, Rego TJ and Reddy BB 1998 Organic matter inputs by selected cropping systems on a Vertisol in the Semi-Arid Tropics of India. Annals of Arid Zone 37, 363-371. Agriculture Canada Expert Committee on Soil Survey 1998 The Canadian system of soil classification. 3rd ed. NRC Research Press, Ottawa, ON. Publ. 1646: 187. Al-Kaisi M 2008 Impact of tillage and crop rotation systems on soil carbon sequestration. Iowa State University - University Extension. Alves BJR, Boddey RM, Urquiaga S 2003 The success of BNF in soybean in Brazil. Plant and Soil 252: 1-9. Alves BJR, Zotarelli L, Boddey RM, Urquiaga S 2002 Soybean benefit to a subsequent wheat cropping system under zero tiIIage In: Nuclear techniques in integrated plant nutrient, water and soil management: proceedings of a Symposium held in Vienna, 16-20 October 2000 Vienna: IAEA 2002: 87-93. Alves BJR, Zotarelli L, Fernandes FM, Heckler JC, Macedo RAT, Boddey RM, Jantalia",FAO,https://www.fao.org/fileadmin/user_upload/agp/icm16.pdf,pdf,24,982
Soil Organic Carbon _162,Soil Health,Soil Organic Carbon Accumulation and Greenhouse Gas Emission Reductions from Conservation Agriculture,"16-20 October 2000 Vienna: IAEA 2002: 87-93. Alves BJR, Zotarelli L, Fernandes FM, Heckler JC, Macedo RAT, Boddey RM, Jantalia CP , Urquiaga S 2006 Biological nitrogen fixation and nitrogen fertilizer on the nitrogen balance of soybean, maize and cotton. Pesq Agrop Bras 41-3: 449-456. Amado TJC, Bayer C, Eltz FLF, Brum AC 2001 Potencial de culturas de cobertura em acumular carbono e nitrogenio no solo no plantio direto e a melhoria da qualidade ambiental. Revista Brasileira de Ciência do Solo 25: 189-197. Amado TJC, Costa CN 2004 Solos sob sistema Plantio Direto no Brasil podem atuar como importante tampão ambiental. Jornal Direto no Cerrado N o 37: 21-22. Associação de Plantio Direto no Cerrado, Brasília, DF. Amado TJC, Mielniczuck J, Fernandes SBV , Bayer C 1999 Culturas de cobertura, acúmulo de nitrogenio total no solo e produtividade de milho. Revista Brasileira de Ciência do Solo 23: 679-686. Angers DA, Bolinder MA, Carter MR, Gregorich EG, Drury CF, Liang BC, Voroney",FAO,https://www.fao.org/fileadmin/user_upload/agp/icm16.pdf,pdf,24,987
Soil Organic Carbon _163,Soil Health,Soil Organic Carbon Accumulation and Greenhouse Gas Emission Reductions from Conservation Agriculture,"Ciência do Solo 23: 679-686. Angers DA, Bolinder MA, Carter MR, Gregorich EG, Drury CF, Liang BC, Voroney RP , Simard RR, Donald RG, Beyaert RP , Martel J 1997 Impact of tillage practices on organic carbon and nitrogen storage in cool, humid soils of eastern Canada. Soil and Tillage Research 41: 191-201. Arah JRM, Smith KA, Crichton IJ, Li HS 1991 Nitrous oxide production and denitrification in Scottish arable soils. J. Soil Sci. 42: 351-367. Aulakh MS, Rennie DA, Paul EA 1984a Gaseous nitrogen losses from soils under zero-till as compared with conventional till management systems. J Environ Qual 113 130-136. Aulakh MS, Rennie DA, Paul EA 1984b The influence of plant residues on denitrification rates in conventional and zero tilled soils. Soil Science Society of America Journal 48: 790-794.",FAO,https://www.fao.org/fileadmin/user_upload/agp/icm16.pdf,pdf,24,801
Soil Organic Carbon _164,Soil Health,Soil Organic Carbon Accumulation and Greenhouse Gas Emission Reductions from Conservation Agriculture,"44 SOIL ORGANIC CARBON ACCUMULATION AND GREENHOUSE GAS EMISSION REDUCTIONS FROM CONSERVATION AGRICULTURE Integrated Crop Management Bailey VL, Smith JL, Bolton HJ 2002 Fungal-to-bacterial ratios in soils investigated for enhanced carbon sequestration. Soil Biol Biochem 34: 1385-1389. Baker CJ 2007 Drilling into dry soil in: No-tillage seeding in conservation agriculture. Food and Agriculture Organization of the United Nations, Rome, Italy. Baker CJ, Ritchie WR 2007 No-tillage for forage production in No-tillage seeding in conservation agriculture. Food and Agriculture Organization of the United Nations, Rome, Italy. Baker JM, Griffis TJ 2005 Examining strategies to improve the carbon balance of corn/soybean agriculture using eddy covariance and mass balance techniques. Agricultural and Forest Meteorology 128: 163-177. Baker JM, Ochsner TE, Venterea RT, Griffis TJ 2007 Tillage and carbon sequestration- What do we really know? Agriculture, Ecosystems and Environment 118: 1-4.",FAO,https://www.fao.org/fileadmin/user_upload/agp/icm16.pdf,pdf,24,988
Soil Organic Carbon _165,Soil Health,Soil Organic Carbon Accumulation and Greenhouse Gas Emission Reductions from Conservation Agriculture,"What do we really know? Agriculture, Ecosystems and Environment 118: 1-4. Balabane M, Bureau F, Decaens T, Akpa M, Hedde M, Laval K, Puget P , Pawlak B, Barray S, Cluzeau D, Labreuche J, Bodet J M, Le Bissonnais Y, Saulas P , Bertrand M, Guichard L, Picard D, Houot S, Arrouays D, Brygoo Y, Chenu C 2005 Restauration de fonctions et propriétés des sols de grande culture intensive: effets de systèmes de culture alternatifs sur les matières organiques et la structure des sols limoneux, et approche du rôle fonctionnel de la diversité biologique des sols. GESSOL/projet Dmostra Rapport final, 119. Balesdent J, Chenu C, Balabane M 2000 Relationship of soil organic matter dynamics to physical protection and tillage. Soil and Tillage Research 53: 215-230. Ball BC, Scott A, Parker JP 1999 Field N2O, CO2 and CH4 fluxes in relation to tillage, compaction and soil quality in Scotland. Soil and Tillage Research 53: 29-39.",FAO,https://www.fao.org/fileadmin/user_upload/agp/icm16.pdf,pdf,24,920
Soil Organic Carbon _166,Soil Health,Soil Organic Carbon Accumulation and Greenhouse Gas Emission Reductions from Conservation Agriculture,"compaction and soil quality in Scotland. Soil and Tillage Research 53: 29-39. Balota EL, Kanashiro M, Colozzi AF; Souza Andrade D; Dick RP 2004 Soil enzyme activities under long-term tillage and crop rotation systems in subtropical agro- ecosystems. Braz. J. Microbiol. 35: 300-306. Bandick AK, Dick RP 1999 Field management effects on soil enzyme activities. Soil Biol Biochem 31: 1471-1479. Bassi R, Prasher SO, Simpson BK 2000 Removal of selected metal ions from aqueous solutions using chitosan flakes, Separation Science and Technology 35: 547-560. Bationo A, Waswa B, Kihara J 2007 Advances in integrated soil fertility management in sub-Saharan Africa: challenges and opportunities. Springer. Batjes NH 1999 Management options for reducing CO 2 concentrations in the atmosphere by increasing carbon sequestration in the soil. NRP Report 410: 200-031, Dutch National Research Programme on Global Air Pollution and Climate Change Bilthoven.",FAO,https://www.fao.org/fileadmin/user_upload/agp/icm16.pdf,pdf,24,945
Soil Organic Carbon _167,Soil Health,Soil Organic Carbon Accumulation and Greenhouse Gas Emission Reductions from Conservation Agriculture,"200-031, Dutch National Research Programme on Global Air Pollution and Climate Change Bilthoven. Batjes NH, Sombroek WG 1997 Possibilities for carbon sequestration in tropical and subtropical soils. Global Change Biology 3: 161-173. Bayer C, Bertol I 1999 Características químicas de um Cambissolo húmico afetadas por sistemas de preparo, com enfase à matéria organica. Revista Brasileira de Ciência do Solo 23: 687-694.",FAO,https://www.fao.org/fileadmin/user_upload/agp/icm16.pdf,pdf,24,420
Soil Organic Carbon _168,Soil Health,Soil Organic Carbon Accumulation and Greenhouse Gas Emission Reductions from Conservation Agriculture,"45 REFERENCES Vol. 16–2012 Bayer C, Martin-Neto L, Mielniczuck J, Ceretta CA 2000 a Effect of no-tillage cropping systems on soil organic matter in a sandy clay loam Acrisol from Southern Brazil monitored by electron spin resonance and nuclear magnetic resonance. Soil and Tillage Research 53: 95-104. Bayer C, Mielniczuck J 1997 Nitrogênio total de um solo submetido a diferentes métodos de preparo e sistemas de culturas. Revista Brasileira de Ciência do Solo 21: 235-239. Bayer C, Mielniczuck J, Amado, TJC, Martin-Neto L, Fernandes SBV 2000 b Organic matter storage in a sandy clay loam Acrisol affected by tillage and cropping systems in southern Brazil. Soil and Tillage Research 54: 101-109. Beare MH, Parmelee RW , Hendrix PF, Cheng W , Coleman DC, Crolley DAJr 1992 Microbial and faunal interactions and effects on litter nitrogen and decomposition in agroecosystems. Ecol. Monogr. 62: 569-591. Beare MH, Parmelee RW , Hendrix PF, Cheng W , Coleman DC, Crossley DA 1992",FAO,https://www.fao.org/fileadmin/user_upload/agp/icm16.pdf,pdf,24,978
Soil Organic Carbon _169,Soil Health,Soil Organic Carbon Accumulation and Greenhouse Gas Emission Reductions from Conservation Agriculture,"in agroecosystems. Ecol. Monogr. 62: 569-591. Beare MH, Parmelee RW , Hendrix PF, Cheng W , Coleman DC, Crossley DA 1992 Microbial and faunal interactions and effects on litter nitrogen and decomposition in agroecosystems. Ecological Monographs 62: 569-591. Beare MH, Pohlad BR, Wright DH, Coleman DC 1993 Residue placement and fungicide effects on fungal communities in conventional and no-tillage soils. Soil Science Society of America Journal 57: 392-399. Black AL, Tanaka DL 1997 A conservation tillage-cropping systems study in the Northern Great Plains of the United States: 335-342. In Paul EA et al. ed. Soil organic matter in temperate agroecosystems - Long-term experiments in North America. CRC Press, New York. Blanco-Canqui H, Lal R 2008 No-tillage and soil-profile carbon sequestration: An on- farm assessment. Soil Science Society of America Journal 72: 693-701. Boddey RM, Alves BJR, Soares LH deB, Jantalia CP , Urquiaga S 2009 b Biological",FAO,https://www.fao.org/fileadmin/user_upload/agp/icm16.pdf,pdf,24,957
Soil Organic Carbon _170,Soil Health,Soil Organic Carbon Accumulation and Greenhouse Gas Emission Reductions from Conservation Agriculture,"Boddey RM, Alves BJR, Soares LH deB, Jantalia CP , Urquiaga S 2009 b Biological nitrogen fixation and mitigation of greenhouse gas emissions. In: Emerich DW , Krishnan HB (Eds) Agronomy Monograph 52 Nitrogen Fixation in Crop Production, Am. Soc. Agron., Crop Sci. Soc. Am., and Soil Sci. Soc Am. Madison, Wisconsin, USA. Chapter 14 pp 387-413. Boddey RM, Alves BJR, Reis VM, Urquiaga S 2006 Biological nitrogen fixation in agroecosystems and in plant roots. In N Uphoff et al. Biological approaches to sustainable soil systems Taylor and Francis Group, CRC Press Publ, Boca Raton: 177-190. Boddey RM, de Moraes Sá JC de M Alves, B J R Urquiaga, S 1997 The contribution of biological nitrogen fixation for sustainable agricultural systems in the tropics. Soil Biology and Biochemistry 29: 787-799. Boddey RM, Jantalia CP , Conceicao PC, Zanatta JA, Bayer C, Mielniczuk J, Dieckow J, Dos Santos HP , Denardin JE, Aita C, Giacomini SJ, Alves BJR, Urquiaga S 2009",FAO,https://www.fao.org/fileadmin/user_upload/agp/icm16.pdf,pdf,24,959
Soil Organic Carbon _171,Soil Health,Soil Organic Carbon Accumulation and Greenhouse Gas Emission Reductions from Conservation Agriculture,"J, Dos Santos HP , Denardin JE, Aita C, Giacomini SJ, Alves BJR, Urquiaga S 2009 a Carbon accumulation at depth in Ferralsols under zero-till subtropical agriculture. Global Change Biology 16, 2: 784-795.",FAO,https://www.fao.org/fileadmin/user_upload/agp/icm16.pdf,pdf,24,204
Soil Organic Carbon _172,Soil Health,Soil Organic Carbon Accumulation and Greenhouse Gas Emission Reductions from Conservation Agriculture,"46 SOIL ORGANIC CARBON ACCUMULATION AND GREENHOUSE GAS EMISSION REDUCTIONS FROM CONSERVATION AGRICULTURE Integrated Crop Management Bol R, Kandeler E, Amelung W , Glaser B, Marx MC, Preedy N, Lorenz K 2003 Short-term effects of dairy slurry amendment on carbon sequestration and enzyme activities in a temperate grassland. Soil Biol Biochem 35: 1411-1421. Bouman BAM, Peng S, Castaned AR, Visperas RM 2005 Yield and Water use of irrigated tropical aerobic rice systems. Agricultural Water Management 74: 87-105. Burford JR, Dowdell RJ, Crees R 1981 Emission of Nitrous oxide to the atmosphere from direct-drilled and ploughed clay soils. J Sci Food Agric 32: 219-223. Buschiazzo DE, Hevia GG, Hepper EN, Urioste A, Bono AA and Babinec F. 2001 Organic C, N and P in size fractions of virgin and cultivated soils of the semi-arid pampa of Argentina. Journal of Arid Environments 48: 501-508. Buyanovsky GA, Wagner GH 1998 Carbon cycling in cultivated land and its global",FAO,https://www.fao.org/fileadmin/user_upload/agp/icm16.pdf,pdf,24,968
Soil Organic Carbon _173,Soil Health,Soil Organic Carbon Accumulation and Greenhouse Gas Emission Reductions from Conservation Agriculture,"pampa of Argentina. Journal of Arid Environments 48: 501-508. Buyanovsky GA, Wagner GH 1998 Carbon cycling in cultivated land and its global significance. Global Change Biol 4: 131-141. Calegari A, Hargrove WL, Dos Santos Rheinheimer D, Ralisch R, Tessier D, de Tourdonnet S, de Fatima Guimarães M 2008 Impact of Long-Term No-Tillage and Cropping System Management on Soil Organic Carbon in an Oxisol: A Model for Sustainability. Agronomy Journal 100, 4. Campbell 1998 Possibilities for future carbon sequestration in Canadian agriculture in relation to land use changes. Clim. Changes, 40: 81-103. Campbell CA, Bowren KE, Schnitzer M, Zentner RP , Townley-Smith L 1991 b Effect of crop rotations and fertilization on soil organic matter and some biochemical properties of a thick Black Chernozem. Can J Soil Sci 71: 377-387. Campbell CA, Bowren KE, Schnitzer M, Zentner RP , Townley-Smith L 1991 a Effect of crop rotations and fertilization on soil organic matter, microbial biomass and",FAO,https://www.fao.org/fileadmin/user_upload/agp/icm16.pdf,pdf,24,987
Soil Organic Carbon _174,Soil Health,Soil Organic Carbon Accumulation and Greenhouse Gas Emission Reductions from Conservation Agriculture,"of crop rotations and fertilization on soil organic matter, microbial biomass and respiration in a thin Black Chernozem. Can J Soil Sci 71:363-376. Campbell CA, Lafond GP , Moulin AP , Townley-Smith L, Zentner RP 1997 Crop production and soil organic matter in long-term crop rotations in the sub-humid northern Great Plains of Canada: 297-315. In Paul EA et al. ed. Soil organic matter in temperate agroecosystems-Long-term experiments in North America. CRC Press, New York. Campbell CA, McConkey BG, Zentner RP , Dyck FB, Selles F, Curtin D 1996 a Long- term effects of tillage and crop rotations on soil organic C and total N in a clay soil in southwestern Saskatchewan. Can J Soil Sci 76: 395-401. Campbell CA, McConkey BG, Zentner RP , Selles F, Curtin D 1996 b Tillage and crop rotation effects on soil organic C and N in a coarse-textured Typic Haploboroll in southwestern Saskatchewan. Soil Tillage Res. 37: 3-14.",FAO,https://www.fao.org/fileadmin/user_upload/agp/icm16.pdf,pdf,24,921
Soil Organic Carbon _175,Soil Health,Soil Organic Carbon Accumulation and Greenhouse Gas Emission Reductions from Conservation Agriculture,"rotation effects on soil organic C and N in a coarse-textured Typic Haploboroll in southwestern Saskatchewan. Soil Tillage Res. 37: 3-14. Campbell CA, Selles F, Lafond GP , Zentner RP 2001 a Adopting zero tillage management: impact on soil C and N under long term crop rotations in a thin Black Chernozem. Can J Soil Sci 81: 139-148. Campbell CA, Zentner RP , Selles F, Liang BC, Blomert B 2001 b Evaluation of a simple model to describe carbon accumulation in a Brown Chernozem under varying fallow frequency. Can J Soil Sci 81: 383-394. Carter MR 1992 Influence of reduced tillage systems on organic matter, microbial biomass, macroaggregate distribution and structural stability of the surface soil in a humid climate. Soil and Tillage Research 23: 361-72.",FAO,https://www.fao.org/fileadmin/user_upload/agp/icm16.pdf,pdf,24,759
Soil Organic Carbon _176,Soil Health,Soil Organic Carbon Accumulation and Greenhouse Gas Emission Reductions from Conservation Agriculture,"47 REFERENCES Vol. 16–2012 Centurion JF, Demattê JLI 1985 Efeitos de sistemas de preparo nas propriedades físicas de um solo sob cerrado cultivado com soja. Revista Brasileira de Ciência do Solo, Campinas 9, 3: 263-266. Chadwick DR, van der Weerden T, Martinez J, Pain BF 1998 Nitrogen transformations and losses following pig slurry applications to a natural soil filter system (Solepur process) in Britany, France. J Agr Eng Res 69: 85-93. Chan 1997 Consequences of changes in particulate organic carbon in vertisols under pasture and cropping. Soil Science Society of America Journal 61: 1376-1382. Chander K., Goyal S., Mundra MC, Kapoor KK 1997 Organic matter, microbial biomass and enzyme activity of soils under different crop rotations in the tropic. Biol. Fertil. Soils 24: 306-310. Chantigny MH, Rochette P , Angers DA 2001 Short-term C and N dynamics in a soil amended with pig slurry and barley straw: a field experiment. Can J Soil Sci 81: 131-137.",FAO,https://www.fao.org/fileadmin/user_upload/agp/icm16.pdf,pdf,24,961
Soil Organic Carbon _177,Soil Health,Soil Organic Carbon Accumulation and Greenhouse Gas Emission Reductions from Conservation Agriculture,"amended with pig slurry and barley straw: a field experiment. Can J Soil Sci 81: 131-137. Chen HQ, Marhan S, Billen N, Stahr K, 2009 Soil organic-carbon and total nitrogen stocks as affected by different land uses in Baden-Württemberg (southwest Germany). Journal of Plant Nutrition and Soil Science 172-1: 32-42. Chivenge PP , Murwira HK, Giller KE, Mapfumo P , Six J 2006 Long-term impact of reduced tillage and residue management on soil carbon stabilization: implications for conservation agriculture on contrasting soils. Soil Tillage Res 94: 328-337. Choudhary MA, Baker CJ, 1994 In: Carter MR, Conservation Tillage in Temperate Agroecosystems. Lewis Publisher, Boca Raton, Florida, 183-207. Christopher SF, Lal R 2007 Nitrogen limitation on carbon sequestration in North America cropland soils. Crit. Rev. Plant Sciences 26: 45-64. Christopher SF, Lal R, Mishra U, 2009 Regional study of no-till effects on carbon",FAO,https://www.fao.org/fileadmin/user_upload/agp/icm16.pdf,pdf,24,920
Soil Organic Carbon _178,Soil Health,Soil Organic Carbon Accumulation and Greenhouse Gas Emission Reductions from Conservation Agriculture,"America cropland soils. Crit. Rev. Plant Sciences 26: 45-64. Christopher SF, Lal R, Mishra U, 2009 Regional study of no-till effects on carbon sequestration in Midwestern United States. Soil Science Society of America Journal 73, 207-216. Clapp CE, Allmaras RR, Layese MF. Linden DR, Dowdy RH 2000. Soil organic carbon and 13C abundance as related to tillage, crop residue, and nitrogen fertilizer under continuous corn management in Minnesota. Soil and Tillage Research 55: 127-142. Cleaver KM, Schreiber GA 1994 Reversing the Spiral: The Population, Agriculture and Environment Nexus in Sub-Saharan Africa. The World Bank, Washington, D.C. Cochran VL, Sparrow EB, Schlentner SF, Knight CW 1997 Long-term tillage and crop residue management in the subarctic: fluxes of methane and nitrous oxide. Can J Soil Sci 77: 565-570. Cole CV , Paustian K, Elliott ET, Metherell AK, Ojima DS, Parton WJ 1993 Analysis of agroecosystem carbon pools. Water, Air and Soil Pollution 70, 357-371.",FAO,https://www.fao.org/fileadmin/user_upload/agp/icm16.pdf,pdf,24,980
Soil Organic Carbon _179,Soil Health,Soil Organic Carbon Accumulation and Greenhouse Gas Emission Reductions from Conservation Agriculture,"of agroecosystem carbon pools. Water, Air and Soil Pollution 70, 357-371. Corazza J, Da Silva JE, Resck DVS, Gomes AC 1999 Comportamento de diferentes sistemas de manejo como fonte ou depósito de carbono em relação à vegetação de Cerrado. Revista Brasileira de Ciência do Solo 23: 425-432. Corbeels M, Scopel E, Cardoso A, Bernoux ML, Douzet JM, Siqueira Neto M 2006 Soil carbon storage potential of direct seeding mulch-based cropping systems in the Cerrados of Brazil. Global Change Biology 12: 1773-1787.",FAO,https://www.fao.org/fileadmin/user_upload/agp/icm16.pdf,pdf,24,507
Soil Organic Carbon _180,Soil Health,Soil Organic Carbon Accumulation and Greenhouse Gas Emission Reductions from Conservation Agriculture,"48 SOIL ORGANIC CARBON ACCUMULATION AND GREENHOUSE GAS EMISSION REDUCTIONS FROM CONSERVATION AGRICULTURE Integrated Crop Management Curtin D, Wang H, Selles F, Zentner RP , Biederbeck VO, Campbell CA 2000 Legume green manure as partial fallow replacement in semi-arid Saskatchewan: effect on carbon fluxes. Can J Soil Sci 80: 499-505. de Maria IC, Nnabude PC, de Castro OM 1999 Long-term tillage effects on soil chemical properties of a Rhodic Ferralsol in southern Brazil. Soil and Tillage Research 51: 71-79. de Moraes Sà JCM, Cerri CC, Dick WA, Lal R, Filho SPV , Piccolo MC, Feigl BE 2001 Organic matter dynamics and carbon sequestration rates for a tillage chronosequence in a Brazilian Oxisol. Soil Science Society of America Journal 65: 1486-1499. de Moraes Sà JCM, Séguy L 2008 Carbon balance and sequestration in no-till soils under intensive cropping systems in tropical agroecozones. Conservation Agriculture Carbon Offset Consultation, 2008 October 28-30, West Lafayette,",FAO,https://www.fao.org/fileadmin/user_upload/agp/icm16.pdf,pdf,24,983
Soil Organic Carbon _181,Soil Health,Soil Organic Carbon Accumulation and Greenhouse Gas Emission Reductions from Conservation Agriculture,"Agriculture Carbon Offset Consultation, 2008 October 28-30, West Lafayette, Indiana, USA. de Moraes Sà JCM, Séguy L, Gozé E, Bouzinac S, Husson O, Boulakia S, Tivet F, Forest F, Burkner dos Santos J 2008 Carbon sequestration rates in no-tillage soils under intensive cropping systems in tropical agroecozones. Conservation Agriculture Carbon Offset Consultation, 2008 October 28-30, West Lafayette, Indiana, USA. Derpsch R 2002 Making Conservation Tillage Conventional, Building a Future on 25 years of Research: Research and Extension Perspective. In: E. van Santen (ed). Proceedings of 25 th Annual Southern Conservation Tillage Conference for Sustainable Agriculture. Auburn, AL 24 - 26 June 2002. Special Report N° 1. Alabama Agric. Expt. Stn. and Auburn University, AL 36849, USA: 25-29. Derpsch R, Friedrich T 2009 Global Overview of Conservation Agriculture Adoption. Proceedings, Lead Papers, 4th World Congress on Conservation Agriculture, 4-7",FAO,https://www.fao.org/fileadmin/user_upload/agp/icm16.pdf,pdf,24,952
Soil Organic Carbon _182,Soil Health,Soil Organic Carbon Accumulation and Greenhouse Gas Emission Reductions from Conservation Agriculture,"Proceedings, Lead Papers, 4th World Congress on Conservation Agriculture, 4-7 February 2009, New Delhi, India, 429-438. Dick RP 1994 Soil enzyme activities as indicators of soil quality. In: Doran JW , Coleman DC, Bezdicek DF, Stewart BA (eds) Defining soil quality for a sustainable environment. Soil Science Society of America, Madison: 107-124. Dick WA, Blevins RL, Frye WW Peters SE, Christenson DR, Pierce FJ, Vitosh ML 1998 Impacts of agricultural management practices on C sequestration in forest- derived soils of the eastern Corn Belt. Soil and Tillage Research 47: 235-244. Diekow TJ, Mielniczuk J, Knicker H, Bayer C, Dick DP ,I Kögel-Knabner 2005 Soil C and N stocks as affected by cropping systems and nitrogen fertilisation in a southern Brazil Acrisol managed under no-tillage for 17 years. Soil and Tillage Research 81: 87-95. Dilly O, Blume HP , Munch JC 2003 Soil microbial activities in Luvisols and",FAO,https://www.fao.org/fileadmin/user_upload/agp/icm16.pdf,pdf,24,918
Soil Organic Carbon _183,Soil Health,Soil Organic Carbon Accumulation and Greenhouse Gas Emission Reductions from Conservation Agriculture,"87-95. Dilly O, Blume HP , Munch JC 2003 Soil microbial activities in Luvisols and Anthrosols during 9 years of region-typical tillage and fertilization practices in northern Germany. Biogeochemistry 65: 319-339. Doran JW 1980 Soil microbial and biochemical changes associated with reduced tillage. Soil Science Society of America Journal 44: 765-771.",FAO,https://www.fao.org/fileadmin/user_upload/agp/icm16.pdf,pdf,24,351
Soil Organic Carbon _184,Soil Health,Soil Organic Carbon Accumulation and Greenhouse Gas Emission Reductions from Conservation Agriculture,"49 REFERENCES Vol. 16–2012 Doran JW 1987 Microbial biomass and mineralizable nitrogen distributions in no-tillage and plowed soils, Biol. Fert. Soils 5: 68-75. Doran JW , Elliott ET, Paustian K, 1998 Soil microbial activity, nitrogen cycling, and long-term changes in organic carbon pools as related to fallow tillage management. Soil and Tillage Research 49: 3-18. Dormaar JF, Carefoot JM 1998 Effect of straw management and nitrogen fertilizer on selected soil properties as potential soil quality indicators of an irrigated Dark Brown Chernozem. Can J Soil Sci 78: 511-517. Drijber RA, Doran JW , Parkhurst AM, Lyon DJ 2000 Changes in soil microbial community structure with tillage under long-term wheat-fallow management, Soil Biol Biochem 32: 1419-1430. Drinkwater LE, Janke R, Rossoni-Longnecker L 2000 Effect of tillage and intensity on nitrogen dynamics and productivity in legume based grain systems. Plant and Soil 227(2): 99-113.",FAO,https://www.fao.org/fileadmin/user_upload/agp/icm16.pdf,pdf,24,941
Soil Organic Carbon _185,Soil Health,Soil Organic Carbon Accumulation and Greenhouse Gas Emission Reductions from Conservation Agriculture,"on nitrogen dynamics and productivity in legume based grain systems. Plant and Soil 227(2): 99-113. Drinkwater LE, Wagoner P , Sarrantonio M 1998 Legume-based cropping systems have reduced carbon and nitrogen losses. Nature, 396: 262-265. Duiker SW , Lal R 1999 Crop residue and tillage effects on carbon sequestration in a Luvisol in Central Ohio. Soil and Tillage Research 52: 73-81. Duiker W , Lal R 2000 Carbon budget study using CO2 flux measurements from a no till system in central Ohio. Soil and Tillage Research 54: 21-30. Elliot ET 1986 Aggregate structure and carbon, nitrogen and phosphorus in native and cultivated soils. Soil Science Society of America Journal 50: 627-633. Elustondo J, Angers DA, Laverdiere MR, N’Dayegamiye A 1990 Étude comparative de l’agrégation et de la matière organique associée aux fractions granulométriques de sept sols sous culture de maïs ou en prairie Can J Soil Sci 395-402.",FAO,https://www.fao.org/fileadmin/user_upload/agp/icm16.pdf,pdf,24,919
Soil Organic Carbon _186,Soil Health,Soil Organic Carbon Accumulation and Greenhouse Gas Emission Reductions from Conservation Agriculture,"sept sols sous culture de maïs ou en prairie Can J Soil Sci 395-402. Entry IA, Mitchell CC, Backman CB 1996 Influence of management practices on soil organic matter, microbial biomass and cotton yield in Alabama’s “Old Rotation”. Biology and Fertility of Soils 23-4: 353-358. Eriksen AB, Kjeldby M, Nilsen S 1985 The effect of intermittent flooding on the growth and yield of wetland rice and nitrogen-loss mechanism with surface applied and deep placed urea. Plant and Soil 84: 387-401 Eusterhues K Rumpel C, Kögel-Knabner I 2005 Stabilization of soil organic matter isolated by oxidative degradation. Organic Geochemistry 36: 1567-1575. Evans R 1996 Soil erosion and its impacts in England and Wales. London: Friends of the Earth. FAO - TECA website: http: //www fao org/teca/content/alternatives-rice-puddling- and-transplanting . FAO 2001 World Soil Resources Reports 96: Soil carbon sequestration for improved land management. Food and Agriculture Organization of the United Nations,",FAO,https://www.fao.org/fileadmin/user_upload/agp/icm16.pdf,pdf,24,988
Soil Organic Carbon _187,Soil Health,Soil Organic Carbon Accumulation and Greenhouse Gas Emission Reductions from Conservation Agriculture,"land management. Food and Agriculture Organization of the United Nations, Rome, Italy. FAO 2004 World Soil Resources Reports 102: Carbon sequestration in drylands. Food and Agriculture Organization of the United Nations, Rome, Italy.",FAO,https://www.fao.org/fileadmin/user_upload/agp/icm16.pdf,pdf,24,233
Soil Organic Carbon _188,Soil Health,Soil Organic Carbon Accumulation and Greenhouse Gas Emission Reductions from Conservation Agriculture,"50 SOIL ORGANIC CARBON ACCUMULATION AND GREENHOUSE GAS EMISSION REDUCTIONS FROM CONSERVATION AGRICULTURE Integrated Crop Management FAO 2005a Millennium Ecosystem Assessment, Current State and Trends, Chapter 22: Dryland Systems. Food and Agriculture Organization of the United Nations, Rome, Italy. FAO 2005b Soils Bulletin 80: The importance of soil organic matter, key to drought- resistant soil and sustained food production. Food and Agriculture Organization of the United Nations, Rome, Italy. FAO 2006a World agriculture: towards 2030/2050 - Interim report, Food and Agriculture Organization of the United Nations, Rome, Italy. FAO 2006b Agricultural and Food Engineering Working Document 4: Conservation agriculture in northern Kazakhstan and Mongolia. Food and Agriculture Organization of the United Nations, Rome, Italy. FAO 2008 Proceedings of an International Technical Workshop on Investing in Sustainable Crop Intensification: The case for improving soil health. FAO, Rome,",FAO,https://www.fao.org/fileadmin/user_upload/agp/icm16.pdf,pdf,24,987
Soil Organic Carbon _189,Soil Health,Soil Organic Carbon Accumulation and Greenhouse Gas Emission Reductions from Conservation Agriculture,"Sustainable Crop Intensification: The case for improving soil health. FAO, Rome, 22-24 July 2008. Integrated Crop Management, Vol 6. Food and Agriculture Organization of the United Nations, Rome. FAO 2009a Food Security and Agricultural Mitigation in Developing Countries: Options for Capturing Synergies. Food and Agriculture Organization of the United Nations, Rome, Italy. FAO 2009b Global map of aridity - 10 arc minutes downloaded from http://www.fao. org/geonetwork/dd 2010.12.01. Food and Agriculture Organization of the United Nations, Rome, Italy. IIASA/FAO, 2010 Global Agro–ecological Zones (GAEZ v3.0) downloaded from http://www.gaez.iiasa.ac.at/w/dd 2010.12.01. - International Institute for Applied Systems Analysis, Laxenburg, Austria and Food and Agriculture Organization of the United Nations, Rome, Italy. FAO/CTIC 2008 Soil carbon sequestration in Conservation Agriculture - A Framework for Valuing Soil Carbon as a Critical Ecosystem Service. Conservation",FAO,https://www.fao.org/fileadmin/user_upload/agp/icm16.pdf,pdf,24,975
Soil Organic Carbon _190,Soil Health,Soil Organic Carbon Accumulation and Greenhouse Gas Emission Reductions from Conservation Agriculture,"Framework for Valuing Soil Carbon as a Critical Ecosystem Service. Conservation Agriculture Carbon Offset Consultation 2008 October 28-30, West Lafayette, Indiana, USA. Farage P , Ardö J, Olsson L, Rienzi E, Ball A, Pretty J 2007 The potential for soil carbon sequestration in three tropical dryland farming systems of Africa and Latin America: A modelling approach. Soil and Tillage Research 94-2: 457-472. Flessa H, Beese F 2000 Laboratory estimates of trace gas emissions following surface application and injection of cattle slurry. J Environ Qual 29: 262-268. Fontaine S 2007 Stability of organic carbon in deep soil layers controlled by fresh carbon supply. Nature 450: 277-280. Fontaine S, Bardoux G, Abbadie L, Mariotti A 2004 Carbon input to soil may decrease soil carbon content. Ecol Lett 7: 314-320. Franzluebbers AJ 2005 Soil organic carbon sequestration and agricultural greenhouse gas emissions in the southeastern USA. Soil and Tillage Research 83, 120-147.",FAO,https://www.fao.org/fileadmin/user_upload/agp/icm16.pdf,pdf,24,973
Soil Organic Carbon _191,Soil Health,Soil Organic Carbon Accumulation and Greenhouse Gas Emission Reductions from Conservation Agriculture,"gas emissions in the southeastern USA. Soil and Tillage Research 83, 120-147. Franzluebbers AJ 2007 Integrated Crop-Livestock Systems in the Southeastern USA. Agron J 99: 361-372. Franzluebbers AJ 2008 Linking soil and water quality in conservation agricultural systems. J Integr Biosci 6(1): 15-29.",FAO,https://www.fao.org/fileadmin/user_upload/agp/icm16.pdf,pdf,24,299
Soil Organic Carbon _192,Soil Health,Soil Organic Carbon Accumulation and Greenhouse Gas Emission Reductions from Conservation Agriculture,"51 REFERENCES Vol. 16–2012 Franzluebbers AJ 2009 Comments on “No-tillage and Soil-Profile Carbon Sequestration: An On-Farm Assessment”. Soil Sci. Soc. Am. Journal 73:686-687. Franzluebbers AJ, Arshad MA 1996 Water-stable aggregation and organic matter in four soils under conventional and zero tillage. Can J Soil Sci 76: 387-393 Franzluebbers AJ, Hons FM, Zuberer DA 1995 a Tillage and crop effects on seasonal soil carbon and nitrogen dynamics. Soil Science Society of America Journal 59: 1618-1624. Franzluebbers K, Weaver RW , Juo ASR, Franzluebbers AJ 1995 b Mineralization of carbon and nitrogen from cowpea leaves decomposing in soils with different levels of microbial biomass. Biology and Fertility of Soils 19: 100-102. Freibauer A, Rounsevell M, Smith P , Verhagen A 2004 Carbon sequestration in the agricultural soils of Europe Geoderma 122: 1-23. Freixo AA, de Machado PLO A, dos Santos HP , Silva CA, de Fadigas FS 2002 Soil",FAO,https://www.fao.org/fileadmin/user_upload/agp/icm16.pdf,pdf,24,938
Soil Organic Carbon _193,Soil Health,Soil Organic Carbon Accumulation and Greenhouse Gas Emission Reductions from Conservation Agriculture,"agricultural soils of Europe Geoderma 122: 1-23. Freixo AA, de Machado PLO A, dos Santos HP , Silva CA, de Fadigas FS 2002 Soil organic carbon and fractions of a Rhodic Ferrasol under the influence of tillage and crop rotation systems in southern Brazil. Soil and Tillage Research 64: 221-230. Frey SD, Elliott ET, Paustian K 1999 Bacterial and fungal abundance and biomass in conventional and no-tillage agroecosystems along two climatic gradients. Soil Biol Biochem 31: 573-585. Friedrich T, Gustafson D 2007 Conservation agriculture: synergies of resource- conserving technologies in rice-based systems. International rice commission newsletter. Friedrich T, Kassam A, Shaxson F 2009 STOA Project “Agricultural Technologies for Developing Countries” - Case study Conservation Agriculture Institute of Technology Assessment and Systems Analysis (ITAS), Forschungszentrum Karlsruhe. Frye WW , 1984 Energy requirement in no-tillage In: Phillips RE, Phillips SH",FAO,https://www.fao.org/fileadmin/user_upload/agp/icm16.pdf,pdf,24,960
Soil Organic Carbon _194,Soil Health,Soil Organic Carbon Accumulation and Greenhouse Gas Emission Reductions from Conservation Agriculture,"Karlsruhe. Frye WW , 1984 Energy requirement in no-tillage In: Phillips RE, Phillips SH No-Tillage Agriculture-Principles and Practices, Van Nostrand Reinhold, New York, 127-151. Gál A, Vyn TJ, Michéli E, Kladivko EJ, Mcfee WW 2007 Soil carbon and nitrogen accumulation with long-term no-till versus moldboard plowing overestimated with tilled-zone sampling depths. Soil and Tillage Research 96: 42-51. GEIA - Global Emission Inventory Activity 1993 Report on the 3rd workshop, Amersford, 31 Jan -02 Feb 1993, ed. A.F. Bowman, Bilthoven, The Netherlands: 83. Germon JC 1985 Denitrification in cropped soils. Fert Agric 89: 3-13. Giacomini SJ Aita C Chiapinotto IC, Hubner AP , Marques MG, Cadore F 2004 Consorciação de plantas de cobertura antecedendo o milho em plantio direto. II Nitrogênio acumulado pelo milho e produtividade de grãos. Revista Brasileira de Ciência do Solo 28: 751-762. Goddard T, Haugen-Kozyra K., Ridge A. 2009 Conservation agriculture protocols for",FAO,https://www.fao.org/fileadmin/user_upload/agp/icm16.pdf,pdf,24,972
Soil Organic Carbon _195,Soil Health,Soil Organic Carbon Accumulation and Greenhouse Gas Emission Reductions from Conservation Agriculture,"Ciência do Solo 28: 751-762. Goddard T, Haugen-Kozyra K., Ridge A. 2009 Conservation agriculture protocols for green house gas offsets in a working carbon market. Paper presented at the IV World Congress on Conservation Agriculture, 3-7 February 2009, New Delhi, India.",FAO,https://www.fao.org/fileadmin/user_upload/agp/icm16.pdf,pdf,24,269
Soil Organic Carbon _196,Soil Health,Soil Organic Carbon Accumulation and Greenhouse Gas Emission Reductions from Conservation Agriculture,"52 SOIL ORGANIC CARBON ACCUMULATION AND GREENHOUSE GAS EMISSION REDUCTIONS FROM CONSERVATION AGRICULTURE Integrated Crop Management Govaerts B, Verhulst N, Castellanos-Navarrete A, Sayre KD, Dixon J, Dendooven J 2009 Conservation Agriculture and Soil Carbon Sequestration: Between Myth and Farmer Reality. Critical Reviews in Plant Sciences 28: 97-122. Grandy AS, Robertson GP , Thelen KD 2006 Do productivity and environmental trade-offs justify periodically cultivating no-till cropping systems? Agron. J. 98: 1377-1383. Gregorich EG, Drur CF y, Baldock JA 2001 Changes in soil carbon under long-term maize in monoculture and legume-based rotation. Can J Soil Sci 81: 21-31. Gregorich EG, Ellert BH, Drury CF, Liang BC 1996 Fertilization effects on soil organic matter turnover and corn residue C storage. Soil Science Society of America Journal 60: 472-476. Guggenberger G, Frey SD, Six J, Paustian K, Elliott E T 1999 Bacterial and fungal cell-",FAO,https://www.fao.org/fileadmin/user_upload/agp/icm16.pdf,pdf,24,948
Soil Organic Carbon _197,Soil Health,Soil Organic Carbon Accumulation and Greenhouse Gas Emission Reductions from Conservation Agriculture,"Journal 60: 472-476. Guggenberger G, Frey SD, Six J, Paustian K, Elliott E T 1999 Bacterial and fungal cell- wall residues in conventional and no-tillage agroecosystems. Soil Science Society of America Journal 63: 1188-1198. Halvorson AD, Reule CA, Follett RF 1999 Nitrogen fertilization effects on soil carbon and nitrogen in a dryland cropping system. Soil Science Society of America Journal 63: 912-917. Halvorson AD, Wienhold BJ, Black AL 2002 Tillage, nitrogen, and cropping system effects on soil carbon sequestration. Soil Science Society of America Journal 66: 906-912. Hassan H, Dregne HE 1997 Natural habitats and ecosystems management in drylands: an overview, Washington DC, World Bank. Havlin JL, Kissel DE 1997 Management effects on soil organic carbon and nitrogen in the east-central Great Plains of Kansas: 381-386. In Paul EA et al. (ed.) Soil organic matter in temperate agroecosystems: Long-term experiments in North America. CRC Press, Boca Raton, FL: 381-386.",FAO,https://www.fao.org/fileadmin/user_upload/agp/icm16.pdf,pdf,24,981
Soil Organic Carbon _198,Soil Health,Soil Organic Carbon Accumulation and Greenhouse Gas Emission Reductions from Conservation Agriculture,"matter in temperate agroecosystems: Long-term experiments in North America. CRC Press, Boca Raton, FL: 381-386. Havlin JL, Kissel DE, Maddux LD, Claassen MM, Long JH 1990 Crop rotation and tillage effects on soil organic carbon and nitrogen. Soil Science Society of America Journal 54: 448-452. Hengxin L, Hongwen L, Xuemin F, Liyu X 2008 The current status of conservation tillage in China. In: Goddard T, Zoebisch MA, Gan YT, Ellis W , Watson A, Sombatpanit S No-Till Farming Systems: 413-428. World Association of Soil and Water Conservation, Special Publication No. 3, Bangkok: WASWC: 540. Hernanz JL, López R, Navarrete L, Sánchez-Girón V 2002 Long-term effects of tillage systems and rotations on soil structural stability and organic carbon stratification in semi-arid central Spain. Soil and Tillage Research 66, 129-141. Hernanz L, Sánchez-Girón V , Navarrete L 2009 Soil carbon sequestration and stratification in a cereal/leguminous crop rotation with three tillage systems in",FAO,https://www.fao.org/fileadmin/user_upload/agp/icm16.pdf,pdf,24,987
Soil Organic Carbon _199,Soil Health,Soil Organic Carbon Accumulation and Greenhouse Gas Emission Reductions from Conservation Agriculture,"stratification in a cereal/leguminous crop rotation with three tillage systems in semiarid conditions. Agriculture, Ecosystems and Environment 133:114-122. Hobbs P 2007 Conservation agriculture: what is it and why is it important for future sustainable food production? Journal of Agricultural Science 145: 127-137. Hobbs P , Sayre K, Gupta R 2008 The role of conservation agriculture in sustainable agriculture. Phil Trans R Soc B 363: 543-555.",FAO,https://www.fao.org/fileadmin/user_upload/agp/icm16.pdf,pdf,24,445
Soil Organic Carbon _200,Soil Health,Soil Organic Carbon Accumulation and Greenhouse Gas Emission Reductions from Conservation Agriculture,"53 REFERENCES Vol. 16–2012 Hojberg O, Revsbech NP 1994 Denitrification in soil aggregates analyzed with microsensors for nitrous oxide and oxygen. Soil Science Society of America Journal 58: 1691-1698. Holland JM 2004 The environmental consequences of adopting conservation tillage in Europe: reviewing the evidence. Agriculture, Ecosystems and Environment, Elsevier 103-1: 1-25. Horáček J, Ledvina R, Raus A 2001 The content of quality of organic matter in cambisol in a long-term no tillage system. Rostlinná Výroba, 47: 205-210. Huggins DR, Clapp CE, Allmaras RR, Lamb JA, Layese MF 1998 Carbon dynamics in corn-soybean sequences as estimated from natural carbon-13 abundance. Soil Science Society of America Journal 62:195-203. Hussain I, Olson KR, Ebelhar SA 1999 Long-term tillage effects on soil chemical properties and organic matter fractions. Soil Science Society of America Journal 63: 1335-1341. Husson O, Chapentier H, Naudin K, Razanamparany C, Moussa N, Michellon R,",FAO,https://www.fao.org/fileadmin/user_upload/agp/icm16.pdf,pdf,24,981
Soil Organic Carbon _201,Soil Health,Soil Organic Carbon Accumulation and Greenhouse Gas Emission Reductions from Conservation Agriculture,"1335-1341. Husson O, Chapentier H, Naudin K, Razanamparany C, Moussa N, Michellon R, Razafintsalama H, Rokotoarinivo C, Rakotondramanana, Enjalric F, Séguy L 2009 La mise en place de systeèmes de culture en semis direct. Manuel pratique du semis direct à Madagascar, Vol II Chapitre 3. Hutsch BW 1998a Tillage and land use effects on methane oxidation rates and their vertical profiles in soil. Biol. Fert. Soils 27: 284-292. Hutsch BW 2001 Methane oxidation in non-flooded soils as affected by crop production. Eur. J. Agron. 14: 237-260. IPCC 1997 Revised 1996 IPCC guidelines for national greenhouse gas inventories: Reference Manual, Vol 3 in: Houghton JT, Meira LG, Filho LG, Lim B, Treanton K, Mamaty I, Bonduki Y, Griggs DJ, Callender BA (Eds), Intergovernmental Panel on Climate Change. Ismail I, Blevins RL, Frye WW 1994 Long term no-tillage effects on soil properties and continuous corn yields. Soil Science Society of America Journal: 193-198.",FAO,https://www.fao.org/fileadmin/user_upload/agp/icm16.pdf,pdf,24,955
Soil Organic Carbon _202,Soil Health,Soil Organic Carbon Accumulation and Greenhouse Gas Emission Reductions from Conservation Agriculture,"continuous corn yields. Soil Science Society of America Journal: 193-198. Jacinthe PA, Lal R, Kimble JM 2002 Carbon budget and seasonal carbon dioxide emission from a central Ohio Luvisol as influenced by wheat residue amendment. Soil Till. Res., 67: 147-157. Janzen HH 1987 Soil organic matter characteristics after long-term cropping to various spring wheat rotations. Can J Soil Sci 67: 845-856. Janzen HH, Johnston AM, Carefoot JM, Lindwall CW 1997 Soil organic matter dynamics in long-term experiments in Southern Alberta: 283-296. In: EA Paul et al. ed. Soil organic matter in temperate agroecosystems - Long-term experiments in North America. CRC Press, New York. Jarecki MK, Lal R 2003 Crop management for soil carbon sequestration. Crit. Rev. Plant Sci. 22: 471-502. Jenkinson DS 1990 The turnover of organic carbon and nitrogen in soil. Philisophical Transactions of the Royal Society London series B 329: 361-368.",FAO,https://www.fao.org/fileadmin/user_upload/agp/icm16.pdf,pdf,24,924
Soil Organic Carbon _203,Soil Health,Soil Organic Carbon Accumulation and Greenhouse Gas Emission Reductions from Conservation Agriculture,"Jenkinson DS 1990 The turnover of organic carbon and nitrogen in soil. Philisophical Transactions of the Royal Society London series B 329: 361-368. Johnson MG, Allmaras, Reicosky 2006 Estimating source C from crop residues, roots and rhizodeposits using the national grain-yield database. Agron J 98: 622-636.",FAO,https://www.fao.org/fileadmin/user_upload/agp/icm16.pdf,pdf,24,310
Soil Organic Carbon _204,Soil Health,Soil Organic Carbon Accumulation and Greenhouse Gas Emission Reductions from Conservation Agriculture,"54 SOIL ORGANIC CARBON ACCUMULATION AND GREENHOUSE GAS EMISSION REDUCTIONS FROM CONSERVATION AGRICULTURE Integrated Crop Management Johnson MG, Levine ER, Kern JS 1995 Soil organic matter: Distribution, genesis and management to reduce greenhouse gas emissions. Water Air and Soil Pollution 82: 593-615. Kandeler E, Tscherko D, Spiegel H 1999 Long-term monitoring of microbial biomass, N mineralisation and enzyme activities of a Chernozem under different tillage managements. Biol Fertil Soils 28: 343-351. Karlen DL, Wollenhaupt NC, Erbach DC, Berry EC, Swan JB, Eash NS, Jordahl JL 1994 Long-term tillage effects on soil quality. Soil and Tillage Research 32: 313- 327. Kassam A, Friedrich T, Shaxson F, Pretty J 2009 The spread of Conservation Agriculture: Justification, sustainability and uptake. International Journal of Agricultural Sustainability 7(4): 1-29. Kassam A, Stoop W , Uphoff N 2011 Review of SRI modifications in rice crop",FAO,https://www.fao.org/fileadmin/user_upload/agp/icm16.pdf,pdf,24,942
Soil Organic Carbon _205,Soil Health,Soil Organic Carbon Accumulation and Greenhouse Gas Emission Reductions from Conservation Agriculture,"Agricultural Sustainability 7(4): 1-29. Kassam A, Stoop W , Uphoff N 2011 Review of SRI modifications in rice crop and water management and research issues for making further improvements in agricultural and water productivity. Paddy and Water Environment 9:163-180. Kay BD 1990 Rates of change of soil structure under different cropping system. Adv. Soil Sci. 12: 1-52. Kern JS, Johnson MG 1993 Conservation Tillage Impacts on National Soil and Atmospheric Carbon Levels. Soil Science Society of America Journal 57: 200-210. Kessavalou A, Doran JW , Mosier AR, Drijber RA 1998a Greenhouse Gas fluxes following tillage and wetting in a wheat-fallow cropping system. J Environ Qual 27: 1105-1116. Kessavalou A, Mosier AR, Doran JW , Drijber RA, Lyon DJ, Heinemeyer O 1998b Fluxes of carbon dioxide, nitrous oxide, and methane in grass sod and winter wheat- fallow tillage management. J Environ Qual 27: 1094-1104. Knowles TA, Singh B 2003 Carbon storage in cotton soils of northern New South",FAO,https://www.fao.org/fileadmin/user_upload/agp/icm16.pdf,pdf,24,990
Soil Organic Carbon _206,Soil Health,Soil Organic Carbon Accumulation and Greenhouse Gas Emission Reductions from Conservation Agriculture,"fallow tillage management. J Environ Qual 27: 1094-1104. Knowles TA, Singh B 2003 Carbon storage in cotton soils of northern New South Wales. Australian Journal of Soil Research 41: 889-903. Knowles TA, Singh B 2003 Carbon storage in cotton soils of northern New South Wales. Australian Journal of Soil Research 41: 889-903. Kolchugina TP , Vinson TS, Gaston GG, Rozkov VA, Shwidendo AZ 1995 Carbon pools, fluxes, and sequestration potential in soils of the Former Soviet Union. In: Lal R, Kimble J, Levine E, Stewart BA eds. Soil Management and the Greenhouse Effect. CRC and Lewis Publishers, Boca Raton, FL: 25-40. Kronen M 1994 Water harvesting and conservation techniques for smallholder crop production systems. Soil and Tillage Research 32: 71-86. Kundu S, Singh M, Saha JK, Biswas A, Tripathi AK, Acharya CL 2001 Relationship between C addition and storage in a Vertisol under soybean-wheat cropping system",FAO,https://www.fao.org/fileadmin/user_upload/agp/icm16.pdf,pdf,24,914
Soil Organic Carbon _207,Soil Health,Soil Organic Carbon Accumulation and Greenhouse Gas Emission Reductions from Conservation Agriculture,"between C addition and storage in a Vertisol under soybean-wheat cropping system in sub-tropical central India. Journal of Plant Nutrition and Soil Science 164: 483-486. Kuo S, Sainju MU, Jellum E 1997 Winter cover crop effects on soil organic carbon and carbohydrate in soil. Soil Science Society of America Journal 61: 145-152. Kuzyakov Y, Friedel JK, Stahr K 2000 Review of mechanisms and quantification of priming effects. Soil Biol Biochem 32, 1485-1498.",FAO,https://www.fao.org/fileadmin/user_upload/agp/icm16.pdf,pdf,24,459
Soil Organic Carbon _208,Soil Health,Soil Organic Carbon Accumulation and Greenhouse Gas Emission Reductions from Conservation Agriculture,"55 REFERENCES Vol. 16–2012 Lafond GP , Walley F, Schoenau J, May WE, Holzapfel CB, McKell J, Halford J 2008. Long-term vs. short-term conservation tillage: 28-43. In: Proceedings of the 20th Annual Meeting and Conference of the Saskatchewan Soil Conservation Association. Feb 12 and13, Regina SK. Lal R 1973 Effects of seedbed preparation and time of planting on maize ( Zea mays) in Western Nigeria. Experimental Agriculture 9: 303-313. Lal R 1997 Residue management, conservation tillage and soil restoration for mitigating greenhouse effect by CO2-enrichment. Soil and Tillage Research 43, 81-107. Lal R 2002 Carbon sequestration in dryland ecosystems of west Asia and north Africa. Land Degradation and Development 13: 45-59. Lal R 2004 Soil Carbon Sequestration Impacts on Global Climate Change and Food Security. Science 304, 1623. Lal R 2008 a Carbon sequestration. Phil Trans R Soc B 363: 815-830. Lal R 2008 b Crop residues and soil carbon 2008 Conservation Agriculture Carbon",FAO,https://www.fao.org/fileadmin/user_upload/agp/icm16.pdf,pdf,24,985
Soil Organic Carbon _209,Soil Health,Soil Organic Carbon Accumulation and Greenhouse Gas Emission Reductions from Conservation Agriculture,"Lal R 2008 a Carbon sequestration. Phil Trans R Soc B 363: 815-830. Lal R 2008 b Crop residues and soil carbon 2008 Conservation Agriculture Carbon Offset Consultation, 2008 October 28-30, West Lafayette, Indiana, USA. Lal R, Henderlong P , Flowers M 1998a Forages and row cropping effects on soil organic carbon and nitrogen contents. In: Management of carbon sequestration in soil: 365-379. Lal, R. et al., Eds., CRC Press, Boca Raton, FL. Lal R, Kimble J, Follett RF 1998b Need for research and need for action. In: Management of Carbon Sequestration in Soil, 447-454. Lal, R. et al., Eds., CRC Press, Boca Raton, FL. Lal R, Kimble JM, Follet RF, Cole CV 1998 c The Potential of US Cropland to Sequester Carbon and Mitigate the Greenhouse Effect. Ann Arbor Press, Chelsea, MI. Landers J 2007 Integrated Crop Management 5: Tropical crop-livestock systems in conservation agriculture - The Brazilian experience. Food and Agriculture Organization of the United Nations, Rome, Italy.",FAO,https://www.fao.org/fileadmin/user_upload/agp/icm16.pdf,pdf,24,982
Soil Organic Carbon _210,Soil Health,Soil Organic Carbon Accumulation and Greenhouse Gas Emission Reductions from Conservation Agriculture,"in conservation agriculture - The Brazilian experience. Food and Agriculture Organization of the United Nations, Rome, Italy. Larney FJ, Bremer E, Janzen HH, Johnston AM, Lindwall CW 1997 Changes in total, mineralizable and light fraction soil organic matter with cropping and tillage intensities in semiarid southern Alberta, Canada. Soil and Tillage Research, 42-4: 229-240. Lee J, Phillips DL, Liu R 1993 The effect of trends in tillage practices on erosion and carbon content of soils in the US Corn Belt. Water, Air, and Soil Pollution 70: 389-401. Lemke RL, Izaurralde RC, Nyborg M, Solberg ED 1999 Tillage and N source influence soil-emitted nitrous oxide in the Alberta Parkland region. Can J Soil Sci 79: 15-24. Linn DM, Doran JW 1984 Effect of water-filled pore space on carbon dioxide and nitrous oxide production in tilled and nontilled soils. Soil Sci Soc Am J 48: 1267-1272. Lobb D, Kachanoski RG, Miller MH 1995 Tillage translocation and tillage erosion on",FAO,https://www.fao.org/fileadmin/user_upload/agp/icm16.pdf,pdf,24,971
Soil Organic Carbon _211,Soil Health,Soil Organic Carbon Accumulation and Greenhouse Gas Emission Reductions from Conservation Agriculture,"1267-1272. Lobb D, Kachanoski RG, Miller MH 1995 Tillage translocation and tillage erosion on shoulder slope landscape positions measured using 137Cs as a tracer. Can J Soil Sci 75: 211-218.",FAO,https://www.fao.org/fileadmin/user_upload/agp/icm16.pdf,pdf,24,190
Soil Organic Carbon _212,Soil Health,Soil Organic Carbon Accumulation and Greenhouse Gas Emission Reductions from Conservation Agriculture,"56 SOIL ORGANIC CARBON ACCUMULATION AND GREENHOUSE GAS EMISSION REDUCTIONS FROM CONSERVATION AGRICULTURE Integrated Crop Management Lobb D, Lindstrom MJ 1999 Tillage translocation and tillage erosion. Poster Presentation at Manitoba Soil Science Society Meeting Winnipeg, Manitoba, February 1-2 1999. López-Bellido RJ, Fontán JM, López-Bellido FJ, López-Bellido L 2010 Carbon Sequestration by Tillage, Rotation, and Nitrogen Fertilization in a Mediterranean Vertisol. Agron J 102: 310-318. Lopez-Fando C, Pardo MT 2001 The impact of tillage systems and crop rotations on carbon sequestration in calcic luvisol of central Spain. I World Congress on Conservation Agriculture. Madrid, 1-5 October. Lovato J, Mielniczuk C, Bayer, Vezzani F 2004 Adições de carbono e nitrogênio e sua relação com os estoques no solo e com o rendimento do milho em sistemas de manejo. Revista Brasileira de Ciência do Solo 28: 175-187. Luo Z, Wang E, Sun OJ 2010 Can no-tillage stimulate carbon sequestration in",FAO,https://www.fao.org/fileadmin/user_upload/agp/icm16.pdf,pdf,24,988
Soil Organic Carbon _213,Soil Health,Soil Organic Carbon Accumulation and Greenhouse Gas Emission Reductions from Conservation Agriculture,"manejo. Revista Brasileira de Ciência do Solo 28: 175-187. Luo Z, Wang E, Sun OJ 2010 Can no-tillage stimulate carbon sequestration in agricultural soils? A meta-analysis of paired experiments. Agriculture, Ecosystems and Environment 139: 224-231 Lyon DJ 1998 Long-term tillage comparisons for winter wheat-fallow in the US Central Great plains. Soil and Tillage Research 49: 1. Macdonald AJ, Powlson DS, Poulton PR, Jenkinson DS 1989 Unused fertiliser nitrogen in arable soils-its contribution to nitrate leaching. Journal of the Science of Food and Agriculture 46: 407-419. Machado PLOA., Silva CA 2001 Soil management under no tillage systems in the tropics with special reference to Brazil. Nutr. Cycl. Agroecosyst. 61: 119 - 130. MacKenzie AF, Fan MX, Cadrin F 1997 Nitrous oxide emission as affected by tillage, corn-soybean-alfalfa rotations and nitrogen fertilization. Can J Soil Sci 77: 145-152. Mackenzie AF, Fan MX, Cardin F 1998 Nitrous oxide emission in three years as",FAO,https://www.fao.org/fileadmin/user_upload/agp/icm16.pdf,pdf,24,981
Soil Organic Carbon _214,Soil Health,Soil Organic Carbon Accumulation and Greenhouse Gas Emission Reductions from Conservation Agriculture,"145-152. Mackenzie AF, Fan MX, Cardin F 1998 Nitrous oxide emission in three years as affected by tillage, corn-soybeans-alfalfa rotations, and nitrogen fertilization. Journal of Environmental Quality 27: 698-703. Maclean JL, Dawe DC, Hardy B, Hettel GP 2002. Rice almanac (Third Edition). Philippines, IRRI, WARDA, CIAT and FAO. Magdoff F, Weil RR, 2004 Soil organic matter management strategies. In: Magdoff F, Weil RR eds. Soil Organic Matter in Sustainable Agriculture. CRC Press, New York: 45-65. Melero S, Lopez-Garrido R, Madejon E, Murillo JM, Vanderlinden K, Ordonez R, Moreno F 2009 Long-term effects of conservation tillage on organic fractions in two soils in southwest of Spain. Agriculture, Ecosystems and Environment 133: 68-74. Mielke LN., Doran JW , Richards KA 1986 Physical environment near the surface of plowed and no-tilled soils. Soil and Tillage Research 7: 355-366. Mitchell CC, Arriaga FJ, Entry JA, Novak JL, Goodman WR, Reeves DW ,",FAO,https://www.fao.org/fileadmin/user_upload/agp/icm16.pdf,pdf,24,959
Soil Organic Carbon _215,Soil Health,Soil Organic Carbon Accumulation and Greenhouse Gas Emission Reductions from Conservation Agriculture,"plowed and no-tilled soils. Soil and Tillage Research 7: 355-366. Mitchell CC, Arriaga FJ, Entry JA, Novak JL, Goodman WR, Reeves DW , Runge MW , Traxler GJ 1996 The Old Rotation, 1896-1996 100 Years of Sustainable Cropping Research. Alabama Agricultural Experiment Station, Auburn, AL.",FAO,https://www.fao.org/fileadmin/user_upload/agp/icm16.pdf,pdf,24,286
Soil Organic Carbon _216,Soil Health,Soil Organic Carbon Accumulation and Greenhouse Gas Emission Reductions from Conservation Agriculture,"57 REFERENCES Vol. 16–2012 Moreno F, Murillo JM, Pelegrín F, Girón IF 2006. Long-term impact of conservation tillage on stratification ratio of soil organic carbon and loss of total and active CaCO3. Soil and Tillage Research 85: 86-93. Mosier A, Shimel D, Valentine D, Bronson K, Parton W 1991 Methane and nitrous oxide fluxes in native, fertilized and cultivated grasslands. Nature 350: 330-332. Nurbekov A 2008 Manual on Conservation Agriculture Practices in Uzbekistan. Ministry of Agriculture, FAO and ICARDA, Tashkent, Uzbekistan: 40. Nyakatawa EZ, Reddy KC, Sistani KR 2001 Tillage, cover cropping, and poultry litter effects on selected soil chemical properties. Soil Tillage Res. 58: 69-79. Nyborg M, Solberg ED, Malhi SS, Izaurralde RC 1995 Fertilizer N, crop residue, and tillage alter soil C and N content in a decade. In: Lal R, Kimble J, Levine E, Stewart BA eds. Soil Management and Greenhouse Effect. Lewis Publishers, CRC Press, Boca Raton, FL: 93-99.",FAO,https://www.fao.org/fileadmin/user_upload/agp/icm16.pdf,pdf,24,968
Soil Organic Carbon _217,Soil Health,Soil Organic Carbon Accumulation and Greenhouse Gas Emission Reductions from Conservation Agriculture,"BA eds. Soil Management and Greenhouse Effect. Lewis Publishers, CRC Press, Boca Raton, FL: 93-99. Oades JM 1984 Soil organic matter and structural stability: mechanisms and implications for management, Plant and Soil 76: 319-337. Palma RM, Rimolo M, Saubidet MI, Conti ME 1997 Influence of tillage system on denitrification in maize-cropped soils. Biol Fertil Soil 25: 142-146. Parmelee R.W ., Beare M.H., Cheng W ., Hendrix P .F., Rider S.J., Crossley D.A. Jr., Coleman D.C., Earthworms and enchytraeids in conventional and no-tillage agroecosystems: a biocide approach to assess their role in organic matter breakdown. Biol. Fert. Soils 10 (1990) 1–10. Paustian K, Collins HP , Paul EA 1997 Management controls on soil carbon. In: Paul EA, Paustian K, Elliot ET, Cole CV eds. Soil Organic Matter in Temperate Agroecosystems. CRC Press, Boca Raton: 15-49. Paustian K, Parton WJ, Persson J 1992 Modeling soil organic matter in organic-",FAO,https://www.fao.org/fileadmin/user_upload/agp/icm16.pdf,pdf,24,936
Soil Organic Carbon _218,Soil Health,Soil Organic Carbon Accumulation and Greenhouse Gas Emission Reductions from Conservation Agriculture,"Agroecosystems. CRC Press, Boca Raton: 15-49. Paustian K, Parton WJ, Persson J 1992 Modeling soil organic matter in organic- amended and nitrogen-fertilized long-term plots. Soil Science Society of America Journal 56: 476-488. Pavan MA, Bingham FT, Pratt PF 1984 Redistribution of exchangeable calcium, magnesium, and aluminium following lime and gypsum applications to a Brazilian Oxisol. Soil Science Society of America Journal 48: 33-38. Phillips DL, White D, Johnson CB 1993 b Implications of climate change scenarios for soil erosion potential in the United States. Land Degradation and Rehabilitation 4: 61-72. Pieri C 1995 Long-term soil management experiments in Semi-arid francophone Africa. In: Lal R, Kimble J, Levine E, Stewart BA eds. Soil Management and Greenhouse Effect. Lewis Publishers, CRC Press, Boca Raton, FL: 93-99. Pisante M, Corsi S, Amir K, Friedrich T 2010 The challenge of agricultural",FAO,https://www.fao.org/fileadmin/user_upload/agp/icm16.pdf,pdf,24,913
Soil Organic Carbon _219,Soil Health,Soil Organic Carbon Accumulation and Greenhouse Gas Emission Reductions from Conservation Agriculture,"Greenhouse Effect. Lewis Publishers, CRC Press, Boca Raton, FL: 93-99. Pisante M, Corsi S, Amir K, Friedrich T 2010 The challenge of agricultural sustainability for Asia and Europe. Transition Studies Review. Vol. 17, N. 4, 662-667. Post WH, Kwon KC 2000 Soil carbon sequestration and land use change: processes and potential. Global change Biology 6: 327-327. Potter KN, Jones OR, Torbert HA, Unger PW 1997 Crop rotation and tillage effects on organic carbon sequestration in the semiarid southern Great Plains. Soil Sci 162: 140-147.",FAO,https://www.fao.org/fileadmin/user_upload/agp/icm16.pdf,pdf,24,535
Soil Organic Carbon _220,Soil Health,Soil Organic Carbon Accumulation and Greenhouse Gas Emission Reductions from Conservation Agriculture,"58 SOIL ORGANIC CARBON ACCUMULATION AND GREENHOUSE GAS EMISSION REDUCTIONS FROM CONSERVATION AGRICULTURE Integrated Crop Management Potter KN, Torbert HA, Jones OR, Matocha JE, Morrison JEJ, Unger PW 1998 Distribution and amount of soil organic C in long-term management systems in Texas, Soil Till. Res. 14: 39-52. Puget P , Chenu C, Balesdent J 1995 Total and young organic matter distributions in aggregates of silty cultivated soils. European Journal of Soil Science, 46: 449-459. Rasmussen PE Allmaras RR, Rohde CR, Roager NCJ 1980 Crop residue influences on soil carbon and nitrogen in a wheat-fallow system. Soil Science Society of America Journal 44: 596-600. Rasmussen PE, Rohde CR 1988 Long-term tillage and nitrogen fertilisation effects on organic nitrogen and carbon in a semi-arid soil. Soil Science Society of America Journal 52: 1114-1117. Reddy KR, Patrick WHJ 1976 Ammonium diffusion as a factor in nitrogen loss from",FAO,https://www.fao.org/fileadmin/user_upload/agp/icm16.pdf,pdf,24,935
Soil Organic Carbon _221,Soil Health,Soil Organic Carbon Accumulation and Greenhouse Gas Emission Reductions from Conservation Agriculture,"Journal 52: 1114-1117. Reddy KR, Patrick WHJ 1976 Ammonium diffusion as a factor in nitrogen loss from flooded soils. Soil Science Society of America Journal 40: 528-533. Reicosky DC 1997 Tillage-induced CO2 emissions from soil. Nutrient Cycl Agroesyst 49, 273-285. Reicosky DC 1998 Effect of Tillage on the release of CO 2. Paper presented to the Symposium “Conservation Tillage: Can it assist in mitigating the Greenhouse Gas Problem?”, The University of Queensland. Reicosky DC, Lindstrom MJ 1993 Fall tillage methods: Effect on short-term carbon dioxide flux from soil. Agron J 85-6: 1237-1243. Reicosky DC, Lindstrom MJ 1995 Impact of fall tillage and short-term carbon dioxide flux. In: Lal R, Kimble J, Levine E, Stewart B eds. Soil Global Change. Lewis Publishers, Chelsea, MI: 177-187. Reicosky DC, Lindstrom MJ, Schumacher TE, Lobb D, Malo DD 2005 Tillage- induced CO2 loss across an eroded landscape. Soil and Tillage Research 81, 2: 183- 194.",FAO,https://www.fao.org/fileadmin/user_upload/agp/icm16.pdf,pdf,24,954
Soil Organic Carbon _222,Soil Health,Soil Organic Carbon Accumulation and Greenhouse Gas Emission Reductions from Conservation Agriculture,"induced CO2 loss across an eroded landscape. Soil and Tillage Research 81, 2: 183- 194. Rillig MC, Mummey DL 2006 (Tansley review) Mycorrhizas and soil structure. New Phytologist 171: 41-53. Ringius L 2002 Soil carbon sequestration and the CDM: opportunities and challenges for Africa. Clim. Change, 54: 471-495. Robertson GP , Paul EA, Harwood RR 2000 Greenhouse gases in intensive agriculture: contribution of individual gases to the radiate forcing of the atmosphere. Science 289: 1922-1925. Robinson, C.A., R.M. Cruse, and M. Ghaffarzadeh. 1996. Cropping system and nitrogen effects on Mollisol organic carbon. Soil Science Society of America Journal 60: 264-269. Rockström J, Kaumbutho P , Mwalley JM, Nzabi AW , Temesgen M, Mawenya L, Barron J, Mutua J, Damgaard-Larsen S 2009 Conservation farming strategies in East and Southern Africa: yields and rain water productivity from on-farm action research. Soil Tillage Res 103:23-32.",FAO,https://www.fao.org/fileadmin/user_upload/agp/icm16.pdf,pdf,24,936
Soil Organic Carbon _223,Soil Health,Soil Organic Carbon Accumulation and Greenhouse Gas Emission Reductions from Conservation Agriculture,"East and Southern Africa: yields and rain water productivity from on-farm action research. Soil Tillage Res 103:23-32. Ryan J 1997 Change in organic carbon in long-term rotation and tillage trials in northern Syria. In: Lal R, Kimble J, Follett RF, Stewart BA eds. Management of carbon sequestration in soil: 28.",FAO,https://www.fao.org/fileadmin/user_upload/agp/icm16.pdf,pdf,24,312
Soil Organic Carbon _224,Soil Health,Soil Organic Carbon Accumulation and Greenhouse Gas Emission Reductions from Conservation Agriculture,"59 REFERENCES Vol. 16–2012 Sahrawat KL, Keeney DR 1986 Nitrous oxide emission from soils. Adv Soil Sci 4: 103-148 Sainju UM, Singh BP , Whitehead WF 2002 Long-term effects of tillage, cover crops, and nitrogen fertilization on organic carbon and nitrogen concentrations in sandy loam soils in Georgia, USA. Soil Tillage Res. 63: 167-179. Salas W . 2010 Strategies for Mitigating Rice GHG Emissions: Modeling and Geospatial Monitoring. Technical Working Group on Agricultural Greenhouse Gases (T-AGG): Experts Meeting, April 22nd - 23rd 2010, Chicago. Schlesinger WH 2000 Carbon sequestration in soils: some cautions amidst optimism. Agriculture, Ecosystems and Environment 82: 121-127. Scopel E, Triomphe B, Ribeiro MFS, Séguy L, Denardin JE, Kochann RA 2004 Direct seeding mulch-based cropping systems (DMC) in Latin America. In Fischer T, Turner N, Angus J, Mclntyre L, Robertsen M, Borrell A, Llyod D eds. New Directions for a Diverse Planet: Proceedings for the 4th International",FAO,https://www.fao.org/fileadmin/user_upload/agp/icm16.pdf,pdf,24,983
Soil Organic Carbon _225,Soil Health,Soil Organic Carbon Accumulation and Greenhouse Gas Emission Reductions from Conservation Agriculture,"eds. New Directions for a Diverse Planet: Proceedings for the 4th International Crop Science Congress, Brisbane, Australia, 26 September-1 October 2004. Séguy L 2009 À propos des SCV: pour une définition plus précise. Document interne Cirad. In: http://agroecologie.cirad.fr/librairie_virtuelle. Séguy L, Bouzinac S 2002 Gestão dos solos tropicais sob Plantio Direto, 121-134 in: Anais do 7° Encontro de Plantio Direto no Cerrado Clube Amigos da Terra do Oeste Baiano, Luiz Eduardo Magalhães, Bahia, Brazil. Séguy L, Bouzinac S, Husson O 2006 Direct-seeded Tropical Soil Systems with Permanent Soil Cover: Learning from Brazilian Experience In: Biological Approaches to Sustainable Soil Systems (Uphoff, N et al, Eds), 323-342 CRC Press, Taylor and Francis Group. Séguy L, Bouzinac S, Maeda E, Ide MA, Trentini A 1999 La maîtrise de Cyperus rotundus par le semis direct en culture cotonnière au Brésil. Agriculture et développement nº 21, mars 1999: 87-97 - F 34398 Montpellier cedex 5.",FAO,https://www.fao.org/fileadmin/user_upload/agp/icm16.pdf,pdf,24,986
Soil Organic Carbon _226,Soil Health,Soil Organic Carbon Accumulation and Greenhouse Gas Emission Reductions from Conservation Agriculture,"rotundus par le semis direct en culture cotonnière au Brésil. Agriculture et développement nº 21, mars 1999: 87-97 - F 34398 Montpellier cedex 5. Séguy L, Bouzinac S, Scopel E, Ribeiro F 2003 New concepts for sustainable management of cultivated soils through direct seeding mulch based cropping systems: the CIRAD experience, partnership and networks. II Congresso Mundial sobre Agricultura Conservacionista. Sequi P 1989 Chimica del suolo. P Sequi coordinatore. Patron Editore Bologna, Italy. Sexstone AJ, Revsbech NP , Parkin TB, Tiedje JM 1985 Direct measurement of oxygen profiles and denitrification rates in soil aggregates. Soil Science Society of America Journal 49: 645-651. Sidiras N, Pavan MA 1985 Influencia do sistema de manejo do solo no seu nıvel de fertilidade. Revista Brasileira de Ciência do Solo 9: 249-254. Silici L 2010 Conservation Agriculture and Sustainable Crop Intensification in Lesotho, Vol 61. Food and Agriculture Organization of the United Nations, Rome,",FAO,https://www.fao.org/fileadmin/user_upload/agp/icm16.pdf,pdf,24,987
Soil Organic Carbon _227,Soil Health,Soil Organic Carbon Accumulation and Greenhouse Gas Emission Reductions from Conservation Agriculture,"Lesotho, Vol 61. Food and Agriculture Organization of the United Nations, Rome, Italy. Sisti CPJ, dos Santos HP , Kohhann R, Alves BJR, Urquiaga S, Boddey RM 2004 Change in carbon and nitrogen stocks in soil under 13 years of conventional or zero tillage in southern Brazil. Soil and Tillage Research 76: 39-58.",FAO,https://www.fao.org/fileadmin/user_upload/agp/icm16.pdf,pdf,24,311
Soil Organic Carbon _228,Soil Health,Soil Organic Carbon Accumulation and Greenhouse Gas Emission Reductions from Conservation Agriculture,"60 SOIL ORGANIC CARBON ACCUMULATION AND GREENHOUSE GAS EMISSION REDUCTIONS FROM CONSERVATION AGRICULTURE Integrated Crop Management Six J, Conant RT, Paul EA, Paustian K 2002a Stabilization mechanisms of soil organic matter: implications for C-saturation of soils: a Review. Plant and Soil 241: 155-176. Six J, Elliot ET, Paustian K, Doran JW 1998 Aggregation and soil organic matter accumulation in cultivated and native grassland soils. Soil Science Society of America Journal 62: 1367-1377. Six J, Feller C, Denef K, Ogle S, Sa JCM, Albrecht A 2002b Soil organic matter, biota, and aggregation in temperate and tropical soils - Effect of no-tillage. Agronomie 22: 755-775. Six J, Ogle SM, Breidt FJ, Conant RT, Mosier AR, Paustian K 2004 The potential to mitigate global warming with no-tillage management is only realized when practised in the long term. Global Change Biol 10: 155-160. Smith P 2004 Carbon sequestration in croplands: the potential in Europe and the",FAO,https://www.fao.org/fileadmin/user_upload/agp/icm16.pdf,pdf,24,970
Soil Organic Carbon _229,Soil Health,Soil Organic Carbon Accumulation and Greenhouse Gas Emission Reductions from Conservation Agriculture,"in the long term. Global Change Biol 10: 155-160. Smith P 2004 Carbon sequestration in croplands: the potential in Europe and the global context. European Journal of Agronomy 20: 229-236. Smith P , Martino D, Cai Z, Gwary D, Janzen H, Kumar P , McCarl B, Ogle S, O’Mara F, Rice C, Scholes B, Sirotenko O 2007 Agriculture. In Climate Change 2007: Mitigation. Contribution of Working Group III to the Fourth Assessment Report of the Intergovernmental Panel on Climate Change [B. Metz, O.R. Davidson, P .R. Bosch, R. Dave, L.A. Meyer (eds)], Cambridge University Press, Cambridge, United Kingdom and New York, NY, USA. Smith P , Powlson DS, Glendenning MJ, Smith JU 1997 Potential for carbon sequestration in European soils: preliminary estimates for five scenarios using results from long-term experiments. Global Change Biology 3: 67-79. Smith P , Powlson DS, Glendenning MJ, Smith JU 1998 Preliminary estimates of the",FAO,https://www.fao.org/fileadmin/user_upload/agp/icm16.pdf,pdf,24,917
Soil Organic Carbon _230,Soil Health,Soil Organic Carbon Accumulation and Greenhouse Gas Emission Reductions from Conservation Agriculture,"results from long-term experiments. Global Change Biology 3: 67-79. Smith P , Powlson DS, Glendenning MJ, Smith JU 1998 Preliminary estimates of the potential for carbon mitigation in European soils through no-till farming. Global Change Biology 4: 679-685. Smith P , Powlson DS, Smith JU, Glendining MJ 1996 The GCTE SOMNET. A global network and database of soil organic matter models and long-term datasets. Soil Use and Management, 12, 104. Solberg ED, Nyborg M, Izaurralde RC, Malhi SS, Janzen HH, Molina-Ayala M 1997 Carbon storage in soils under continuous cereal grain cropping: N fertilizer and straw. In: Lal R eds. Management of carbon sequestration in soil. CRC Press, Boca Raton, FL. Stagnari F, Ramazzotti S, Pisante M 2009 Conservation Agriculture: A Different Approach for Crop Production Through Sustainable Soil and Water Management: A Review. Agronomy for Sustainable Development E. Lichtfouse (ed.), Organic",FAO,https://www.fao.org/fileadmin/user_upload/agp/icm16.pdf,pdf,24,926
Soil Organic Carbon _231,Soil Health,Soil Organic Carbon Accumulation and Greenhouse Gas Emission Reductions from Conservation Agriculture,"A Review. Agronomy for Sustainable Development E. Lichtfouse (ed.), Organic Farming, Pest Control and Remediation of Soil Pollutants, Sustainable Agriculture Reviews 1, DOI 10.1007/978-1-4020-9654-9, Springer Science+Business Media B.V ., 55-83. Stahl PD, Parkin TB, Christensen M 1999 Fungal presence in paired cultivated and uncultivated soils in central Iowa, USA. Biol Fertil Soils 29: 92-97. Stevenson FJ 1986 Cycles of Soil. John Wiley and Sons Inc NY. Stewart BA, Robinson CA 1997 Are Agroecosystems Sustainable in Semiarid Regions? Advances in Agronomy 60: 191-228.",FAO,https://www.fao.org/fileadmin/user_upload/agp/icm16.pdf,pdf,24,573
Soil Organic Carbon _232,Soil Health,Soil Organic Carbon Accumulation and Greenhouse Gas Emission Reductions from Conservation Agriculture,"61 REFERENCES Vol. 16–2012 Stockfisch N, Forstreuter T, Ehlers W 1999 Ploughing effects on soil organic matter after twenty years of conservation tillage in Lower Saxony, Germany. Soil and Tillage Research 52: 91-101. Stoop W , Adam A, Kassam A, 2009 Comparing rice production systems: A challenge for agronomic research and for the dissemination of knowledge-intensive farming practices. Agricultural Water Management 96 1491-1501. Studdert GA, Echeverría HE 2000 Crop rotations and nitrogen fertilization to manage soil organic carbon dynamics. Soil Science Society of America Journal 64: 1496-1503. TAC 1994 Review of CGIAR Priorities and Strategies. TAC Secretariat, FAO, Rome, Italy. Tebrügge F 2000 No-tillage visions - protection of soil, water and climate. Institute for Agricultural Engineering, Justus-Liebig University, Giessen, Germany. Tebrügge F, During RA 1999 Reducing tillage intensity - a review of results from a",FAO,https://www.fao.org/fileadmin/user_upload/agp/icm16.pdf,pdf,24,931
Soil Organic Carbon _233,Soil Health,Soil Organic Carbon Accumulation and Greenhouse Gas Emission Reductions from Conservation Agriculture,"Tebrügge F, During RA 1999 Reducing tillage intensity - a review of results from a long-term study in Germany. Soil and tillage research 53: 15-28. Thierfelder, Wall 2009 Effects of conservation agriculture techniques on infiltration and soil water content in Zambia and Zimbabwe. Soil and Tillage Research, 105, 2: 217-227. Thiombiano L, Meshack M 2009 Scaling-up Conservation Agriculture in Africa: Strategy and Approaches, Vol31. Food and Agriculture Organization of the United Nations, Sub Regional Office for Eastern Africa, Addis Ababa, Ethiopia. Tiessen H, Cuevas E 1994 The role of organic matter in sustaining soil fertility. Nature, 371: 783 - 785. Tran Quoc H, Boyer J, Inthavong C, Senephansiri S, Keodouangsy L, Chounlamountry T, Khamxaykhay C, Panyasiri K, Tivet F, Séguy L 2008 Changes in soil aggregation, soil water-holding capacity and soil biological activity under no-till systems and cropping sequences in the Lao PDR. Regional workshop on conservation agriculture",FAO,https://www.fao.org/fileadmin/user_upload/agp/icm16.pdf,pdf,24,985
Soil Organic Carbon _234,Soil Health,Soil Organic Carbon Accumulation and Greenhouse Gas Emission Reductions from Conservation Agriculture,"cropping sequences in the Lao PDR. Regional workshop on conservation agriculture - Investing in Sustainable Agriculture: The Case of Conservation Agriculture and Direct Seeding Mulch-Based Cropping Systems, 28 October - 1 November 2008, Phonsavan, Xieng Khouang, Lao PDR. Tran Quoc H, Tivet F, Senephansiri S, Keodouangsy L, Chounlamountry T, Khamxaykhay C, Séguy L 2008 Maize yield and profit increase under a no-tillage system and crop rotation with legumes in southern Sayaboury province, LAO PDR. Regional workshop on conservation agriculture - Investing in Sustainable Agriculture: The Case of Conservation Agriculture and Direct Seeding Mulch- Based Cropping Systems, 28 October - 1 November 2008, Phonsavan, Xieng Khouang, Lao PDR. Tullberg J 2008 Conservation Agriculture, emissions and resilience: opportunities and dangers. Conservation Agriculture Carbon Offset Consultation, 2008 October 28-30, West Lafayette, Indiana, USA.",FAO,https://www.fao.org/fileadmin/user_upload/agp/icm16.pdf,pdf,24,936
Soil Organic Carbon _235,Soil Health,Soil Organic Carbon Accumulation and Greenhouse Gas Emission Reductions from Conservation Agriculture,"and dangers. Conservation Agriculture Carbon Offset Consultation, 2008 October 28-30, West Lafayette, Indiana, USA. Uphoff N, Kassam A 2009 STOA Project “Agricultural Technologies for Developing Countries” - Case study System of Rice Intensification Institute of Technology Assessment and Systems Analysis (ITAS), Forschungszentrum Karlsruhe.",FAO,https://www.fao.org/fileadmin/user_upload/agp/icm16.pdf,pdf,24,342
Soil Organic Carbon _236,Soil Health,Soil Organic Carbon Accumulation and Greenhouse Gas Emission Reductions from Conservation Agriculture,"62 SOIL ORGANIC CARBON ACCUMULATION AND GREENHOUSE GAS EMISSION REDUCTIONS FROM CONSERVATION AGRICULTURE Integrated Crop Management Uphoff N, Kassam A, Harwood R 2010 SRI as a methodology for raising crop and water productivity: productive adaptations in rice agronomy and irrigation water management. Paddy and Water Environment 9: 3-11. Uri ND 2001 The environmental implications of soil erosion in the United States. Environ Monit Assess 66: 293-312. van Kessel C, Farrell RE, Roskoski JP 1994 Recycling of the naturally-occurring 15N in an established stand of Leucaena leucocephala. Soil Biol Biochem 26: 757-62. VandenBygaart AJ, Gregorich EG, Angers DA 2003 Influence of agricultural management on soil organic carbon: a compendium and assessment of Canadian studies. Can J Soil Sci 83: 363-380. VandenBygaart AJ, Yang XM, Kay BD Aspinall JD 2002 Variability in carbon sequestration potential in no-till soil landscapes of southern Ontario. Soil and Tillage Research 65 2: 231-241.",FAO,https://www.fao.org/fileadmin/user_upload/agp/icm16.pdf,pdf,24,988
Soil Organic Carbon _237,Soil Health,Soil Organic Carbon Accumulation and Greenhouse Gas Emission Reductions from Conservation Agriculture,"sequestration potential in no-till soil landscapes of southern Ontario. Soil and Tillage Research 65 2: 231-241. Varvel GE 1994 Rotation and nitrogen fertilization effects on changes in soil carbon and nitrogen. Agronomy Journal 86: 319-325. Verhulst N, Govaerts B, Verachtert E, Castellanos-Navarrete A, Mezzalama M, Wall P , Deckers J, Sayre KD 2010 Conservation Agriculture, Improving Soil Quality for Sustainable Production Systems? In: Lal, R., Stewart, B.A. (Eds.), Advances in Soil Science: Food Security and Soil Quality. CRC Press, Boca Raton, FL, USA, pp. 137-208. Vilela L, Martha JGB, Barcellos A, De O Barioni LG 2004 Integração lavoura/pecuària: a sustenibilidade do Cerrado. XXV Congresso de Milho e Sorgo, 29 th Aug - 9th Sep 2004, Cuiabà-MT Brazil. Vinther FP 1992 Measured in simulated denitrification activity in a cropped sandy and loamy soil. Biology and Fertility of Soils 14: 43-78. Vlek PLG, Craswell ET 1981 Ammonia volatilization from flooded soils. Fert Res 2:",FAO,https://www.fao.org/fileadmin/user_upload/agp/icm16.pdf,pdf,24,987
Soil Organic Carbon _238,Soil Health,Soil Organic Carbon Accumulation and Greenhouse Gas Emission Reductions from Conservation Agriculture,"loamy soil. Biology and Fertility of Soils 14: 43-78. Vlek PLG, Craswell ET 1981 Ammonia volatilization from flooded soils. Fert Res 2: 227-45. Wanniarachchi SD, Voroney RP , Vyn TJ, Beyaert RP and MacKenzie AF 1999 Tillage effects on the dynamics of total and corn-residue-derived soil organic matter in two southern Ontario soils. Can J Soil Sci 79: 473-480. West TO, Marland G 2002 A synthesis of carbon sequestration, carbon emissions, and net carbon flux in agriculture: comparing tillage practices in the United States. Agriculture, Ecosystems and Environment 91: 217-232. West TO, Post 2002 Soil Organic Carbon Sequestration Rates by Tillage and Crop Rotation: A Global Data Analysis. Soil Science Society of America Journal 66: 1930-1946. Whitbread AM, Lefroy RDB, Blair GJ 1998 A survey of the impact of cropping on soil physical and chemical properties in north-western New South Wales. Australian Journal of Soil Research 36: 669-681.",FAO,https://www.fao.org/fileadmin/user_upload/agp/icm16.pdf,pdf,24,945
Soil Organic Carbon _239,Soil Health,Soil Organic Carbon Accumulation and Greenhouse Gas Emission Reductions from Conservation Agriculture,"soil physical and chemical properties in north-western New South Wales. Australian Journal of Soil Research 36: 669-681. Wilhelm, Johnson, Karlen, Lightle 2007 Corn Stover to Sustain Soil Organic C Further Constrains Biomass Supply. Agron J 99: 1665-1667. Wilts AR, Reicosky DC, Allmaras RR, Clapp CE 2004 Long-term corn residue effects: Harvest alternatives, soil carbon turnover, and root-derived carbon. Soil Science Society of America Journal. 68: 1342-1351.",FAO,https://www.fao.org/fileadmin/user_upload/agp/icm16.pdf,pdf,24,462
Soil Organic Carbon _240,Soil Health,Soil Organic Carbon Accumulation and Greenhouse Gas Emission Reductions from Conservation Agriculture,"63 REFERENCES Vol. 16–2012 Wright SF, Green VS, Cavigelli MA 2007 Glomalin in aggregate size classes from three different farming systems. Soil and Tillage Research. 94: 546-549. Yang XM, Bouman BAM, Wang H, Wang Z, Zhao J, Cehn B 2005 Performance of temperate aerobic rice under different water regimes in North China. Agricultural Water Management 74: 107-122. Yang XM, Kay BD 2001 Impacts of tillage practices on total, loose- and occluded- particulate, and humified organic carbon fractions in soils within a field in southern Ontario. Can J Soil Sci 81: 149-156. Yang XM, Wander MM 1999 Tillage effects on soil organic carbon distribution and storage in a silt loam soil in Illinois. Soil Till Res 52: 1-9. Zingore S, Manyame C, Nyamugafata P , Giller KE 2005 Long-term changes in organic matter of woodland soils cleared for arable cropping in Zimbabwe. European Journal of Soil Science 56: 727-736.",FAO,https://www.fao.org/fileadmin/user_upload/agp/icm16.pdf,pdf,24,905
Soil Organic Carbon _241,Soil Health,Soil Organic Carbon Accumulation and Greenhouse Gas Emission Reductions from Conservation Agriculture,"65Vol. 16–2012 AnnexesANNEX 1 Quantities of residues achievable in different climates under common rotation systems, regardless of the agricultural practice CROP ROTATION CLIMATE LOCATION ORGANIC MATTER PRODUCED AUTHOR pigeon pea semi-arid tropics India 3 t ha-1 of dry leaf Abdurahman et al. (1998) cowpea 0.14 t ha-1 of dry leaf velvetbean1-based systems Tropics America central 35 - 50 t -1 ha-1 y-1 of biomass FAO (2001) soybean semi-arid temperate Canada Reicosky (1997) maize twice the amount of soybean residue 1 Velvetbean = Mucuna pruriens",FAO,https://www.fao.org/fileadmin/user_upload/agp/icm16.pdf,pdf,24,548
Soil Organic Carbon _242,Soil Health,Soil Organic Carbon Accumulation and Greenhouse Gas Emission Reductions from Conservation Agriculture,"67 ANNEXES Vol. 16–2012 ANNEX 2 SOC quantities achievable in different climates under most common rotation systems (adapted from Jarecki and Lal, 2003) CROP ROTATIONS with and without cover crop or green manure CLIMATE LOCATION SOIL type SOC INCREASE relative to the same rotation without cover crop or green manure [t-1 ha-1 y-1] AUTHOR millet - wheat - green manure - sesbania 1 Tropics India Sand loam 0.20 Chander et al. (1997) millet - wheat - fallow wheat - barley - green manure humid and subhumid temperate Sweden Sandy clay loam 0.35 Paustian et al. (1992) wheat - barley cotton2 - rye3 humid and subhumid subtropics USA, Alabama Sand loam 5.413 Nyakatawa et al. (2001)cotton - fallow hairy vetch in tomato - maize 0.90 tomato - maize tomato - eggplant4 - rye humid and subhumid subtropics USA, Georgia Sand loam 0.63 Sainju et al. (2002) tomato - eggplant tomato - eggplant - hairy vetch 0.51 tomato - eggplant tomato - eggplant - clover5 0.50 tomato - eggplant",FAO,https://www.fao.org/fileadmin/user_upload/agp/icm16.pdf,pdf,24,971
Soil Organic Carbon _243,Soil Health,Soil Organic Carbon Accumulation and Greenhouse Gas Emission Reductions from Conservation Agriculture,tomato - eggplant tomato - eggplant - hairy vetch 0.51 tomato - eggplant tomato - eggplant - clover5 0.50 tomato - eggplant 1 Sesbania = Sesbania sesban 2 Cotton = Gossypium spp. 3 Rye = Secale cereale L. 4 Eggplant = Solanum melogena 5 Clover = Trifolium spp.,FAO,https://www.fao.org/fileadmin/user_upload/agp/icm16.pdf,pdf,24,260
Soil Organic Carbon _244,Soil Health,Soil Organic Carbon Accumulation and Greenhouse Gas Emission Reductions from Conservation Agriculture,"68 SOIL ORGANIC CARBON ACCUMULATION AND GREENHOUSE GAS EMISSION REDUCTIONS FROM CONSERVATION AGRICULTURE Integrated Crop Management CROP ROTATIONS with and without cover crop or green manure CLIMATE LOCATION SOIL type SOC INCREASE relative to the same rotation without cover crop or green manure [t-1 ha-1 y-1] AUTHOR alfalfa6 humid and subhumid temperate USA, Ohio Silty clay loam 0.48 Lal et al. (1998a) maize monocrop Kentucky bluegrass7 -0.04 maize monocrop fescue8 2.12 maize monocrop bromegrass9 2.08 maize monocrop maize - rye humid and subhumid temperate USA, Washington state Silty loam 0.53 Kuo et al. (1997) maize maize - Austrian winter pea10 0.16 maize maize - ryegrass 0.32 maize maize - vetch 0.11 maize maize - rapeseed11 -0.11 maize (cont.) 6 Alfalfa = Medicago sativa 7 Kentucky bluegrass = Poa pratensis 8 Fescue = Festuca arundinacea 9 Bromegrass = Bromus inermis. 10 Austrian winter pea = Lathyrus hirsutus L. 11 Rapeseed = Brassica napus",FAO,https://www.fao.org/fileadmin/user_upload/agp/icm16.pdf,pdf,24,959
Soil Organic Carbon _245,Soil Health,Soil Organic Carbon Accumulation and Greenhouse Gas Emission Reductions from Conservation Agriculture,"69 ANNEXES Vol. 16–2012 ANNEX 3 Experimental results on the long-term impact on SOC content / carbon (C) inputs of different tillage systems under the same crop rotation schemes PRIOR HISTORY CROP ROTATION CLIMATE LOCATION SOIL texture SOIL type AGRIC. SYSTEM EXPERIMENT DETAILS RESULTS AUTHOR soybean vs. Subtropical India, central 22% of the annual gross C input Kundu et al.(2001) wheat 32% of the annual gross C input black lentil - fallow vs. Semiarid Canada 1.4 - 1.8 t ha-1 of C Curtin et al. (2000)wheat 2 - 3 times the amount of C annually achieved with the black lentil - fallow rotation maize - oat - clover USA, Illinois Comparison of different crop rotations with the adjacent natural grassland SOC content decreased by 29% in 64 years Al-Kaisi (2008)maize - oat - clover with manure, lime and rock phosphate SOC content increased by 4% in 64 years maize - oat SOC content decreased by 33% in 64 years maize - oat with manure, lime and rock phosphate",FAO,https://www.fao.org/fileadmin/user_upload/agp/icm16.pdf,pdf,24,963
Soil Organic Carbon _246,Soil Health,Soil Organic Carbon Accumulation and Greenhouse Gas Emission Reductions from Conservation Agriculture,"SOC content increased by 4% in 64 years maize - oat SOC content decreased by 33% in 64 years maize - oat with manure, lime and rock phosphate SOC content decreased by 24% in 64 years continuous maize SOC content decreased by 45.6% in 64 years continuous maize with manure, lime and rock phosphate SOC content decreased by 35% in 64 years",FAO,https://www.fao.org/fileadmin/user_upload/agp/icm16.pdf,pdf,24,337
Soil Organic Carbon _247,Soil Health,Soil Organic Carbon Accumulation and Greenhouse Gas Emission Reductions from Conservation Agriculture,"70 SOIL ORGANIC CARBON ACCUMULATION AND GREENHOUSE GAS EMISSION REDUCTIONS FROM CONSERVATION AGRICULTURE Integrated Crop ManagementPRIOR HISTORY CROP ROTATION CLIMATE LOCATION SOIL texture SOIL type AGRIC. SYSTEM EXPERIMENT DETAILS RESULTS AUTHOR 4 years of pasture soybean - sunflower vs. Temperate - humid Argentina, Balcarce loamy complex of Typic Argiudoll and Petrocalcic Paleudoll soils TA 11 years experiment (from 1984 to 1995) Higher C sequestration achieved with this rotation. Beneficial effect of N-fertilizer on SOC sequestration. Studdert and Echeverría (2000) continuous soybean wheat - soybean vs. Higher C sequestration achieved with this rotation. continuous soybean soybean - maize vs. Higher C sequestration achieved with this rotation. continuous soybean maize - sunflower vs. Lower C sequestration achieved with this rotation. Beneficial effect of N-fertilizer on SOC sequestration. continuous maize maize - soybean vs. Lower C sequestration",FAO,https://www.fao.org/fileadmin/user_upload/agp/icm16.pdf,pdf,24,963
Soil Organic Carbon _248,Soil Health,Soil Organic Carbon Accumulation and Greenhouse Gas Emission Reductions from Conservation Agriculture,achieved with this rotation. Beneficial effect of N-fertilizer on SOC sequestration. continuous maize maize - soybean vs. Lower C sequestration achieved with this rotation. Beneficial effect of N-fertilizer on SOC sequestration. continuous soybean wheat - sunflower vs. Higher C sequestration achieved with this rotation. N-fertilizer application beneficial. (cont.),FAO,https://www.fao.org/fileadmin/user_upload/agp/icm16.pdf,pdf,24,366
Soil Organic Carbon _249,Soil Health,Soil Organic Carbon Accumulation and Greenhouse Gas Emission Reductions from Conservation Agriculture,"71 ANNEXES Vol. 16–2012 PRIOR HISTORY CROP ROTATION CLIMATE LOCATION SOIL texture SOIL type AGRIC. SYSTEM EXPERIMENT DETAILS RESULTS AUTHOR continuous wheat wheat - soybean vs. Higher C sequestration achieved with this rotation. N-fertilizer application beneficial. continuous soybean continuous wheat vs. Canada, west SOC stored at a rate of 0.15 + 0.6 t of carbon ha-1 y-1 VandenBygaart et al.(2003) fallow 2.2 less t of carbon ha -1 stored wheat grass1 vs. SOC stored at a rate of 0.35 + 0.19 t of carbon ha-1 y-1 fallow - wheat 2.3 less t of carbon ha -1 stored flax2 vs. SOC stored at a rate of -0.15 + 0.2 t of carbon ha-1 y-1 wheat 2.4 less t of carbon ha -1 stored hay - fallow - wheat SOC stored at a rate of 0.22 + 0.19 t of carbon ha-1 y-1 lentil3 or red clover4 - wheat - wheat vs. SOC stored at a rate of 0.15 + 0.11 t of carbon ha-1 y-1 fallow - wheat - wheat vs. 2.3 less t of carbon ha -1 stored",FAO,https://www.fao.org/fileadmin/user_upload/agp/icm16.pdf,pdf,24,911
Soil Organic Carbon _250,Soil Health,Soil Organic Carbon Accumulation and Greenhouse Gas Emission Reductions from Conservation Agriculture,- wheat vs. SOC stored at a rate of 0.15 + 0.11 t of carbon ha-1 y-1 fallow - wheat - wheat vs. 2.3 less t of carbon ha -1 stored 1 Wheat grass = Agropyron cristatum or Agropyron trichophorum 2 Flax = Linum usitatissimum 3 Lentil = Lens culinaria 4 Red clover = Trifolium pratense (cont.),FAO,https://www.fao.org/fileadmin/user_upload/agp/icm16.pdf,pdf,24,288
Soil Organic Carbon _251,Soil Health,Soil Organic Carbon Accumulation and Greenhouse Gas Emission Reductions from Conservation Agriculture,"72 SOIL ORGANIC CARBON ACCUMULATION AND GREENHOUSE GAS EMISSION REDUCTIONS FROM CONSERVATION AGRICULTURE Integrated Crop Management PRIOR HISTORY CROP ROTATION CLIMATE LOCATION SOIL texture SOIL type AGRIC. SYSTEM EXPERIMENT DETAILS RESULTS AUTHOR fallow - fall rye5 - fall rye vs. SOC stored at a rate of 0.1 + 0.14 t of carbon ha-1 y-1 fallow - wheat - wheat 2.3 less t of carbon ha -1 stored straw retention vs. SOC stored at a rate of 0.12 + 0.9 t of carbon ha-1 y-1 straw removal 1.3 less t of carbon ha -1 stored alfalfa6 or red clover - maize vs. SOC stored at a rate of 0.44 + 0.28 t of carbon ha-1 y-1 continuous maize 14.4 + 11.5 less t of carbon ha-1 stored wheat -sunflower Spain, south Vertisol NT vs. TA Comparison of 4 different rotations for TA and NT over more than 11 years. Over 11 years, wheat - sunflower and wheat - wheat rotations accumulate greater above-ground C than other rotations for both tillage systems. López-Bellido et al. (2010)",FAO,https://www.fao.org/fileadmin/user_upload/agp/icm16.pdf,pdf,24,962
Soil Organic Carbon _252,Soil Health,Soil Organic Carbon Accumulation and Greenhouse Gas Emission Reductions from Conservation Agriculture,"- wheat rotations accumulate greater above-ground C than other rotations for both tillage systems. López-Bellido et al. (2010) wheat - wheat Over 20 years, wheat - wheat and wheat - faba bean7 sequestered 1.1 t C ha-1 y-1 for NT and 0.7 t C ha-1 y-1 for TA. This increment is greater for the 30 - 90 cm depths. wheat - faba bean wheat - fallow The lowest above-ground residue C corresponds to wheat - fallow in both tillage systems. 5 Fall rye = Lolium perenne 6 Alfalfa = Medicago sativa 7 Faba bean = Vicia faba (cont.)",FAO,https://www.fao.org/fileadmin/user_upload/agp/icm16.pdf,pdf,24,521
Soil Organic Carbon _253,Soil Health,Soil Organic Carbon Accumulation and Greenhouse Gas Emission Reductions from Conservation Agriculture,73 ANNEXES Vol. 16–2012 PRIOR HISTORY CROP ROTATION CLIMATE LOCATION SOIL texture SOIL type AGRIC. SYSTEM EXPERIMENT DETAILS RESULTS AUTHOR maize - soybean Strip Tillage8 vs. TA Comparison of two adjacent fields under the same rotations and two different agricultural systems over a 2-year period. Both systems are small net sources of C. Strip Tillage does not achieve any C sequestration benefit. Problems related to net ecosystem exchange measurements: i) short-term data used; ii) measurements are subject to experimental difficulties; iii) empirical gap-filling of time periods when measurements were not taken is required. Baker and Griffis (2005) Cereal- fallow rotation winter wheat - Vicia sativa - pea Semiarid Spain Loam Vertic Luvisol NT vs. MT vs. TA 20 years experiment comparing 3 agricultural systems under the same rotation. The steady state of SOC sequestration is reached after 11 years of starting the experiment in NT,FAO,https://www.fao.org/fileadmin/user_upload/agp/icm16.pdf,pdf,24,938
Soil Organic Carbon _254,Soil Health,Soil Organic Carbon Accumulation and Greenhouse Gas Emission Reductions from Conservation Agriculture,"systems under the same rotation. The steady state of SOC sequestration is reached after 11 years of starting the experiment in NT and 12 years in TA and MT: the average SOC is 14% higher in NT than in MT and TA, whereas no signiﬁcant differences are encountered between MT and TA. Hernanz et al. (2009) maize - oat - sorghum - soybean vs. USA, Nebraska - Mead TA 10 years experiment Higher C sequestration achieved with this rotation. Beneficial effect of no N-fertilizer application relative to low, medium and high doses applied. Varvel (1994) continuous maize 8 Strip Tillage = The concept of strip tillage, as described by Lal (1973), requires that the seedbed is divided into a seedling zone and a soil management zone. The seedling zone (5 to 10 cm wide) is mechanically tilled; the interrow zone is left undisturbed and protected by mulch.",FAO,https://www.fao.org/fileadmin/user_upload/agp/icm16.pdf,pdf,24,846
Soil Organic Carbon _255,Soil Health,Soil Organic Carbon Accumulation and Greenhouse Gas Emission Reductions from Conservation Agriculture,cm wide) is mechanically tilled; the interrow zone is left undisturbed and protected by mulch. Strip tillage can also be achieved by chiselling in the row zone to assist water infiltration and root proliferation in presence of hardpans. (cont.),FAO,https://www.fao.org/fileadmin/user_upload/agp/icm16.pdf,pdf,24,244
Soil Organic Carbon _256,Soil Health,Soil Organic Carbon Accumulation and Greenhouse Gas Emission Reductions from Conservation Agriculture,"74 SOIL ORGANIC CARBON ACCUMULATION AND GREENHOUSE GAS EMISSION REDUCTIONS FROM CONSERVATION AGRICULTURE Integrated Crop Management PRIOR HISTORY CROP ROTATION CLIMATE LOCATION SOIL texture SOIL type AGRIC. SYSTEM EXPERIMENT DETAILS RESULTS AUTHOR maize - oat - sorghum - soybean vs. Higher C sequestration achieved with this rotation. Beneficial effect of no N-fertilizer application relative to low, medium and high doses applied. continuous soybean maize - oat - sorghum - soybean vs. Higher C sequestration achieved with this rotation. Positive effect of no N-fertilizer application relative to low, medium and high doses applied. continuous sorghum maize - soybean - sorghum - oat vs. Higher C sequestration achieved with this rotation. Beneficial effect of no N-fertilizer application relative to low, medium and high doses applied. continuous maize maize - soybean - sorghum - oat vs. Lower C sequestration achieved with this rotation.",FAO,https://www.fao.org/fileadmin/user_upload/agp/icm16.pdf,pdf,24,942
Soil Organic Carbon _257,Soil Health,Soil Organic Carbon Accumulation and Greenhouse Gas Emission Reductions from Conservation Agriculture,"and high doses applied. continuous maize maize - soybean - sorghum - oat vs. Lower C sequestration achieved with this rotation. Beneficial effect of high doses of N-fertilizer applied relative to no, low and medium doses applied. continuous soybean (cont.)",FAO,https://www.fao.org/fileadmin/user_upload/agp/icm16.pdf,pdf,24,256
Soil Organic Carbon _258,Soil Health,Soil Organic Carbon Accumulation and Greenhouse Gas Emission Reductions from Conservation Agriculture,"75 ANNEXES Vol. 16–2012 PRIOR HISTORY CROP ROTATION CLIMATE LOCATION SOIL texture SOIL type AGRIC. SYSTEM EXPERIMENT DETAILS RESULTS AUTHOR maize - soybean - sorghum - oat vs. Lower C sequestration achieved with this rotation. Beneficial effect of high doses of N-fertilizer applied relative to no, low and medium doses applied. continuous sorghum Fallow - wheat rotation continuous wheat vs. Canada, Saskatchewan TA 15 years experiment Higher C sequestration achieved with no fertilizer application relative to fertilizer application. Campbell et al. (1991 a, 1997); Campbell 2001a) wheat - wheat - fallow Fallow - wheat rotation continuous wheat vs. Canada, Saskatchewan TA 30 years experiment Higher C sequestration achieved with no fertilizer application relative to fertilizer application. Campbell et al.(1991b, 1997) wheat - fallow 75 years of cereal - fallow rotation wheat - fallow Canada, Saskatchewan NT vs. TA 15 years experiment",FAO,https://www.fao.org/fileadmin/user_upload/agp/icm16.pdf,pdf,24,941
Soil Organic Carbon _259,Soil Health,Soil Organic Carbon Accumulation and Greenhouse Gas Emission Reductions from Conservation Agriculture,"al.(1991b, 1997) wheat - fallow 75 years of cereal - fallow rotation wheat - fallow Canada, Saskatchewan NT vs. TA 15 years experiment Higher C sequestration achieved with NT. Campbell et al. (1996b) Arable land continuous wheat vs. Canada, Alberta TA 41 years experiment C sequestration achieved with no manure application only. Janzen et al. (1987, 1997) wheat - wheat - fallow legume-based Arid or semiarid Better results achieved on SOC, although no numerical evidence is given. Gregorich et al. (2001) continuous maize with fertilizer (cont.)",FAO,https://www.fao.org/fileadmin/user_upload/agp/icm16.pdf,pdf,24,547
Soil Organic Carbon _260,Soil Health,Soil Organic Carbon Accumulation and Greenhouse Gas Emission Reductions from Conservation Agriculture,"76 SOIL ORGANIC CARBON ACCUMULATION AND GREENHOUSE GAS EMISSION REDUCTIONS FROM CONSERVATION AGRICULTURE Integrated Crop ManagementPRIOR HISTORY CROP ROTATION CLIMATE LOCATION SOIL texture SOIL type AGRIC. SYSTEM EXPERIMENT DETAILS RESULTS AUTHOR Avena strigosa - common vetch - maize - cow pea Brazil, southern clay loam NT 9 years experiment 0.82 t-1 ha-1 y-1 higher SOC as the following rotation Bayer et al. (2000b) Avena strigosa - maize Avena strigosa - common vetch - maize - cow pea TA 0.62 t-1 ha-1 y-1 higher SOC when under TA Avena strigosa - maize cotton - maize vs. USA, Alabama - Auburn TA 100 years experiment Higher C sequestration achieved with this rotation. Entry et al. (1996); Mitchell et al. (1996) continuous cotton maize - wheat - clover vs. USA, Missouri - Columbia TA 100 years experiment Higher C sequestration achieved with this rotation. N-fertilizer application beneficial. Buyanovsky and Wagner (1998) continuous wheat",FAO,https://www.fao.org/fileadmin/user_upload/agp/icm16.pdf,pdf,24,949
Soil Organic Carbon _261,Soil Health,Soil Organic Carbon Accumulation and Greenhouse Gas Emission Reductions from Conservation Agriculture,"Higher C sequestration achieved with this rotation. N-fertilizer application beneficial. Buyanovsky and Wagner (1998) continuous wheat maize - maize - oat - grass vs. USA, Iowa - Nashua TA 12 years experiment Higher C sequestration achieved with this rotation. Robinson et al. (1996) continuous maize maize - maize - oat - grass vs. USA, Iowa - Kanawha 36 years experiment Higher C sequestration achieved with this rotation. continuous maize 36 years of TA maize - maize - oat - grass vs. USA, Iowa - Sutherland 34 years experiment Higher C sequestration achieved with this rotation. continuous maize maize - alfalafa - grass - grass vs. USA, Iowa - Kanawha 36 years experiment Higher C sequestration achieved with this rotation. continuous maize (cont.)",FAO,https://www.fao.org/fileadmin/user_upload/agp/icm16.pdf,pdf,24,754
Soil Organic Carbon _262,Soil Health,Soil Organic Carbon Accumulation and Greenhouse Gas Emission Reductions from Conservation Agriculture,"77 ANNEXES Vol. 16–2012 PRIOR HISTORY CROP ROTATION CLIMATE LOCATION SOIL texture SOIL type AGRIC. SYSTEM EXPERIMENT DETAILS RESULTS AUTHOR 36 years of TA maize - alfalafa - grass - grass vs. USA, Iowa - Sutherland 34 years experiment Higher C sequestration achieved with this rotation. continuous maize maize - soybean vs. USA, Iowa - Kanawha 36 years experiment Lower C sequestration achieved with this rotation. continuous maize 36 years of TA maize - soybean + N-fertilizer vs. USA, Iowa - Sutherland 34 years experiment Higher C sequestration achieved with this rotation. continuous maize sorghum - soybean USA, Nebraska - Lincoln NT vs. TA 10 years experiment In 1 experiment out of 2, lower C sequestration achieved under NT relative to TA. Dickey et al. (1994) wheat - fallow vs. USA, North Dakota - Mandan NT vs. TA 7 years experiment Lower C sequestration achieved under NT and with increasing doses of N-fertilizer. Black and Tanaka (1997)",FAO,https://www.fao.org/fileadmin/user_upload/agp/icm16.pdf,pdf,24,950
Soil Organic Carbon _263,Soil Health,Soil Organic Carbon Accumulation and Greenhouse Gas Emission Reductions from Conservation Agriculture,"Mandan NT vs. TA 7 years experiment Lower C sequestration achieved under NT and with increasing doses of N-fertilizer. Black and Tanaka (1997) wheat - wheat - sunflower Higher C sequestration achieved under NT and with increasing doses of N-fertilizer. 6 years of grass meadow maize - soybean vs. USA, Ohio - Wooster NT vs. TA 19 years experiment Higher C sequestration achieved under NT. Dick et al. (1997) maize - oat - grass vs. Higher C sequestration achieved under NT. (cont.)",FAO,https://www.fao.org/fileadmin/user_upload/agp/icm16.pdf,pdf,24,481
Soil Organic Carbon _264,Soil Health,Soil Organic Carbon Accumulation and Greenhouse Gas Emission Reductions from Conservation Agriculture,"78 SOIL ORGANIC CARBON ACCUMULATION AND GREENHOUSE GAS EMISSION REDUCTIONS FROM CONSERVATION AGRICULTURE Integrated Crop Management PRIOR HISTORY CROP ROTATION CLIMATE LOCATION SOIL texture SOIL type AGRIC. SYSTEM EXPERIMENT DETAILS RESULTS AUTHOR continuous maize USA, Minnesota - Waseca NT vs. TA 6 years experiment Lower values for C sequestration under NT relative to TA. Mielke et al. (1986) oat/vetch - maize/ cowpea NT 33 t C sequestered ha-1 y-1 in 9 years Ryan (1997) wheat - sunﬂower 9 - pea Dryland Spain, south- west Sandy clay loam Entisol NT vs. TA Effects of NT and TA on soil carbon fractions and biological properties are compared in two soils under the same rotation. Labile fractions of the total organic carbon are determined as active carbon and water soluble carbon, while biological status was evaluated using soil microbial biomass carbon and the following enzymatic activities: dehydrogenase, o-diphenol oxidase and b-glucosidase activity.",FAO,https://www.fao.org/fileadmin/user_upload/agp/icm16.pdf,pdf,24,964
Soil Organic Carbon _265,Soil Health,Soil Organic Carbon Accumulation and Greenhouse Gas Emission Reductions from Conservation Agriculture,"soil microbial biomass carbon and the following enzymatic activities: dehydrogenase, o-diphenol oxidase and b-glucosidase activity. Active carbon content was the most sensitive and consistent indicator for assessing the impact of different soil managements on soil quality in the two soil types. The contents of active carbon, water soluble carbon, microbial biomass carbon, b-glucosidase activity and o-diphenol oxidase activity in sandy clay loam Entisol, and contents of total organic carbon, active carbon and dehydrogenase activity in clay Vertisol were higher in NT than in TA at the sample depth (0-5 cm). Melero et al. (2009) Clay Vertisol 32 years (from 1951 to 1983) of TA intensive cropping system (with no set rotation and seldom under fallow) wheat - wheat - sunflower Dryland USA, Great Plains Loam NT vs. MT vs. TA Nitrogen rates were 0.034, 0.067, and 0.101 t N ha-1 12 years experiment During the 12 years in the",FAO,https://www.fao.org/fileadmin/user_upload/agp/icm16.pdf,pdf,24,929
Soil Organic Carbon _266,Soil Health,Soil Organic Carbon Accumulation and Greenhouse Gas Emission Reductions from Conservation Agriculture,"Plains Loam NT vs. MT vs. TA Nitrogen rates were 0.034, 0.067, and 0.101 t N ha-1 12 years experiment During the 12 years in the 0 - 15 cm soil depth, there is a net loss (-1.7 t of C ha - 1) in SOC with TA, a slight gain (0.3 t of carbon ha -1) and ca 2% of the residue C sequestered with MT, a larger gain (2.8 t of carbon ha-1) and ca 16% of the residue C sequestered with NT. This more intensive rotation system under NT proves to be the most efficient in storing SOC in this study. Halvorson et al. (2002) 9 Sunﬂower = Helianthus annuus (cont.)",FAO,https://www.fao.org/fileadmin/user_upload/agp/icm16.pdf,pdf,24,549
Soil Organic Carbon _267,Soil Health,Soil Organic Carbon Accumulation and Greenhouse Gas Emission Reductions from Conservation Agriculture,"79 ANNEXES Vol. 16–2012 PRIOR HISTORY CROP ROTATION CLIMATE LOCATION SOIL texture SOIL type AGRIC. SYSTEM EXPERIMENT DETAILS RESULTS AUTHOR sunflower - fallow NT vs. MT vs. TA Nitrogen rates were 0.045 t N ha-1 SOC mass does not increase during the 12 years in the sunflower - fallow system with none of the tillage systems. Since the plot area was in a more intensive cropping system (i.e. with less frequent fallow period) from 1951 to 1983, the soil in 1983 is possibly at a higher level of SOC than could be sustained by the sunflower - fallow. maize - soybean vs. USA, Kansas - Manhatten TA 8 years experiment Higher C sequestration achieved with no addition of N-fertilizer. Havlin et al. (1990) continuous soybean maize - soybean vs. TA 8 years experiment No C sequestration achieved. continuous maize sorghum - soybean NT vs. 11 years experiment Higher C sequestration achieved under NT. Arable land maize - soybean - winter wheat Moist Gleyic and Orthic",FAO,https://www.fao.org/fileadmin/user_upload/agp/icm16.pdf,pdf,24,962
Soil Organic Carbon _268,Soil Health,Soil Organic Carbon Accumulation and Greenhouse Gas Emission Reductions from Conservation Agriculture,experiment Higher C sequestration achieved under NT. Arable land maize - soybean - winter wheat Moist Gleyic and Orthic Luvisol NT with no cover crops 15 years experiment The total SOC balance after the conversion to NT follows: VandenBygaart et al. (2002) (cont.),FAO,https://www.fao.org/fileadmin/user_upload/agp/icm16.pdf,pdf,24,264
Soil Organic Carbon _269,Soil Health,Soil Organic Carbon Accumulation and Greenhouse Gas Emission Reductions from Conservation Agriculture,"80 SOIL ORGANIC CARBON ACCUMULATION AND GREENHOUSE GAS EMISSION REDUCTIONS FROM CONSERVATION AGRICULTURE Integrated Crop Management PRIOR HISTORY CROP ROTATION CLIMATE LOCATION SOIL texture SOIL type AGRIC. SYSTEM EXPERIMENT DETAILS RESULTS AUTHOR Arable land (cont.) • In the 0 - 15 cm layer-there is a gain of SOC in 63% of the profiles. It’s reasonable to believe that if cover crops were used, higher average SOC gains in the surface layer might have been achieved and SOC balance for the whole profile pushed towards positive values. • In the 15 - 30 cm layer - there is a loss of SOC in 76% of the profiles. The SOC loss in the 15 - 30 cm deep layer of soils with thicker Ap horizons (depression areas) was higher than the total SOC gain, pushing the balance for the total profile sampled (0 - 45 cm) towards negative values. Lower SOC at the 15 - 30 cm depth after the conversion to NT can be interpreted to be due to the reduced deposition from upslope",FAO,https://www.fao.org/fileadmin/user_upload/agp/icm16.pdf,pdf,24,960
Soil Organic Carbon _270,Soil Health,Soil Organic Carbon Accumulation and Greenhouse Gas Emission Reductions from Conservation Agriculture,"Lower SOC at the 15 - 30 cm depth after the conversion to NT can be interpreted to be due to the reduced deposition from upslope from tillage translocation and reduced water runoff (in sloping soils with shallow Ap horizon the conversion to NT might have resulted to a better water use efficiency) thanks to the adoption of NT. The increase in deep-burrowing earthworm species after conversion to NT can also be accounted as factor in the decrease in SOC in some profiles. Earthworm numbers were not determined in this study. • In the 30 - 45 cm layer there is a gain of SOC in 66% of the profiles. The ability of NT to sequester C is higher in drylands, which explains why the conversion to NT in the sloping soils with shallow Ap horizon has resulted to a better water use efficiency, whereas in the depression areas with greater initial SOC contents water may have been non-limiting even before the change in management. (cont.)",FAO,https://www.fao.org/fileadmin/user_upload/agp/icm16.pdf,pdf,24,931
Soil Organic Carbon _271,Soil Health,Soil Organic Carbon Accumulation and Greenhouse Gas Emission Reductions from Conservation Agriculture,"81 ANNEXES Vol. 16–2012 PRIOR HISTORY CROP ROTATION CLIMATE LOCATION SOIL texture SOIL type AGRIC. SYSTEM EXPERIMENT DETAILS RESULTS AUTHOR Gray-Brown Luvisol NT vs. TA Comment on data reviewed by Vanden Bygaart et al. and reported in their paper. Vanden Bygaart et al. (2003) maize - wheat - soybean Canada, Ontario Soil depth sampled: 45 cm. 37 out of 38 experiments are based on 1 soil profile sampled each. Most of the cases in which NT relative to TA does not increase C storage are associated with this rotation and show the following patterns: SOC gains due to adoption of NT occur mainly at initial SOC levels <45 t ha-1. Silt loam 6/9 of the experiments Sand loam 17/24 of the experiments Clay loam 2/4 of the experiments The limited number of replications seems to be a factor for statistical unreliability. continuous barley Canada, Quebec Clay Humic Gleysol Soil depth sampled greater than 30 cm. Higher values for C",FAO,https://www.fao.org/fileadmin/user_upload/agp/icm16.pdf,pdf,24,928
Soil Organic Carbon _272,Soil Health,Soil Organic Carbon Accumulation and Greenhouse Gas Emission Reductions from Conservation Agriculture,"statistical unreliability. continuous barley Canada, Quebec Clay Humic Gleysol Soil depth sampled greater than 30 cm. Higher values for C sequestration under TA relative to NT in Humic Gleysols under can be interpreted to be due to the inappropriate crop rotation adopted. Further, initial SOC content >2% in the A horizon doesn’t suit low C/N ratio residues regimes. Canada, Quebec Clay loam Humic Gleysol (cont.)",FAO,https://www.fao.org/fileadmin/user_upload/agp/icm16.pdf,pdf,24,414
Soil Organic Carbon _273,Soil Health,Soil Organic Carbon Accumulation and Greenhouse Gas Emission Reductions from Conservation Agriculture,"82 SOIL ORGANIC CARBON ACCUMULATION AND GREENHOUSE GAS EMISSION REDUCTIONS FROM CONSERVATION AGRICULTURE Integrated Crop ManagementPRIOR HISTORY CROP ROTATION CLIMATE LOCATION SOIL texture SOIL type AGRIC. SYSTEM EXPERIMENT DETAILS RESULTS AUTHOR Canada, Quebec Silt loam Humic Gleysol Canada, Ontario Sand loam Melanic Brunisol Higher values for C sequestration under NT relative to TA. Canada, Alberta Loam Gray Luvisol Higher values for C sequestration under NT relative to TA. Canada, Alberta Loam Black Chernozem Higher values for C sequestration under NT relative to TA: Chernozemic soils show a greater ability to store SOC under NT. continuous maize Canada, Ontario Sand loam, loam sand Gray-Brown Luvisol Soil depth sampled greater than 30 cm. Lower values for C sequestration under NT relative to TA. Clay loam Luvic Gleysol Lower values for C sequestration under NT relative to TA. Silt loam Melanic Brunisol Lower values for C sequestration under",FAO,https://www.fao.org/fileadmin/user_upload/agp/icm16.pdf,pdf,24,958
Soil Organic Carbon _274,Soil Health,Soil Organic Carbon Accumulation and Greenhouse Gas Emission Reductions from Conservation Agriculture,"loam Luvic Gleysol Lower values for C sequestration under NT relative to TA. Silt loam Melanic Brunisol Lower values for C sequestration under NT relative to TA. Sand loam Melanic Brunisol Higher values for C sequestration under NT relative to TA. wheat - barley - soybean Canada, Prince Edward Island Gray-Brown Luvisol Soil depth sampled greater than 30 cm. Lower values for C sequestration under NT relative to TA. Humo-Ferric Podzol Lower values for C sequestration under NT relative to TA: Podzolic orders show a low storage potential. (cont.)",FAO,https://www.fao.org/fileadmin/user_upload/agp/icm16.pdf,pdf,24,548
Soil Organic Carbon _275,Soil Health,Soil Organic Carbon Accumulation and Greenhouse Gas Emission Reductions from Conservation Agriculture,"83 ANNEXES Vol. 16–2012 PRIOR HISTORY CROP ROTATION CLIMATE LOCATION SOIL texture SOIL type AGRIC. SYSTEM EXPERIMENT DETAILS RESULTS AUTHOR continuous wheat Canada, Ontario Sand loam Melanic Brunisol Soil depth sampled greater than 30 cm. Higher values for C sequestration under NT relative to TA. fallow - wheat Canada, Prairie Province C storage rate calculated as the effect of the conversion from TA to NT is much lower than that estimated by West and Post (2002): 0.05 ± 0.16 t of C ha-1 y-1 vs. 0.57 ± 0.14 t of carbon ha-1 y-1. (cont.)",FAO,https://www.fao.org/fileadmin/user_upload/agp/icm16.pdf,pdf,24,542
Soil Organic Carbon _276,Soil Health,Soil Organic Carbon Accumulation and Greenhouse Gas Emission Reductions from Conservation Agriculture,"85 ANNEXES Vol. 16–2012 ANNEX 4 SOC accumulation in deeper soil layers under the CA management system LOCATION EXPERIMENT DURATION RESULTS AUTHOR USA, north 22 years The carbon stock under CA to a depth of 122 cm is 10.6 t ha -1 greater than that under TA. Doran et al., 1998 Brazil, south 13 years Where complex rotations are adopted, soil carbon stocks under CA are approximately 17 t ha -1 higher than under TA, and that 46 to 68% of carbon gains occurs at 30 - 85 cm depth. Sisti et al., 2004 Brazil, south 17 years Samplings to 107.5 cm depth in an Acrisol demonstrate the significant potential of legume crops and nitrogen fertilisation under CA to improve SOC stocks: the average carbon sequestration rate of legume-based cropping systems (with N-fertilizer) in the whole 0 - 107.5 cm layer was 1.42 t carbon ha -1 year-1. Diekow et al., 2005 Brazil, south 15 - 26 years The experiments on free-draining Ferralsols under rotations containing intercropped or cover-",FAO,https://www.fao.org/fileadmin/user_upload/agp/icm16.pdf,pdf,24,971
Soil Organic Carbon _277,Soil Health,Soil Organic Carbon Accumulation and Greenhouse Gas Emission Reductions from Conservation Agriculture,"Diekow et al., 2005 Brazil, south 15 - 26 years The experiments on free-draining Ferralsols under rotations containing intercropped or cover- crop legumes show annual SOC accumulation rates of between 0.04 and 0.88 t ha -1 to 30 cm and from 0.48 to 1.53 t ha -1y-1 when considering the soil proﬁle down to 100 cm depth. Boddey et al., 2009a Brazil, south 13 years When green-manure cover crops are part of the rotation soil carbon stocks were approximately 17 t ha-1 higher under CA than under TA. Sisti et al., 2004 Spain, south 20 years SOC was monitored through 90 cm depth and it was found that this sequestered 15 t carbon ha-1 more under CA than under TA for the wheat - faba bean rotation. When single portions of the soil profile are considered, it is interesting to observe that the increase of stocked SOC in the top layer (0 - 15 cm) in TA systems is associated with a much greater systematic decline",FAO,https://www.fao.org/fileadmin/user_upload/agp/icm16.pdf,pdf,24,911
Soil Organic Carbon _278,Soil Health,Soil Organic Carbon Accumulation and Greenhouse Gas Emission Reductions from Conservation Agriculture,"in the top layer (0 - 15 cm) in TA systems is associated with a much greater systematic decline in the bottom layer (60 - 90 cm) than in NT systems. An explanation for this seems to be the presence of a plough pan that prevents a homogeneous distribution of the organic carbon throughout the profile. López-Bellido et al., 2010 USA, Indiana 28 years 10 t ha-1 greater SOC content under CA than in mouldboard ploughed trials at a 0 - 100 cm depth in a dark-colored Chalmers silty clay loam in Indiana. Gál et al., 2007 Australia Higher SOC concentrations at 230 cm depth in Vertisols when compared with other soil types in Australia. Knowles and Singh, 2003",FAO,https://www.fao.org/fileadmin/user_upload/agp/icm16.pdf,pdf,24,656
Soil Organic Carbon _279,Soil Health,Soil Organic Carbon Accumulation and Greenhouse Gas Emission Reductions from Conservation Agriculture,"87 Vol. 16–2012 Glossary Ageing Deposition of polysaccharides and other organic cementing agents by microbial activity. Barley Hordeum vulgare Carbon budget Carbon input versus output at a given time. Carrying capacity Number of heads of livestock that can be supported per unit of land area. Also known as maximum stocking rate. Conservation Agriculture (CA) Conservation Agriculture (CA) is an approach to managing agro- ecosystems for improved and sustained productivity, increased profits and food security while preserving and enhancing the resource base and the environment. CA is characterized by three linked principles, namely: i. Continuous minimum mechanical soil disturbance refers to low disturbance no-tillage and direct seeding. The disturbed area must be less than 15 cm wide or less than 25% of the cropped area (whichever is lower). There should be no periodic tillage that disturbs a greater area than the aforementioned limits. Strip tillage is allowed if the",FAO,https://www.fao.org/fileadmin/user_upload/agp/icm16.pdf,pdf,24,979
Soil Organic Carbon _280,Soil Health,Soil Organic Carbon Accumulation and Greenhouse Gas Emission Reductions from Conservation Agriculture,"be no periodic tillage that disturbs a greater area than the aforementioned limits. Strip tillage is allowed if the disturbed area is less than the set limits. ii P ermanent organic soil cover. Three categories are distinguished: 30-60%, >60-90% and >90% ground cover, measured immediately after the direct seeding operation. Area with less than 30% cover is not considered as CA. iii. Diversification of crop species grown in sequences and/or associations. Rotation/association should involve at least 3 different crops It aims at enhancing natural biological processes above and below the ground. Controlled traffic Restriction of all heavy wheel traffic to permanent traffic lanes. Crop residues Crop residues include any biomass left in the field after the principal economic components of the crop have been harvested. Drylands Areas characterized by lack of water, which constrains their two major interlinked services of primary production and nutrient cycling (FAO, 2005a).",FAO,https://www.fao.org/fileadmin/user_upload/agp/icm16.pdf,pdf,24,981
Soil Organic Carbon _281,Soil Health,Soil Organic Carbon Accumulation and Greenhouse Gas Emission Reductions from Conservation Agriculture,"major interlinked services of primary production and nutrient cycling (FAO, 2005a). Edaphon Soil microorganisms and fauna. Global Warming Potential Index developed by IPCC to quantify the ability of a gas to trap the infrared radiation (i.e. heat) relative to the ability of the same amount of the CO2 reference gas to trap heat in a given time horizon. The global warming potential of any gas depends on its radiative forcing and on its lifetime (IPCC, 2007). Hairy vetch Vicia villosa L. Intensive crop rotation Crop rotation characterized by high species density in space and in time that produce high amounts of crop residues, and maintain the soil surface permanently covered to “close the window” between the wet and the dry season. Lablab Lablab purpureus (L.) Sweet, Dolichos lablab L. Maize Zea mays Mechanical soil tillage Any mouldboard and/or disc ploughing, chiselling, disking; mechanical intervention to structure the soil in a different way",FAO,https://www.fao.org/fileadmin/user_upload/agp/icm16.pdf,pdf,24,956
Soil Organic Carbon _282,Soil Health,Soil Organic Carbon Accumulation and Greenhouse Gas Emission Reductions from Conservation Agriculture,"88 SOIL ORGANIC CARBON ACCUMULATION AND GREENHOUSE GAS EMISSION REDUCTIONS FROM CONSERVATION AGRICULTURE Integrated Crop Management Microaerophilic organisms Microorganisms that require oxygen to survive, but at lower levels than are present in the atmosphere. Mineralization of organic matter Biological oxidation to carbon dioxide and water with liberation of the mineral nutrients. Minimum tillage Agricultural systems based on the minimum soil manipulation necessary for crop production or meeting tillage requirements under the existing soil and climatic conditions; the tillage reduction can be in intensity of tillage, depth of tillage or time involved (number of machinery passes for all tillage operations). No-till Agricultural systems where soil-disturbing activities are limited only to those necessary to plant seeds, and place nutrients. Crops are planted directly into a seedbed that has not been tilled since the previous seedbed. Oat Avena sativa",FAO,https://www.fao.org/fileadmin/user_upload/agp/icm16.pdf,pdf,24,963
Soil Organic Carbon _283,Soil Health,Soil Organic Carbon Accumulation and Greenhouse Gas Emission Reductions from Conservation Agriculture,"planted directly into a seedbed that has not been tilled since the previous seedbed. Oat Avena sativa O horizon Soil layer with a high percentage of organic matter that is sometimes present covering the upper mineral horizon designated as A horizon. This latter is the horizon where organic material mixes with inorganic products of weathering. Pea Pisum sativum Physicochemical aggregates Macroaggregates held together by mineral electrostatic interactions. Pigeon pea Cajanus cajan Priming effect Mobilization by microbial decomposition of stable SOC stimulated by the addition of substrates with readily available energy. Puddling Intensive mixing of soil under wet conditions for rice to create a hard pan, level the soil and remove the soil structure; it can be done by the combination of tractor wheels or animal hooves with tillage implements such as ploughs, rotary cultivators or harrows. Rice Oryza sativa Sesbania Sesbania sesban",FAO,https://www.fao.org/fileadmin/user_upload/agp/icm16.pdf,pdf,24,940
Soil Organic Carbon _284,Soil Health,Soil Organic Carbon Accumulation and Greenhouse Gas Emission Reductions from Conservation Agriculture,"implements such as ploughs, rotary cultivators or harrows. Rice Oryza sativa Sesbania Sesbania sesban Soil biota Soil is a complex habitat for diverse biota and predator-prey relationships. Soil organisms, spending all or a portion of their life cycles within the soil or on its immediate surface (including surface litter and decaying logs), make up the diversity of life in the soil and are responsible, to a varying degree depending on the system, for performing a range of processes important for soil health and fertility in soils of both natural ecosystems and agricultural systems. A brief description (FAO 2005b) of organisms that are commonly found in the soil, based on the FAO soil bulletin 80, follows. Microorganisms include algae, bacteria, cyanobacteria, fungi, yeasts, myxomycetes, actinomycetes. These are able to decompose and transform organic matter into nutrients that are assimilated by plants. Their populations are very sensitive to depth and are",FAO,https://www.fao.org/fileadmin/user_upload/agp/icm16.pdf,pdf,24,970
Soil Organic Carbon _285,Soil Health,Soil Organic Carbon Accumulation and Greenhouse Gas Emission Reductions from Conservation Agriculture,"and transform organic matter into nutrients that are assimilated by plants. Their populations are very sensitive to depth and are highly disrupted by mechanical soil disturbance. Likewise, various members of the microfauna (such as collembola, mites, nematodes and protozoa) generally live in the soil water films and feed on microflora, plant roots, other microfauna and sometimes larger organisms, and are therefore important to release nutrients immobilized by soil microorganisms. Mesofauna includes mainly microarthropods feeding on organic materials, microflora, microfauna and other invertebrates. Macrofauna species are visible to the naked eye and include vertebrates and invertebrates (such as snails, earthworms, soil arthropods) that feed in or upon the soil, the surface litter and their components. In both natural and agricultural systems, soil macrofauna are important regulators of decomposition, nutrient cycling, soil organic matter dynamics and",FAO,https://www.fao.org/fileadmin/user_upload/agp/icm16.pdf,pdf,24,964
Soil Organic Carbon _286,Soil Health,Soil Organic Carbon Accumulation and Greenhouse Gas Emission Reductions from Conservation Agriculture,"agricultural systems, soil macrofauna are important regulators of decomposition, nutrient cycling, soil organic matter dynamics and pathways of water movement as a consequence of their feeding and burrowing activities, such that leaf litter and other materials become buried, eventually migrating slowly to the base of the A horizon (the definition is given along with that of O horizons).",FAO,https://www.fao.org/fileadmin/user_upload/agp/icm16.pdf,pdf,24,389
Soil Organic Carbon _287,Soil Health,Soil Organic Carbon Accumulation and Greenhouse Gas Emission Reductions from Conservation Agriculture,"89 GLOSSARY Vol. 16–2012 Soil structure Arrangement of primary soil particles into secondary units (i.e. peds), which in turn are characterized on the basis of size, shape and grade. The arrangement of solids and voids existing at a given time determines structural form, the ability to retain this arrangement under different stresses determines structural stability, and the capacity of the soil to recover structure or stability after a stress is removed is called resiliency is (Kay, 1990). Soybean Glycine max Tillage agriculture (TA) Agricultural systems based on mechanical soil tillage, embracing all soil operations using implements such as a mouldboard plough, disk plough, chisel plough, rotary tiller, subsoiler, ridgers or bed-formers, and other farm tools or mechanical implements for seedbed preparation that aim at creating soil and environmental conditions for seed germination, seedling establishment and crop growth.",FAO,https://www.fao.org/fileadmin/user_upload/agp/icm16.pdf,pdf,24,935
Soil Organic Carbon _288,Soil Health,Soil Organic Carbon Accumulation and Greenhouse Gas Emission Reductions from Conservation Agriculture,"preparation that aim at creating soil and environmental conditions for seed germination, seedling establishment and crop growth. These types of tillage systems often involve multiple operations and are often referred to as “conventional” or “traditional” tillage systems. Minimum tillage is often used to refer to any system that has few tillage requirements. It should however also be regarded as a tillage-based form of agriculture, as it is commonly defined as “the minimum soil manipulation necessary for crop production under the existing soil and climatic conditions” (Kassam et al., 2009). Tillage erosion Net downslope translocation of soil by tillage implements, exposing subsoil at the crest while burying soil at the bottom. Tobacco Nicotiana tabacum Velvetbean Mucuna pruriens Vetch Vicia spp. Water stable aggregates Aggregates that can resist air drying and quick submersion in water before sieving. White lupin Lupinus albus L. Winter wheat Triticum aestivum L.",FAO,https://www.fao.org/fileadmin/user_upload/agp/icm16.pdf,pdf,24,976
Soil Organic Carbon _289,Soil Health,Soil Organic Carbon Accumulation and Greenhouse Gas Emission Reductions from Conservation Agriculture,before sieving. White lupin Lupinus albus L. Winter wheat Triticum aestivum L. Xenobiotic Chemical compound which is found in a living organism but which is foreign to it.,FAO,https://www.fao.org/fileadmin/user_upload/agp/icm16.pdf,pdf,24,171
Soil Organic Carbon _290,Soil Health,Soil Organic Carbon Accumulation and Greenhouse Gas Emission Reductions from Conservation Agriculture,"Integrate d C rop M anagem e n t Vol. 16 – 2012 ISSN 1020- Soil Organic Carbon Accumulation and Greenhouse Gas Emission Reductions from Conservation Agriculture: A literature review Soil Organic Carbon Accumulation and Greenhouse Gas Emission Reductions from Conservation Agriculture: A literature review Soil organic matter plays a crucial role in maintaining soil health and its productivity potential. However, most of the world’s agricultural soils have become depleted in organic matter compared with their state under natural vegetation. This is because the dominant form of agriculture is based on tillage, which accelerates the decomposition of soil organic matter. Tillage-based production systems should therefore be transformed so that the future production intensiﬁcation can be achieved sustainably. Conservation Agriculture, a system avoiding or minimizing soil disturbance, combined with soil cover and crop",FAO,https://www.fao.org/fileadmin/user_upload/agp/icm16.pdf,pdf,24,922
Soil Organic Carbon _291,Soil Health,Soil Organic Carbon Accumulation and Greenhouse Gas Emission Reductions from Conservation Agriculture,"sustainably. Conservation Agriculture, a system avoiding or minimizing soil disturbance, combined with soil cover and crop diversiﬁcation, is considered to be such sustainable production system. However, there appears to be certain degree of uncertainty about the role of Conservation Agriculture in carbon sequestration and in reducing green house gas emissions. This publication presents a meta analysis of global scientiﬁc literature with the aim to develop a clear understanding of the impacts and beneﬁts of traditional tillage agriculture and Conservation Agriculture with respect to their effects on soil carbon pools. The study attempts to reduce the existing uncertainty about the impact of soil management practices on soil carbon and is addressing scientists as well as policy makers to facilitate decision making regarding future farming models. Soil organic matter plays a crucial role in maintaining soil health",FAO,https://www.fao.org/fileadmin/user_upload/agp/icm16.pdf,pdf,24,925
Soil Organic Carbon _292,Soil Health,Soil Organic Carbon Accumulation and Greenhouse Gas Emission Reductions from Conservation Agriculture,"making regarding future farming models. Soil organic matter plays a crucial role in maintaining soil health and its productivity potential. However, most of the world’s agricultural soils have become depleted in organic matter compared with their state under natural vegetation. This is because the dominant form of agriculture is based on tillage, which accelerates the decomposition of soil organic matter. Tillage-based production systems should therefore be transformed so that the future production intensiﬁcation can be achieved sustainably. Conservation Agriculture, a system avoiding or minimizing soil disturbance, combined with soil cover and crop diversiﬁcation, is considered to be such sustainable production system. However, there appears to be certain degree of uncertainty about the role of Conservation Agriculture in carbon sequestration and in reducing green house gas emissions. This publication presents a meta analysis of global scientiﬁc literature",FAO,https://www.fao.org/fileadmin/user_upload/agp/icm16.pdf,pdf,24,971
Soil Organic Carbon _293,Soil Health,Soil Organic Carbon Accumulation and Greenhouse Gas Emission Reductions from Conservation Agriculture,sequestration and in reducing green house gas emissions. This publication presents a meta analysis of global scientiﬁc literature with the aim to develop a clear understanding of the impacts and beneﬁts of traditional tillage agriculture and Conservation Agriculture with respect to their effects on soil carbon pools. The study attempts to reduce the existing uncertainty about the impact of soil management practices on soil carbon and is addressing scientists as well as policy makers to facilitate decision making regarding future farming models. Soil Organic Carbon Accumulation and Greenhouse Gas Emission Reductions from Conservation Agriculture: A literature review Soil Organic Carbon Accumulation and Greenhouse Gas Emission Reductions from Conservation Agriculture: A literature review FAO 16 I2672E/1/03.12 ISBN 978-92-5-107187-8 ISSN 1020-4555 9 7 8 9 2 5 1 0 7 1 8 7 8,FAO,https://www.fao.org/fileadmin/user_upload/agp/icm16.pdf,pdf,24,882
Integrated Pest Mana_1,Integrated Pest Management,Integrated Pest Management,Integrated Pest Management (IPM) | Pest and Pesticide Management | Food and Agriculture Organization of the United Nations | IPM and Pesticide Risk Reduction | Food and Agriculture Organization of the United Nations Pest and Pesticide Management Integrated Pest Management Integrated Pest Management (IPM) was developed in response to steadily increasing pesticide use that resulted in pest control crises (outbreaks of secondary pests and pest resurgence following development of pesticide resistance) and increasing evidence and awareness of the full costs to human health and the environment of the intensive use of pesticides. IPM is the careful consideration of all available pest control techniques and subsequent integration of appropriate measures that discourage the development of pest populations,FAO,https://www.fao.org/pest-and-pesticide-management/ipm/integrated-pest-management/en,webpage,22,807
Integrated Pest Mana_2,Integrated Pest Management,Integrated Pest Management,". It combines biological, chemical, physical and crop specific (cultural) management strategies and practices to grow healthy crops and minimize the use of pesticides, reducing or minimizing risks posed by pesticides to human health and the environment for sustainable pest management. IPM is a dynamic process that makes use of an ecological systems approach and encourages the user or producer to consider and use the full range of best pest control options available given economic, environment and social considerations. IPM is based on ecology, the concept of ecosystems and the goal of sustaining ecosystem functions. It promotes the growth of a healthy crop with the least possible disruption to agro-ecosystems and encourages natural pest control mechanisms. The role of IPM in sustainable agriculture: Applies sustainable pest control. IPM builds on ecosystem services such as pest predation while protecting others, such as pollination",FAO,https://www.fao.org/pest-and-pesticide-management/ipm/integrated-pest-management/en,webpage,22,945
Integrated Pest Mana_3,Integrated Pest Management,Integrated Pest Management,". IPM builds on ecosystem services such as pest predation while protecting others, such as pollination. It also contributes to increased farm productivity and food availability by reducing pre- and post-harvest crop losses. Reduces pesticide residues . IPM contributes to food and water safety, as reducing the amount of pesticides used in turn reduces residues in food, feed and fiber, and environment. Enhances ecosystem services . IPM seeks to maintain the national crop ecosystem balance. It conserves the underlying natural resource base (i.e. soil, water and biodiversity) and enhances ecosystem services (i.e. pollination, healthy soils, diversity of species). Increases income levels . IPM reduces production costs through reduced levels of pesticide use. Higher quality crops (with less residues) can command better prices in markets and contribute to increased farmer profitability. Strengthens farmer knowledge",FAO,https://www.fao.org/pest-and-pesticide-management/ipm/integrated-pest-management/en,webpage,22,921
Integrated Pest Mana_4,Integrated Pest Management,Integrated Pest Management,". Strengthens farmer knowledge . IPM promotes farmer stewardship, increases farmer knowledge of ecosystem functioning adapted to their local context",FAO,https://www.fao.org/pest-and-pesticide-management/ipm/integrated-pest-management/en,webpage,22,148
Integrated Pest Mana_5,Integrated Pest Management,Integrated Pest Management,. Case studies on IPM Reimagining global plant health through innovation and technology IPM Farmer Field Schools: A synthesis of 25 impact evaluations Ten Years of IPM Training in Asia - From Farmer Field School to Community IPM The West African Regional Integrated Production and Pest Management (IPPM) Programme Gender and IPM in Nepal Social Dimensions of Integrated Production and Pest Management - A Case Study in Mali Curriculum Development for Plant Pest Management in Asia-Pacific Beyond the Farmer Field School: IPM and Empowerment in Indonesia Participatory ecological guide: Field Guide for IPM Training A manual to facilitate participatory planning activities to empower community IPM More on this topic Fall Armyworm success stories How market helps with adoption of sustainable production technique IPM using sterile insect technique Push-pull system as an example of IPM in Save and Grow To learn more about IPM read the interview with plant protection expert Buyung Hadi Guidance on,FAO,https://www.fao.org/pest-and-pesticide-management/ipm/integrated-pest-management/en,webpage,22,998
Integrated Pest Mana_6,Integrated Pest Management,Integrated Pest Management,system as an example of IPM in Save and Grow To learn more about IPM read the interview with plant protection expert Buyung Hadi Guidance on integrated pest management for the world’s major crop pests and diseases,FAO,https://www.fao.org/pest-and-pesticide-management/ipm/integrated-pest-management/en,webpage,22,213
Integrated Pest Mana_1,Integrated Pest Management,Integrated Pest Management,"T Chemicals and agriculture Chemicals are used in every facet of life and are present in a bewildering range of products and applications. Growing knowledge of the wide distribution and impact of chemicals in the environment and the human body has underscored the need for their regulatory control and careful management. Agricultural pesticides are an important subset of chemicals and pose specific challenges. The international community has taken several important initiatives to protect the environment and health from chemicals. These include the Montreal Protocol on protection of the ozone layer, the Basel Convention on the Transboundary Movement of Hazardous Wastes, the Rotterdam Convention on the Prior Informed Consent Procedure for Certain Hazardous Chemicals and Pesticides in International Trade, the Stockholm Convention on Persistent Organic Pollutants, and the Strategic Approach to International Chemicals Management. Although many of the chemicals addressed by",FAO,https://www.fao.org/4/ai551e/ai551e00.pdf,pdf,22,981
Integrated Pest Mana_2,Integrated Pest Management,Integrated Pest Management,"Organic Pollutants, and the Strategic Approach to International Chemicals Management. Although many of the chemicals addressed by the above initiatives are agricultural pesticides, these initiatives are predominantly led by organizations in the environmental sector. Consequently, the dialogue in countries is primarily among the environment authorities. Ministries of agriculture and health, which play a major role in pesticide management, are often insufficiently involved and, as such, have less access to international funds for chemicals management capacity building. As a result, important opportunities are being missed to link-up with, or strengthen, ongoing programmes on pesticide management. Equally, opportunities are being missed for using the vast body of experience related to regulatory control of pesticides as an example for the less developed control of other chemicals. Special efforts are required to better connect",FAO,https://www.fao.org/4/ai551e/ai551e00.pdf,pdf,22,937
Integrated Pest Mana_3,Integrated Pest Management,Integrated Pest Management,"as an example for the less developed control of other chemicals. Special efforts are required to better connect the work of the different sectors at national level. STrengThening The regulaTory framework for peSTiCide ConTrol FAO’s solid expertise and experience in pesticide management underpin its leading role in providing guidance at the international level and technical support at national level. international guidance In recognition of the hazards associated with pesticide trade and use, FAO has been given the task of developing the tools and strategies for improving the management of pesticides. The International Code of Conduct on the Distribution and Use of Pesticides is a non-legally binding instrument that provides guidance on the management of pesticides and has been agreed by FAO Member States, WHO, the private sector and NGOs. Alongside the Code, technical guidelines have been prepared to assist countries",FAO,https://www.fao.org/4/ai551e/ai551e00.pdf,pdf,22,930
Integrated Pest Mana_4,Integrated Pest Management,Integrated Pest Management,"WHO, the private sector and NGOs. Alongside the Code, technical guidelines have been prepared to assist countries with the implementation of specific aspects of the Code. In addition: • FAO provides the Secretariat for the Rotterdam Convention jointly with UNEP and leads the work on pesticides; • FAO works closely with WHO to provide guidance to Codex Alimentarius, the world’s food standard setting body, on maximum residue limits for individual pesticides in agricultural products; • FAO leads on the provision of standard technical specifications for pesticides which helps countries ensure that pesticidal products are effective and do not contain possibly harmful impurities. The most effective way of reducing the impact of pesticides is by reducing their use. practical implementation Regulatory control: Effective pesticide legislation provides governments with the tools to control the import, trade, management, use and disposal of pesticides. FAO",FAO,https://www.fao.org/4/ai551e/ai551e00.pdf,pdf,22,959
Integrated Pest Mana_5,Integrated Pest Management,Integrated Pest Management,"governments with the tools to control the import, trade, management, use and disposal of pesticides. FAO has provided many countries with technical assistance to strengthen pesticide legislation and capacity for its implementation. A special initiative is being initiated towards progressively banning highly hazardous pesticides. Integrated Pest Management: The most effective way of reducing the impact of pesticides is by reducing their use.",FAO,https://www.fao.org/4/ai551e/ai551e00.pdf,pdf,22,444
Integrated Pest Mana_6,Integrated Pest Management,Integrated Pest Management,"Integrated Pest Management (IPM) is widely promoted by FAO to help farmers produce crops in a cost-effective and sustainable manner. IPM requires a good understanding of the agro-ecosystem and uses non-chemical methods to suppress pests. Pesticide use is generally reduced considerably without affecting yields. Where pesticide use remains justified, products are carefully selected to minimize impacts on anything other than the pests to be controlled. Best practice: Pesticide application is the point at which most damage to health and environment occurs. Correct use requires a good understanding of pesticide hazards, the ability to read a complex label and follow its instructions, access to and correct use of personal protective equipment and well maintained and correctly calibrated application equipment. FAO provides guidance on best practice and works with governments and with partner agencies, organizations and the private sector to improve standards",FAO,https://www.fao.org/4/ai551e/ai551e00.pdf,pdf,22,965
Integrated Pest Mana_7,Integrated Pest Management,Integrated Pest Management,"and works with governments and with partner agencies, organizations and the private sector to improve standards and reduce risks to farmers. Stock management: Good stock management and storage of pesticides throughout their distribution lines is important in preventing loss, damage, deterioration and inappropriate use. FAO has developed computer-based stock management systems to allow tracking of products, and provides guidance on pesticide store design and management. Disposal: Mismanagement of pesticides over decades has resulted in the accumulation of large stockpiles of obsolete pesticides that are now considered hazardous waste. FAO is working with partners globally to assist countries with the identification, securing and disposal of such stockpiles. for more informa Tion: plant production and protection division http://www.fao.org/ag/agp/agpp/ pesticid/default.hTm pesticides pose particular problems • Pesticides are designed to be toxic to living organisms.",FAO,https://www.fao.org/4/ai551e/ai551e00.pdf,pdf,22,978
Integrated Pest Mana_8,Integrated Pest Management,Integrated Pest Management,"http://www.fao.org/ag/agp/agpp/ pesticid/default.hTm pesticides pose particular problems • Pesticides are designed to be toxic to living organisms. • Pesticides are intentionally dispersed in the environment. • Pesticides are often used by poorly educated and untrained individuals. • Pesticides are commonly applied to food crops and can leave residues that are consumed. • Pesticides often impact adversely on non target organisms that may serve important ecological functions, such as natural enemies of pests, pollinators, earth worms and birds. ©FAO/Asim pp ©FAO/HArry vAn der Wul",FAO,https://www.fao.org/4/ai551e/ai551e00.pdf,pdf,22,585
Climate-Smart Agricu_1,Climate Adaptation,Climate-Smart Agriculture,"©FAO/Ishara Kodikara / FAO “Climate-Smart” Agriculture Policies, Practices and Financing for Food Security, Adaptation and Mitigation “Climate-Smart” Agriculture Policies, Practices and Financing for Food Security, Adaptation and Mitigation Food and Agriculture Organization of the United Nations (FAO) 2010",FAO,http://www.fao.org/docrep/013/i1881e/i1881e00.pdf,pdf,22,307
Climate-Smart Agricu_2,Climate Adaptation,Climate-Smart Agriculture,"The contents and conclusions of this report are considered appropriate for the time of its preparation. They may be modified in the light of further knowledge gained at subsequent stages. The designations employed and the presentation of material in this information product do not imply the expression of any opinion whatsoever on the part of the Food and Agriculture Organization of the United Nations (FAO) concerning the legal or development status of any country, territory, city or area or of its authorities, or concerning the delimitation of its frontiers or boundaries. The mention of specific companies or products of manufacturers, whether or not these have been patented, does not imply that these have been endorsed or recommended by FAO in preference to others of a similar nature that are not mentioned. All rights reserved. Reproduction and dissemination of material in this information product for educational",FAO,http://www.fao.org/docrep/013/i1881e/i1881e00.pdf,pdf,22,926
Climate-Smart Agricu_3,Climate Adaptation,Climate-Smart Agriculture,"nature that are not mentioned. All rights reserved. Reproduction and dissemination of material in this information product for educational or other non-commercial purposes are authorized without any prior written permission from the copyright holders provided the source is fully acknowledged. Reproduction of material in this information product for resale or other commercial purposes is prohibited without written permission of the copyright holders. Applications for such permission should be addressed to: Chief Electronic Publishing Policy and Support Branch Communication Division FAO Viale delle Terme di Caracalla, 00153 Rome, Italy or by e-mail to: copyright@fao.org © FAO 2010 Acknowledgments This paper is the outcome of a collaborative effort between the Natural Resources Management and Environment Department, the Economic and Social Development Department, the Agriculture and Consumer",FAO,http://www.fao.org/docrep/013/i1881e/i1881e00.pdf,pdf,22,901
Climate-Smart Agricu_4,Climate Adaptation,Climate-Smart Agriculture,"Environment Department, the Economic and Social Development Department, the Agriculture and Consumer Protection Department, the Fisheries and Aquaculture Department and the Forestry Department of the Food and Agriculture Organization of the United Nations (FAO). The authors include Leslie Lipper, Wendy Mann, Alexandre Meybeck, Reuben Sessa with the technical contributions of Moujahed Achouri, Doyle Baker, Caterina Batello, Catherine Bessy, Susan Braatz, Jeronim Capaldo, Francis Chopin, Linda Collette, Julien Custot, Olivier Dubois, Cassandra De Young, Theodor Friedrich, Michelle Gauthier, Pierre Gerber, Vincent Gitz, Kakoli Ghosh, Robert Gouantoueu Guei, Benjamin Henderson, Irene Hoffmann, Peter Holmgren, Amir Kassam, Philippe Le Coent, Clemencia Licona Manzur, Nebambi Lutaladio, Harinder Makkar, Divine Nganje Njie, Thomas Osborn, Joachim Otte, Julio Pinto Cortes and Doris Soto and the kind assistance of Emelyne Cheney, Sara Granados, Maria Guardia and Lisen Runsten.",FAO,http://www.fao.org/docrep/013/i1881e/i1881e00.pdf,pdf,22,981
Climate-Smart Agricu_5,Climate Adaptation,Climate-Smart Agriculture,"Cheney, Sara Granados, Maria Guardia and Lisen Runsten.",FAO,http://www.fao.org/docrep/013/i1881e/i1881e00.pdf,pdf,22,55
Climate-Smart Agricu_6,Climate Adaptation,Climate-Smart Agriculture,Content Scope of paper ........................................................................................................................................................................................................ ii Key messages .......................................................................................................................................................................................................... ii Introduction ........................................................................................................................................................................................................... iii Part 1 - Examples of climate-smart production systems ............................................................................ 1,FAO,http://www.fao.org/docrep/013/i1881e/i1881e00.pdf,pdf,22,799
Climate-Smart Agricu_7,Climate Adaptation,Climate-Smart Agriculture,"Part 1 - Examples of climate-smart production systems ............................................................................ 1 1.1 Introduction ............................................................................................................................................................................................ 1 1.1.1 Considerations for climate-smart production systems .............................................................................................. 1 1.1.2 Achievements and constraints ............................................................................................................................................ 3 1.1.3 Existing systems, practices and methods suitable for climate-smart agriculture .......................................... 3 1.2 Crops: rice production systems ................................................................................................................................................... 4",FAO,http://www.fao.org/docrep/013/i1881e/i1881e00.pdf,pdf,22,988
Climate-Smart Agricu_8,Climate Adaptation,Climate-Smart Agriculture,1.3 Crops: Conservation Agriculture ................................................................................................................................................ 5 1.4 Livestock production efficiency and resilience ................................................................................................................. 7 1.5 Agroforestry ............................................................................................................................................................................................ 9 1.6 Fisheries and aquaculture ........................................................................................................................................................... 11 1.7 Urban and peri-urban agriculture .......................................................................................................................................... 13,FAO,http://www.fao.org/docrep/013/i1881e/i1881e00.pdf,pdf,22,925
Climate-Smart Agricu_9,Climate Adaptation,Climate-Smart Agriculture,1.8 Diversified and Integrated Food - Energy Systems ....................................................................................................... 15 Part 2 – Institutional and policy options ......................................................................................................... 17 2.1 Enabling policy environment ..................................................................................................................................................... 17 2.1.1 National policy-making ...................................................................................................................................................... 17 2.1.2 Coordinated international policies................................................................................................................................. 18,FAO,http://www.fao.org/docrep/013/i1881e/i1881e00.pdf,pdf,22,851
Climate-Smart Agricu_10,Climate Adaptation,Climate-Smart Agriculture,"2.2 Institutions: information production and dissemination ......................................................................................... 18 2.3 Climate data and information gaps ........................................................................................................................................ 19 2.4 Dissemination mechanisms ........................................................................................................................................................ 19 2.5 Institutions to improve access, coordination and collective action ................................................................... 20 2.6 Institutions to support financing and insurance needs ............................................................................................. 21",FAO,http://www.fao.org/docrep/013/i1881e/i1881e00.pdf,pdf,23,811
Climate-Smart Agricu_11,Climate Adaptation,Climate-Smart Agriculture,2.6.1 Credit .......................................................................................................................................................................................... 21 2.6.2 Insurance .................................................................................................................................................................................. 21 2.6.3 Social Safety Nets .................................................................................................................................................................. 21 2.6.4 Payments for environmental services ........................................................................................................................... 22 Part 3 – Financing and Investments for Climate-smart Agriculture ..................................................... 24,FAO,http://www.fao.org/docrep/013/i1881e/i1881e00.pdf,pdf,23,882
Climate-Smart Agricu_12,Climate Adaptation,Climate-Smart Agriculture,Part 3 – Financing and Investments for Climate-smart Agriculture ..................................................... 24 3.1 Why financing is needed ............................................................................................................................................................... 24 3.2 Financing gaps .................................................................................................................................................................................... 24 3.3 Sources of financing ......................................................................................................................................................................... 26 3.3.1 Blending different sources of financing ......................................................................................................................... 26,FAO,http://www.fao.org/docrep/013/i1881e/i1881e00.pdf,pdf,23,884
Climate-Smart Agricu_13,Climate Adaptation,Climate-Smart Agriculture,"3.3.2 Leveraging ................................................................................................................................................................................ 28 3.4 Financing mechanisms .................................................................................................................................................................. 28 3.4.1 Weaknesses of existing mechanisms ............................................................................................................................... 28 3.4.2 New mechanisms .................................................................................................................................................................... 29 3.4.3 Architecture that enables action, including by agriculture ................................................................................... 29",FAO,http://www.fao.org/docrep/013/i1881e/i1881e00.pdf,pdf,23,899
Climate-Smart Agricu_14,Climate Adaptation,Climate-Smart Agriculture,3.5 Connecting action to financing ................................................................................................................................................. 30 3.5.1 National level ........................................................................................................................................................................... 30 3.5.2 Linking to farmers .................................................................................................................................................................. 30 3.5.3 MRV .............................................................................................................................................................................................. 31 3.5.4 Pilots ............................................................................................................................................................................................ 31,FAO,http://www.fao.org/docrep/013/i1881e/i1881e00.pdf,pdf,23,979
Climate-Smart Agricu_15,Climate Adaptation,Climate-Smart Agriculture,References ............................................................................................................................................................................................................. 32 Acronyms .............................................................................................................................................................................................................. 36 Annex I: Methods and Tools .......................................................................................................................................................................... 38,FAO,http://www.fao.org/docrep/013/i1881e/i1881e00.pdf,pdf,23,639
Climate-Smart Agricu_16,Climate Adaptation,Climate-Smart Agriculture,"ii Scope of paper Agriculture in developing countries must undergo a significant transformation in order to meet the related challenges of achieving food security and responding to c l i m a t e c h a n g e . P r o j e c t i o n s b a s e d o n population growth and food consumption patterns indicate that agricultural production will need to i n c r e a s e b y a t l e a s t 7 0 p e r c e n t t o m e e t d e m a n d s b y 2 0 5 0 . M o s t estimates also indicate that climate change is likely to reduce agricultural productivity, production stability and incomes in some areas that already have high levels of food insecurity. Developing climate-smart agriculture1 is thus crucial to achieving future food security and climate change goals. This paper examines some of the key technical, institutional, policy and financial responses required to achieve this transformation. Building on case",FAO,http://www.fao.org/docrep/013/i1881e/i1881e00.pdf,pdf,23,896
Climate-Smart Agricu_17,Climate Adaptation,Climate-Smart Agriculture,"institutional, policy and financial responses required to achieve this transformation. Building on case studies from the field, the paper outlines a range of practices, approaches and tools aimed at increasing the resilience and productivity of agricultural production systems, while also reducing and removing emissions. The second part of the paper surveys institutional and policy options available to promote the transition to climate-smart agriculture at the smallholder leve l. Finally, the paper considers current f i n a n c i n g g a p s a n d m a k e s i n n o v a t i v e s u g g e s t i o n s r e g a r d i n g t h e combined use of different sources, financing mechanisms and delivery systems. Key messages 1) Agriculture in developing countries must undergo a significant transformation in order to meet the related challenges of food security and climate change.",FAO,http://www.fao.org/docrep/013/i1881e/i1881e00.pdf,pdf,23,877
Climate-Smart Agricu_18,Climate Adaptation,Climate-Smart Agriculture,"the related challenges of food security and climate change. 2) Effective climate-smart practi ces already exist and could be implemented in developing country agricultural systems. 3) Adopting an ecosystem approach, working at landscape scale and ensuring intersectoral coordination and cooperation is crucial for effective climate change responses. 4) Considerable investment is required in f illing data and knowledge gap s and in research and development of technologies, methodologies, as well as the conservation and production of suitable varieties and breeds. 5) Institutional and financial support will be required to enable smallholders to make the transition to climate-smart agriculture. 6) Strengthened institutional capacity will be needed to improve dissemination of climate-smart information and coordinate over large areas and numbers of farmers. 7) Greater consistency between agriculture, f ood security and climate change policy-making must be",FAO,http://www.fao.org/docrep/013/i1881e/i1881e00.pdf,pdf,23,962
Climate-Smart Agricu_19,Climate Adaptation,Climate-Smart Agriculture,"7) Greater consistency between agriculture, f ood security and climate change policy-making must be achieved at national, regional and international levels. 8) Available financing, current and projected, are substantially insufficient to meet climate change and food security challenges faced by the agriculture sector. 9) Synergistically combining financing from public and private sources, as well as those earmarked for climate change and food security are innovative options to meet the investment requirements of the agricultural sector. 10) To be effective in channelling fast-track financing to agriculture, financing mechanisms will need to take sector-specific considerations into account. 1 Definition of climate-smart agriculture: agriculture that sustainably increases productivity, resilience (adaptation), reduces/removes GHGs (mitigation), and enhances achievement of national food security and development goals.",FAO,http://www.fao.org/docrep/013/i1881e/i1881e00.pdf,pdf,23,928
Climate-Smart Agricu_20,Climate Adaptation,Climate-Smart Agriculture,"GHGs (mitigation), and enhances achievement of national food security and development goals. PART 1PART 2PART 3",FAO,http://www.fao.org/docrep/013/i1881e/i1881e00.pdf,pdf,23,111
Climate-Smart Agricu_21,Climate Adaptation,Climate-Smart Agriculture,"iii Introduction Over the past six decades world agriculture has become consider ably more efficient. Improvements in production systems and crop and livestock breed ing programmes have resulted in a doubling of food production while increasing the amount of agricultural land by just 10 percent. However, climate change is expected to exacerbate the existing challenges faced by a g r i c u l t u r e . T h e p u r p o s e o f t h i s p a p e r i s t o h i g h l i g h t t h a t f o od security and climate change are closely linked in the agriculture sector and that key opportunities exist to transform the sector towards climate-smart systems that address both. Estimates show that world popul ation will grow from the current 6.7 billion to 9 billion by 2050 with most of the increase occurring in South Asia and sub- Saharan Africa. Taking into account the changes in the compo sition and level of consumption associated with growing",FAO,http://www.fao.org/docrep/013/i1881e/i1881e00.pdf,pdf,23,939
Climate-Smart Agricu_22,Climate Adaptation,Climate-Smart Agriculture,"account the changes in the compo sition and level of consumption associated with growing household incomes, FAO estimates that feeding the world populat ion will require a 70 percent increase in total agricultural production2 (Bruinsma, 2009). At the same time, climate change threatens production’s stabil ity and productivity. In many areas of the world where agricultural productivity is already l o w a n d t h e m e a n s o f c o p i n g w i t h adverse events are limited, climate change is expected to reduc e productivity to even lower levels and make production more erratic (Stern Review 2006; Cline 2007 ; Fisher et al. 2002; IPCC 2007). L o n g t e r m c h a n g e s i n t h e p a t t e r n s o f t e m p e r a t u r e a n d p r e c i p i t a tion, that are part of climate change, are expected to shift production seasons, pest and dise ase patterns, and modify the set of",FAO,http://www.fao.org/docrep/013/i1881e/i1881e00.pdf,pdf,23,885
Climate-Smart Agricu_23,Climate Adaptation,Climate-Smart Agriculture,"change, are expected to shift production seasons, pest and dise ase patterns, and modify the set of feasible crops affecting production, prices, incomes and ultimately, livelihoods and lives. Preserving and enhancing food security requires agricultural p roduction systems to change in the direction of higher productivity and also, essentially, lower output variability in the face of climate risk and risks of an agro -ecological and socio-economic nature. In order to stabilize output and income, production systems must become more resilient, i.e. more capable of performing well in the face of disruptive events. More productive and resilient agriculture requires transformations in the management of natural resources (e.g. land, water, soil nutrients, and genetic resources) and h i g h e r e f f i c i e n c y i n t h e u s e o f t h e s e r e s o u r c e s a n d i n p u t s f o r production. Transitioning to such",FAO,http://www.fao.org/docrep/013/i1881e/i1881e00.pdf,pdf,23,923
Climate-Smart Agricu_24,Climate Adaptation,Climate-Smart Agriculture,"h i g h e r e f f i c i e n c y i n t h e u s e o f t h e s e r e s o u r c e s a n d i n p u t s f o r production. Transitioning to such systems could also generate sign ificant mitigation benefits by increasing carbon sinks, as well as reducing emissions per unit of agricultural product. Transformations are needed in both commercial and subsistence agricultural systems, but with significant differences in priorities and capacity. In com mercial systems, increasing efficiency and reducing emissions, as well as other negative environmental impacts, are key concerns. In agriculture-based countries, whe re agriculture is critical for economic development (World Bank, 2008), transforming smallholder systems is not only important fo r f o o d s e c u r i t y b u t a l s o f o r poverty reduction, as well as for aggregate growth and structur al change. In the latter group of",FAO,http://www.fao.org/docrep/013/i1881e/i1881e00.pdf,pdf,23,882
Climate-Smart Agricu_25,Climate Adaptation,Climate-Smart Agriculture,"poverty reduction, as well as for aggregate growth and structur al change. In the latter group of countries, increasing productivi ty to achieve food security is clearly a priority, which is projected to entail a significant increase in emissions from the agricult ural sector in developing countries (IPCC 2007). Achieving the needed levels of growth, but on a lo wer emissions trajectory will require a concerted effort to maximize synergies and minimize t radeoffs between productivity and mitigation. E n s u r i n g t h a t i n s t i t u t i o n s a n d i n c e n t i v e s a r e i n p l a c e t o a c h i eve climate-smart transitions, as well as adequate financial resources, is thus e ssential to meeting these challenges. In this context mitigation finance can play a key function in leve raging other investments to support activities that generate synergies. 2",FAO,http://www.fao.org/docrep/013/i1881e/i1881e00.pdf,pdf,23,871
Climate-Smart Agricu_26,Climate Adaptation,Climate-Smart Agriculture,"activities that generate synergies. 2 These estimates refer to a specific baseline scenario whic h excludes, among other elements, the effects of climate change on production. For more details see FAO (2006).",FAO,http://www.fao.org/docrep/013/i1881e/i1881e00.pdf,pdf,23,208
Climate-Smart Agricu_27,Climate Adaptation,Climate-Smart Agriculture,iv T h e a b o v e s u m m a r i z e d k e y i s s u e s a r e e l a b o r a t e d i n t h r e e m a i n sections. In section 1 examples of climate-smart production systems are provided to il lustrate what can be achieved and also highlight the knowledge and technical gaps that need to be addressed. In part 2 the role that institutions and policy must play in the transformation of production systems to climate-smart production systems is examined. In part 3 we discuss the financ ial opportunities and the shortfalls a n d c o n s t r a i n t s t h a t n e e d t o b e r e s o l v e d t o e n s u r e t h e a d e q u a t e support in transitioning to climate-smart agriculture. Annex I provides examples of FAO met hods and tools which can support national climate-smart agriculture. Key message 1) Agriculture in developing countries must unde rgo a significant transformation in order to meet the related challenges of food security and climate change.,FAO,http://www.fao.org/docrep/013/i1881e/i1881e00.pdf,pdf,23,958
Climate-Smart Agricu_28,Climate Adaptation,Climate-Smart Agriculture,"1 Part 1 - Examples of climate-smart production systems 1.1 Introduction 1.1.1 Considerations for climate-smart production systems The production, processing and marketing of agricultural goods are central to food security and economic growth. Products derived from plants and animals include foods (such as cereals, vegetables, f r u i t s , f i s h a n d m e a t ) , f i b e r s ( s u c h a s c o t t o n , w o o l , h e m p a n d s i l k ) , f u e l s ( s u c h a s d u n g , c h a r c o a l a n d b i o f u e l s f r o m c r o p s a n d r e s i d u e s ) a n d o t h e r r a w m a t e r i a l s ( i n c luding medicines, building materials, resins, etc.). Production has been achieved through a number of production systems which range from smallholder mixed cropping and liv estock systems to intensive f arming practices such as large monocultures and intensive livestock rearing. The sustainable intensification of production, especially in",FAO,http://www.fao.org/docrep/013/i1881e/i1881e00.pdf,pdf,23,947
Climate-Smart Agricu_29,Climate Adaptation,Climate-Smart Agriculture,"monocultures and intensive livestock rearing. The sustainable intensification of production, especially in developing countries, can ensure food security and contribute to mitigating climate change by reducing deforestation and the encroachment of agriculture into natural ecosystems (Burney et al , 2010 and Bellassen, 2010). The overall efficiency, resilience, adaptive capacity and miti gation potential of the production systems can be enhanced through improving its various component s , s o m e o f t h e k e y o n e s a r e highlighted below. Examples of production systems are provided at the end of the section to illustrate the feasibility and constraints of developing climate smart agriculture. Other key issues, such as access to markets, inputs, knowledge, f inances and issues related to land tenure are also fundamental for ensuring food security, these issues are reviewed in part 2 of this document.",FAO,http://www.fao.org/docrep/013/i1881e/i1881e00.pdf,pdf,23,917
Climate-Smart Agricu_30,Climate Adaptation,Climate-Smart Agriculture,"ensuring food security, these issues are reviewed in part 2 of this document. Soil and nutrient management: the availability of nitrogen and other nutrients is essential to increase yields. T his can be done throug h composting manure and crop residues, more precise matching of nutrients with plant needs, controlled release and deep placement technologies or using legumes for natural nitrogen fixation. Using methods and practices that increases organic n u t r i e n t i n p u t s , r e t e n t i o n a n d u s e a r e t h e r e f o r e f u n d a m e n t a l a nd reduces the need of synthetic f e r t i l i z e r s w h i c h , d u e t o c o s t a n d a c c e s s , a r e o f t e n u n a v a i l a b le to smallholders and, through their production and transport, contribute to GHG emissions. Box 1: Improving soil nutrient content Many subsistence crop production system soils are deplet ed and have poor nutrient content. This can be partially",FAO,http://www.fao.org/docrep/013/i1881e/i1881e00.pdf,pdf,23,949
Climate-Smart Agricu_31,Climate Adaptation,Climate-Smart Agriculture,"Many subsistence crop production system soils are deplet ed and have poor nutrient content. This can be partially resolved by the use of legumes as green manures, planted in intercropping systems, as part of a scheme of crop rotation or in agro-forestry systems. For example, the ha ulms of the legume groundnut can be eaten by livestock or incorporated into the soil. In this latter case, the yield of the subsequent crop (e.g. maize or rice) can be much higher (as much as double), even if the groundnut yield is low. In forage legume/grass mixtures, nitrogen can be found to be transferred from legume to grass varieties (e.g . 13 to 34 percent of fixed N). Used as a livestock feed it can also increase food conversion ratios and decrease me thane emissions. Legumes also provide a useful protein source for humans. [FAO, 2009c]. Water harvesting and use: Improved water harvesting and retention (such as pools, dams,",FAO,http://www.fao.org/docrep/013/i1881e/i1881e00.pdf,pdf,23,921
Climate-Smart Agricu_32,Climate Adaptation,Climate-Smart Agriculture,"source for humans. [FAO, 2009c]. Water harvesting and use: Improved water harvesting and retention (such as pools, dams, pits, retaining ridges, etc.) and water-use efficiency (irrigat ion systems) are fundamental for increasing production and addressing increasing irregularity of rainfall patterns. Today, irrigation is practiced on 20 percent of the ag ricultural land in developing countries but can generate 130 percent more yields than rain-fed systems. The expansion of efficient management technologies and methods, especially those relevant to smallholders is fundamental.",FAO,http://www.fao.org/docrep/013/i1881e/i1881e00.pdf,pdf,23,581
Climate-Smart Agricu_33,Climate Adaptation,Climate-Smart Agriculture,"2 Box 2: Zaï and stone bunds in Burkina Faso In Yatenga province, farmers reclaimed degraded farmland by digging planting pits, known as zaï. This traditional technique was improved by increasing depth and diamet er of the pits and adding organic matter. The Zaï concentrate both nutrients and water and facilitate water infiltration and retention. Thus lands which used to be barely productive can now achieve yields from 300kg/ha to 1500kg/ha, depending on rainfalls. In the same province, farmers, with support from Oxfam, began building stone contour bunds to harvest rainwater. The bunds allows water to spread evenly through the field and infiltrates the soil and also prevents soil and organic matter being washed away. Thanks to local networks of farmers these techniques are now used on 200 000 to 300 000 ha (Reij 2009). Pest and disease control: There is evidence that climate change is altering the distribut ion,",FAO,http://www.fao.org/docrep/013/i1881e/i1881e00.pdf,pdf,23,925
Climate-Smart Agricu_34,Climate Adaptation,Climate-Smart Agriculture,"Pest and disease control: There is evidence that climate change is altering the distribut ion, incidence and intensity of animal and plant pests and diseases as well as invasive and alien species. The recent emergence in several regions of multi-virulent, aggressive strains of wheat yellow rust adapted to high temperatures is a good indication of the risks associated with pathogen adaptation to climate change. These new aggressive strains hav e spread at unprecedented speed i n f i v e c o n t i n e n t s r e s u l t i n g i n epidemics in new cropping areas, previously not favourable for yellow rust and where well-adapted, resistant varieties are not yet available. The wheat disease Spot Blotch, caused by Cohliobolus sativus, is another example, causing heavy losses in Southern Brazil, Bolivia, Paraguay, and Eastern India, due to a lack of resistance to the disease. As wheat growing areas of Asia become warmer, the pathogen is likely to",FAO,http://www.fao.org/docrep/013/i1881e/i1881e00.pdf,pdf,23,951
Climate-Smart Agricu_35,Climate Adaptation,Climate-Smart Agriculture,"lack of resistance to the disease. As wheat growing areas of Asia become warmer, the pathogen is likely to spread even further and cause further losses. Resilient ecosystems: Improving ecosystem management and biodiversity can provide a number of ecosystem services, which can lead to more resilient, productive and sustainable systems that may also contribute to reducing or removing greenhouse gas es. Services include, control of pests and disease, regulation of microclimate, decomposition of w a s t e s , r e g u la t i n g nut r i e n t c y c l e s and crop pollination. Enabling and enhancing the provision of s u c h s e r v i c e s c a n b e a c h i e v e d through the adoption of different natural resource management and production practices. Genetic resources: Genetic make-up determines a pla nts and animals tolerance to sh ocks such as temperature extremes, dr ought, flooding and pests and d iseases. It also regulates the length",FAO,http://www.fao.org/docrep/013/i1881e/i1881e00.pdf,pdf,23,947
Climate-Smart Agricu_36,Climate Adaptation,Climate-Smart Agriculture,"such as temperature extremes, dr ought, flooding and pests and d iseases. It also regulates the length of growing season/production cycle and the response to inputs su c h a s f e r t i l i z e r , w a t e r a n d f e e d . The preservation of genetic resources of crops and breeds and t heir wild relatives is therefore fundamental in developing resilience to shocks, improving the e fficient use of resources, shortening production cycles and generating higher yields (and quality and n u t r i t i o n a l c o n t e n t ) p e r a r e a o f land. Generating varieties and breeds which are tailored to eco systems and the needs of farmers is crucial. Box 3: Seed systems Efficient seed production systems are required to ensure r apid access of farmers to varieties adapted to their new agro-ecological conditions. In northern Cameroon, local varieties of millet, sorghum and maize were not adapted to lower rainfall and increased",FAO,http://www.fao.org/docrep/013/i1881e/i1881e00.pdf,pdf,23,931
Climate-Smart Agricu_37,Climate Adaptation,Climate-Smart Agriculture,"agro-ecological conditions. In northern Cameroon, local varieties of millet, sorghum and maize were not adapted to lower rainfall and increased drought. The agriculture research institute developed adapted earlier maturing varieties of these crops and with the support of FAO farmer seed enterprises were organized to produce certified seed for sale to farmers in the surrounding villages. The new varieties produced good yields in spite of the unfavourable agro-ecology which has resulted in its hi demand and led in the creation of 68 co mmunity seed enterprises with over 1 000 member (both women and men) producing over 200 Tons of seed per year. There are similar projects in other countries [Guei, 2010]. FAO has supported the introduction of new seed varieties in Haiti to increase food production and facilitate the transition from emergency to rehabilitation. One of the success stories has been the introduction from Guatemala of the bean variety ICTA",FAO,http://www.fao.org/docrep/013/i1881e/i1881e00.pdf,pdf,23,961
Climate-Smart Agricu_38,Climate Adaptation,Climate-Smart Agriculture,"emergency to rehabilitation. One of the success stories has been the introduction from Guatemala of the bean variety ICTA Lijero, which is very early-maturing and is resistant to one of the major disease problems in Haiti, the Golden Mosaic Virus. This variety allows farmers in irrigated plains to have two harvests of beans before the starting of the hot season. Since 2007, FAO has supported community seed producer groups in seed production of ICTA Lijero. In 2009, the FAO seed multiplication programme has supported 34 seed producers groups that have produced 400T of bean seed including ICTA Lijero.",FAO,http://www.fao.org/docrep/013/i1881e/i1881e00.pdf,pdf,23,606
Climate-Smart Agricu_39,Climate Adaptation,Climate-Smart Agriculture,"3 Harvesting, processing and supply chains: Efficient harvesting and early transformation of agricultural produce can reduce post-harvest losses (PHL) and p reserve food quantity, quality and nutritional value of the product. It also ensures better use of co-products and by-products, either as feed for livestock, to produce renewable energy in integrated systems or to improve soil fertility. As supply chains become longer and more co mplex it becomes evermore import a n t t o i n c r e a s e t h e o p e r a t i o n a l efficiency of processing, packaging, storage, transport, etc to ensure increased shelf life, retain quality and reduce carbon footprints. Food processing allows surplus to be stored for low production years or allows a staggered sale. This ensures greater availability of food and income throughout the season and in years of low production. Food processing creates jobs and income opportunities, especially for women.",FAO,http://www.fao.org/docrep/013/i1881e/i1881e00.pdf,pdf,23,943
Climate-Smart Agricu_40,Climate Adaptation,Climate-Smart Agriculture,"of low production. Food processing creates jobs and income opportunities, especially for women. Box 4: Improved technologies for reducing post harvest losses in Afghanistan In the northern region of Afghanistan where more than ha lf of the country’s cereals are produced, many farmers store their crop in plastic and fibre bags or in farm buildings without proper flooring, doors and windows. This offers limited protection, resulting in signif icant post-harvest losses. The Govern ment requested support from FAO to provide silos for communities and farming households for grai n storage. With funds provided by the Government of the Federal Republic of Germany, FAO implemented a project from 2004 to 2006 with the objectives reducing post- harvest losses and enhancing the technical capacity of local tinsmiths, blacksmiths and craftsmen for construction of metallic grain silos. Seven main grain producing provinces were selected as focus areas. Technical personnel from",FAO,http://www.fao.org/docrep/013/i1881e/i1881e00.pdf,pdf,23,975
Climate-Smart Agricu_41,Climate Adaptation,Climate-Smart Agriculture,"metallic grain silos. Seven main grain producing provinces were selected as focus areas. Technical personnel from the Ministry of Agriculture and NGOs trained 300 local artisans in the manufacture of silos, while contracts were issued to over 100 tinsmiths who built metallic silos rangin g from 250 to 1 800 kilogram capacity for distribution in local communities. The project also oversaw the construction of grain warehouses for community use in 12 sites and trained beneficiaries on how best to operate and manage th e facilities. It was found that the use of the metallic silos had reduced storage loss from 15-20 percent to less than 1-2 percent, grains were of higher quality (as protected from insects, mice and mould) and could be stored for longer. Based on the training received, tinsmiths, blacksmiths and craftsmen are now fabricating silos as a profitable enterprise. 1.1.2 Achievements and constraints",FAO,http://www.fao.org/docrep/013/i1881e/i1881e00.pdf,pdf,23,916
Climate-Smart Agricu_42,Climate Adaptation,Climate-Smart Agriculture,"and craftsmen are now fabricating silos as a profitable enterprise. 1.1.2 Achievements and constraints Modern technologies and advances in the agriculture sector, suc h as inorganic fertilizers, pesticides, f e e d s , s u p p l e m e n t s , h i g h y i e l d i n g v a r i e t i e s , a n d l a n d m a n a g e m e nt and irrigation techniques have considerably increased production. This has been fundamental in meeting the food needs of a growing population and in generating economic growth needed for poverty reduction. However in certain circumstances these pract ices and techniques have cause d ecological damage, degradation of soils, unsustainable use of resources; outbreak of pests and diseases and have caused health problems to both livestock and humans. Such unsustainable pract ices have resulted in lower yields, degraded or depleted natural res ources and have been a driver o f agriculture’s encroachment into",FAO,http://www.fao.org/docrep/013/i1881e/i1881e00.pdf,pdf,23,929
Climate-Smart Agricu_43,Climate Adaptation,Climate-Smart Agriculture,"degraded or depleted natural res ources and have been a driver o f agriculture’s encroachment into important natural ecological areas such as forests. The quest t o increase yields and to do this without expanding the amount of land under cultivation has often heightened the vulnerability of production systems to shocks such as outbreaks of pests and dis eases, droughts and floods and changing climate patterns. In a ddition, there are many producti on systems in developing countries that due to a lack of finance, resources, knowledge and capacit y are well below the potential yield that could be achieved. 1.1.3 Existing systems, practices and methods suitable for clim ate-smart agriculture There are several challenges in transitioning to high productio n, intensified, resilient, sustainable, and low-emission agriculture. However, as shown in the examples below, careful selection of",FAO,http://www.fao.org/docrep/013/i1881e/i1881e00.pdf,pdf,23,894
Climate-Smart Agricu_44,Climate Adaptation,Climate-Smart Agriculture,"and low-emission agriculture. However, as shown in the examples below, careful selection of production systems, adoption of appropriate methods and practice s a n d u s e o f s u i t a b l e v a r i e t i e s and breeds, can allow considerab le improvements to be made. There are numerous FAO resources, guidelines, tools, technologies and other applications to assist policy makers, extension workers and farmers in selecting the most appropriate production systems, u ndertaking land use and resource assessments, evaluating vulnerabi lity and undertaking impact as sessments. Recently, FAO has",FAO,http://www.fao.org/docrep/013/i1881e/i1881e00.pdf,pdf,23,596
Climate-Smart Agricu_45,Climate Adaptation,Climate-Smart Agriculture,"4 developed a carbon balance tool ( EX-ACT) to appraise mitigation i m p a c t o f n e w l y p r o p o s e d f o o d security, agriculture policies and projects. The tool is now be ing used in over 20 countries with IFAD, World Bank and GTZ. FAO methods and tools are provided in Annex I. However, there are still considerable knowledge gaps relating to the suitability and use of these production systems and practices across a wide variety of agro-ecological and socio-economic contexts and scales. There is even less knowledge on the suitab i l i t y o f d i f f e r e n t s y s t e m s u n d e r varying future climate change sc enarios and other biotic and ab iotic stresses. However, in many cases even existing knowledge, t echnologies and inputs have not reached farmers, especially in d e v e l o p i n g c o u n t r i e s . F o r t h i s t o b e a c h i e v e d t h e r e i s a n e e d for polices, infrastructures and",FAO,http://www.fao.org/docrep/013/i1881e/i1881e00.pdf,pdf,23,928
Climate-Smart Agricu_46,Climate Adaptation,Climate-Smart Agriculture,"d e v e l o p i n g c o u n t r i e s . F o r t h i s t o b e a c h i e v e d t h e r e i s a n e e d for polices, infrastructures and considerable investments to build the financial and technical capacity of farmers (especially smallholders) to enable them to adopt climate-smart practices t hat could generate economic rural growth and ensure food security. The last two sections of the document therefore specifically address these institutional, policy (page 17) and financial (page 24) issues. 1.2 Crops: rice production systems Rice is fundamental for food security with approximately three b i l l i o n p e o p l e , a b o u t h a l f o f t h e world population, eating rice every day. Many of the poorest and most undernourished in Asia depend on rice as their staple food. Approximately 144 million ha of land is cultivated under rice each year. The waterlogged and warm soils of rice paddies make this production system a large",FAO,http://www.fao.org/docrep/013/i1881e/i1881e00.pdf,pdf,23,938
Climate-Smart Agricu_47,Climate Adaptation,Climate-Smart Agriculture,"each year. The waterlogged and warm soils of rice paddies make this production system a large emitter of methane. Rice production is and will be affected by changes in climate. Irregular rainfall, drier spells in the wet season (d amaging young plants), drought and floods are all having an effect o n y i e l d s . T h i s h a s a l s o c a u s e d o u t b r e a k s o f p e s t s a n d d i s e a s e s , w i t h l a r g e l o s s e s o f c r o p s a n d harvested products. Peng et al. (2004) have analyzed 6 years of data from 227 irrigated rice f arms in six major rice-growing countries in Asia, which produces more than 90 percent of the world's rice. They found that rising temperatures, especially night temperatures, have had a severe effect on yields causing losses of 10 -20 percent of harvests in some locations. A n u m b e r o f m e t h o d s a n d p r a c t i c e s a r e b e i n g a d o p t e d t o a d d r e s s these challenges. For",FAO,http://www.fao.org/docrep/013/i1881e/i1881e00.pdf,pdf,23,950
Climate-Smart Agricu_48,Climate Adaptation,Climate-Smart Agriculture,"A n u m b e r o f m e t h o d s a n d p r a c t i c e s a r e b e i n g a d o p t e d t o a d d r e s s these challenges. For example, production systems have been adapted by altering cropp ing patterns, planting dates and farm management techniques. For instance, embankments have been built to protect rice farms from floods and new drought and submergence tolerant varieties of rice are being produced and d i s t r i b u t e d b y g o v e r n m e n t i n s t i t u t i o n s a n d t h e p r i v a t e s e c t o r . I n a d d i t i o n , m a n y f a r m e r s a r e d i v e r s i f y i n g t h e i r p r o d u c t i o n s y s t e m s , g r o w i n g o t h e r c e r e a l s , vegetables and rearing fish and animals (such as pigs and chickens). The residues and waste fro m each system are being composted and used on the land, thereby reducing the need for external in puts. This diversification has",FAO,http://www.fao.org/docrep/013/i1881e/i1881e00.pdf,pdf,23,903
Climate-Smart Agricu_49,Climate Adaptation,Climate-Smart Agriculture,"and used on the land, thereby reducing the need for external in puts. This diversification has increased incomes, improved nutrition, built resilience to shoc ks and minimized financial risks. The d e v e l o p m e n t o f a d v a n c e d m o d e l i n g t e c h n i q u e s , m a p p i n g t h e e f f e c t o f c l i m a t e c h a n g e o n r i c e - growing regions and providing crop insurance are other examples of managing risks and reducing vulnerability. Research on rice cultivation has identified that emissions mainly occur in the few months of the year when the ground is fully waterlogged. A more integrated approach to rice paddy irrigation and fertilizer application has therefore been found to substantially reduce emissions. The use of ammonium sulphate supplements have also been used to pro mote soil microbial activity and",FAO,http://www.fao.org/docrep/013/i1881e/i1881e00.pdf,pdf,23,842
Climate-Smart Agricu_50,Climate Adaptation,Climate-Smart Agriculture,"use of ammonium sulphate supplements have also been used to pro mote soil microbial activity and r e d u c e m e t h a n o g e n s . I n a d d i t i o n , u r e a d e e p p l a c e m e n t ( U D P ) t e c hnology has been developed where urea in the form of super granules or small briquettes is placed under the soil near the plant roots and out of the floodwater where it is susceptible to loss. In Bangladesh, this practice has shown 50-60 percent savings in urea use and yield increases of about 1 ton per ha.",FAO,http://www.fao.org/docrep/013/i1881e/i1881e00.pdf,pdf,23,513
Climate-Smart Agricu_51,Climate Adaptation,Climate-Smart Agriculture,"5 Box 5: Mitigating methane emissions through new Irrigation Schemes (Bohol, Philippines) Bohol Island is one of the biggest rice-growing areas in the Philippines’ Visayas regions. Before the completion of the Bohol Integrated Irrigation System (BIIS) in 2007, two older reservoirs (Malinao and Capayas Dam) were beset by problems and unable to ensure sufficient water during the year’s second crop (November to April), especially for farmers who live farthest downstream from the dam. This problem was aggravated by the practice of unequal water distribution and a preference by farmers for continuously flooded rice growing conditions. In the face of declining rice production, the National Irrigation Administration (NIA) created an action plan for the BIIS. This included the construction of a new dam (Bayongan Dam; funded by a loan from the Japan Bank for International",FAO,http://www.fao.org/docrep/013/i1881e/i1881e00.pdf,pdf,23,875
Climate-Smart Agricu_52,Climate Adaptation,Climate-Smart Agriculture,"included the construction of a new dam (Bayongan Dam; funded by a loan from the Japan Bank for International Cooperation) and the implementation of a water-saving technology called Alternate-Wetting and Drying (AWD) which was developed by the International Rice Research Institute (IRRI) in cooperation with national research institutes. The visible success of AWD in pilot farms, as well as specific training programmes for farmers, were able to dispelled the widely held perception of possible yield losses from non-flooded rice fields. Ample adoption of AWD facilitated an optimum use of irrigation water, so that the cropping intensity could be increased from ca. 119 % to ca. 160 % (related to the maximum of 200 % in these double-cropping systems). Moreover, according to the revised IPCC methodology (IPCC 2006), ‘multiple aeration’, to which the AWD corresponds, potentially reduces methane emissions by 48 % compared to continuous",FAO,http://www.fao.org/docrep/013/i1881e/i1881e00.pdf,pdf,23,939
Climate-Smart Agricu_53,Climate Adaptation,Climate-Smart Agriculture,"aeration’, to which the AWD corresponds, potentially reduces methane emissions by 48 % compared to continuous flooding of rice fields. AWD therefore generates multiple benefits related to methane emission reduction (mitigation), reducing water use (adaptation where water is scarce), increasing productivity and contributing to food security (Bouman et al. 2007). 1.3 Crops: Conservation Agriculture Conservation Agriculture (CA) is a term encompassing farming pr actices which have three key characteristics: 1. minimal mechanical soil disturbance (i.e. n o tillage and direct seeding); 2. maintenance of a mulch of carbon-rich organic matter covering and feeding the soil (e.g. straw and/or other crop residues including cover crops); and 3. rotations or s e q u e n c e s a n d a s s o c i a t i o n s o f c r o p s including trees which could include nitrogen-fixing legumes. Th ere are currently some 117 million",FAO,http://www.fao.org/docrep/013/i1881e/i1881e00.pdf,pdf,23,917
Climate-Smart Agricu_54,Climate Adaptation,Climate-Smart Agriculture,"including trees which could include nitrogen-fixing legumes. Th ere are currently some 117 million hectares (about 8 percent of global arable cropland) in such systems worldwide, increasing by about 6 million hectares per year (www.fao.or/ag/ca). They cover all agro-ecologies and range from small to large farms. CA offers climate change adaptation and mitigation solutions while improving food security through sustainable production intensification and enhanced productivity of resource use. Management of soil fertility and organic matter, and improveme nt of the efficiency of nutrient i n p u t s , e n a b l e m o r e t o b e p r o d u c e d w i t h p r o p o r t i o n a l l y l e s s f e rtilizers. It also saves on energy use in farming and reduces emissions from the burning of crop residues. Moreover it helps sequester carbon in soil. Avoidance of tillage minimises occurrence of net losses o f carbon dioxide by microbial",FAO,http://www.fao.org/docrep/013/i1881e/i1881e00.pdf,pdf,23,935
Climate-Smart Agricu_55,Climate Adaptation,Climate-Smart Agriculture,"soil. Avoidance of tillage minimises occurrence of net losses o f carbon dioxide by microbial respiration and oxidation of the soil organic matter and builds soil structure and biopores through s o i l b i o t a a n d r o o t s . M a i n t e n a n c e o f a m u l c h l a y e r p r o v i d e s a substrate for soil-inhabiting micro- organisms which helps to improve and maintain water and nutrien ts in the soil. This also c o n t r i b u t e s t o n e t i n c r e a s e o f s o i l o r g a n i c m a t t e r - d e r i v e d f rom carbon dioxide captured by photosynthesis in plants, whose residues above and below the surface are subsequently transformed and sequestered by soil biota. Rotations and crop associations that include legumes are capab le of hosting nitrogen-fixing b a c t e r i a i n t h e i r r o o t s , w h i c h c o n t r i b u t e s t o o p t i m u m p l a n t g r owth without increased GES",FAO,http://www.fao.org/docrep/013/i1881e/i1881e00.pdf,pdf,23,912
Climate-Smart Agricu_56,Climate Adaptation,Climate-Smart Agriculture,"b a c t e r i a i n t h e i r r o o t s , w h i c h c o n t r i b u t e s t o o p t i m u m p l a n t g r owth without increased GES emissions induced by fertiliser’s production. Conservation Agriculture also contributes to adaptation to clim a t e c h a n g e b y r e d u c i n g c r o p vulnerability. The protective soil cover of leaves, stems and stalks from the previous crop shields the soil surface from heat, wind and rain, keeps the soil cooler and reduces moisture losses by evaporation. In",FAO,http://www.fao.org/docrep/013/i1881e/i1881e00.pdf,pdf,23,500
Climate-Smart Agricu_57,Climate Adaptation,Climate-Smart Agriculture,"6 drier conditions, it reduces cro p water requirements, makes better use of soil water and facilitates deeper rooting of crops; in extremely wet conditions, CA facilitates rain water infiltration, reducing soil erosion and the risk of downstream flooding. Conservation Agriculture also contributes to protect crops from extreme temperatures. Crop rotation over several seasons also minimises the outbreak of pests and diseases. CA thus offers opportunities for climate change adaptation and mitigation solutions, while improving food security through sustainable production intensif ication and enhanced productivity of resource use. Box 6: Country examples of conservation agriculture In Uzbekistan, where monocropping of cotton is common place, FAO has contributed to enhance the productivity of cotton through CA including no-till, diversification (rotati on with wheat and grain legumes) and selected cover crops.",FAO,http://www.fao.org/docrep/013/i1881e/i1881e00.pdf,pdf,23,918
Climate-Smart Agricu_58,Climate Adaptation,Climate-Smart Agriculture,"cotton through CA including no-till, diversification (rotati on with wheat and grain legumes) and selected cover crops. This involved the establishment of demonstration plots and training in soil water dynamics, organic matter improvement and related soil stability measures, methodologies and techniques. The technologies introduced during the project in Tashkent resulted in improved soil quality, crop development and yields. The project also showed that farmers were willing to use the CA practices step by step with a well-tested crop rotation system. In Egypt, CA was introduced in the rice-cropping systems of t he Nile Delta, where more than 50 percent of the 3-5 million tones of rice straw residues produced annually are burn t in the field as a practical means of disposal. Rice in rotation with berseem (a forage legume) or wheat ac hieved yields under CA equal to those grown under",FAO,http://www.fao.org/docrep/013/i1881e/i1881e00.pdf,pdf,23,894
Climate-Smart Agricu_59,Climate Adaptation,Climate-Smart Agriculture,"rotation with berseem (a forage legume) or wheat ac hieved yields under CA equal to those grown under conventional practices with savings in time, energy (fuel) and labour needed for land preparation and crop management. The project also demonstrated the advant ages of CA practices for weed control, crop water consumption and improvement of soil conditions for crop development. Farmers in Lesotho have been able to boost agricultural yields and increase food production by adopting CA. The practice, locally known as likoti, also contributes to co mbating soil erosion and to enhancing fertility. The socio- economic and environmental benefits help poor households to rehabilitate and strengthen their livelihood capital base and ultimately help rural communities to build system resilience in the face of widespread poverty and increasing vulnerability that affect the country. Result s show that attending appropriate training is a crucial",FAO,http://www.fao.org/docrep/013/i1881e/i1881e00.pdf,pdf,23,944
Climate-Smart Agricu_60,Climate Adaptation,Climate-Smart Agriculture,"increasing vulnerability that affect the country. Result s show that attending appropriate training is a crucial prerequisite for the correct adoption of likoti. However, training is more effective when trainers pursue true participation and when social capital among farmers is st ronger. Further important determinants of adoption are the level of education and the economic incentives provided to vulnerable households (Silici 2010). In Lempira, Honduras, farmers moved from a traditional slash and burn system to the Quesungual system. This CA system uses trees and mulch. An econom ic analysis of this transition showed that during the first two years maize and sorghum yields were about equal to those obtained with the traditional slash and burn system. From the third year, however, their yields increased, in addition, the system provided the farmer with firewood and posts, which",FAO,http://www.fao.org/docrep/013/i1881e/i1881e00.pdf,pdf,23,889
Climate-Smart Agricu_61,Climate Adaptation,Climate-Smart Agriculture,"year, however, their yields increased, in addition, the system provided the farmer with firewood and posts, which gave an extra value to the production. Because of t he increased production of maiz e, the quantity of stover increased as well; this could be sold as livestock fodder. Ad ditionally, from the first year onwards, the farmer could rent out the land for livestock grazing, because of the in creased biomass production. Usually this was done for two months. The application of the Quesungual system not only meets the household subsistence needs for fruit, timber, firewood and grains, but also generates a surplus which can be sold providing an additional source of income.",FAO,http://www.fao.org/docrep/013/i1881e/i1881e00.pdf,pdf,23,685
Climate-Smart Agricu_62,Climate Adaptation,Climate-Smart Agriculture,"7 1.4 Livestock production e fficiency and resilience Livestock provide food and livelihoods for one billion of the w orld's poor, especially in dry and infertile areas where other agricultural practices are less pra cticable. They play an important multifunctional role in many developing regions providing food, i n c o m e , d r a u g h t p o w e r f o r ploughing and transport. They can also provide valuable asset f unctions, such as collateral for credit, and emergency cash flow when sold in times of crisis. The livestock sector has expanded rapidly in recent decades and will continue to do so as demand for meat and dairy products continues to grow. An increa se of up to 68 percent by 2030 from the 2000 base period has been estimated and this is mainly driven by population and income growth in developing countries (FAO, 2006). Livestock is also t h e w o r l d ’ s l a r g e s t u s e r o f l a n d",FAO,http://www.fao.org/docrep/013/i1881e/i1881e00.pdf,pdf,23,913
Climate-Smart Agricu_63,Climate Adaptation,Climate-Smart Agriculture,"growth in developing countries (FAO, 2006). Livestock is also t h e w o r l d ’ s l a r g e s t u s e r o f l a n d resources, with grazing land occupying 26 percent of the earth’ s ice-free land surface, and 33 percent of cropland dedicated to the production of feed (FAO, 2 009). The quick expansion of the sector is a cause of overgrazing and land degradation and an im portant driver of deforestation. It is also responsible for methane and nitrous oxide emissions from ruminant digestion and manure management, and is the largest global source of methane emissio ns. However, the carbon footprint of livestock varies considerably among production systems, regions, and commodities, mainly due to variations in the quality of f eed, the feed conversion effic iencies of different animal species and impacts on deforestation and land degradation (FAO, 2010b). Significant productivity improvements are needed for developin g countries to meet growing",FAO,http://www.fao.org/docrep/013/i1881e/i1881e00.pdf,pdf,23,953
Climate-Smart Agricu_64,Climate Adaptation,Climate-Smart Agriculture,"Significant productivity improvements are needed for developin g countries to meet growing food security and development requirements, while minimizing re source use and GHG emissions from production. Past productivity gains in the sector have been achieved through the application of science and advanced technology in feeding and nutrition, ge netics and reproduction, and animal h e a l t h c o n t r o l a s w e l l a s g e n e r a l i m p r o v e m e n t s i n a n i m a l h u s b a n d r y . T h e e x t e n s i o n o f t h e s e approaches, particularly in developing countries where there are large productivity gaps, can play a key role in mitigation and in building resilience to climate ch a ng e . T h i s i s e s p e c i a l l y im p o r t a nt i n marginal lands in semiarid areas, which are particularly vulner able to climate change. Improved",FAO,http://www.fao.org/docrep/013/i1881e/i1881e00.pdf,pdf,23,858
Climate-Smart Agricu_65,Climate Adaptation,Climate-Smart Agriculture,"marginal lands in semiarid areas, which are particularly vulner able to climate change. Improved forecasting of risks, determinat i o n o f t h e e f f e c t s o f c l i m a t e change, early detection and control of disease outbreaks are also fundamental to allow prompt responses and build resilience. The efficient treatment of manure can also reduce emissions an d raise productivity of the s e c t o r . F o r e x a m p l e , t h e a n a e r o b i c d i g e s t i o n o f m a n u r e s t o r e d as a liquid or slurry can lower methane emissions and produce useful energy, while the composti n g s o l i d m a n u r e s c a n l o w e r emissions and produce useful orga nic amendments for soils. The substitution of manure for inorganic fertilizers can also lower emissions and improve soil condition and productivity. The reintegration of livestock with crop activities, the strategic location of intensive livestock",FAO,http://www.fao.org/docrep/013/i1881e/i1881e00.pdf,pdf,23,922
Climate-Smart Agricu_66,Climate Adaptation,Climate-Smart Agriculture,"reintegration of livestock with crop activities, the strategic location of intensive livestock production units and enhanced processing techniques to reduce p roduction losses are also effective strategies for boosting productivity. In addition to measures that focus directly on animal producti v i t y , f e e d a n d m a n u r e management, there are a range of grassland management practices that can address mitigation and improve resilience. Grasslands, including rangelands, shrub lands, pasture lands, an d c r o p l a n d s s o w n with pasture, trees and fodder crops, represent 70 percent of t h e w o r l d ’ s a g r i c u l t u r a l a r e a . T h e s o i l s under grasslands contain about 20 percent of the world’s soil c arbon stocks (FAO, 2010a), however, these stocks are at risk from land degradation. The Land Degradation Assessment in Drylands (LADA) recently estimated that 16 percent of rangelands are currently undergoing degradation. Arresting",FAO,http://www.fao.org/docrep/013/i1881e/i1881e00.pdf,pdf,23,968
Climate-Smart Agricu_67,Climate Adaptation,Climate-Smart Agriculture,"recently estimated that 16 percent of rangelands are currently undergoing degradation. Arresting further degradation and restoring degraded grasslands, through grazing management and revegetation are important mitigation strategies. This can include set-asides, postponing grazing while forage species are growing or ensuring even grazing of various species, to stimulate diverse grasses, improve nutrient cycling and plant productivity. These practices along with supp lementing poor quality forages with fodder trees, as in silvopastoral systems, can all contribute to increase productivity, resilience and boost carbon removals.",FAO,http://www.fao.org/docrep/013/i1881e/i1881e00.pdf,pdf,23,631
Climate-Smart Agricu_68,Climate Adaptation,Climate-Smart Agriculture,"8 Box 7: Improving milk production in Cajamarca, Peru FONCREAGRO (http://foncreagro.org/) in association with the private sector is undertaking a number of pro-poor livestock initiatives with the aim to increase milk production in poor and vulnerable areas of Peru, such as the Cajamarca region. Production efficiency is achieved through: breeding programmes (using crosses from Brown Swiss); improved pasture and manure management; decrease in the use of synthetic fertilizers, and improving livestock health through the provision of veterinary services and the sanitation of canals and treatment of animals for diseases such as liver fluke. Such practices have increased milk production per cow by 25 percent with significant improvement in quality. In addition, weaning age has decreased, calves reach 280kg in 20 months instead of 30 months and time between births has been reduced from 16.5",FAO,http://www.fao.org/docrep/013/i1881e/i1881e00.pdf,pdf,23,895
Climate-Smart Agricu_69,Climate Adaptation,Climate-Smart Agriculture,"decreased, calves reach 280kg in 20 months instead of 30 months and time between births has been reduced from 16.5 months to 14.9 months. These efficiency improvements has resulted in in creases in production and income (by approximately 60 percent) but with a smaller more efficient herd. This has resulted in reduced greenhouse gas emissions and smaller impact on the resource base. Continuity of the system is ensured through training of all members of the community on all aspects of the production system. Box 8: Multinutrient blocks improve digestibility of fibrous feeds Livestock production in developing countries is largely dependent on fibrous feeds – mainly crop residues and low quality pasture – that are deficient in nitrogen, minerals and vitamins. However, these feedstuffs can be better used if the rumen diet is supplemented with nitrogen, carbohydrate, minerals and vitamins. One of the most suitable methods used to supply",FAO,http://www.fao.org/docrep/013/i1881e/i1881e00.pdf,pdf,23,943
Climate-Smart Agricu_70,Climate Adaptation,Climate-Smart Agriculture,"diet is supplemented with nitrogen, carbohydrate, minerals and vitamins. One of the most suitable methods used to supply animals with the nutrients not found in fibrous feed (in tropical smallholder conditions) is to feed the animals urea and molasses in the form of urea-molasses mineral blocks. These mineral blocks increase productivity of meat and milk production and promote higher reproductive efficiency in ruminant animal species, such as cattle, buffalo, sheep, goats and yak. The success of the technique has resulted in its adoption in over 60 countries (FAO 2007a). Box 9: Control of animal diseases related to climate changes: Rift valley fever The recent outbreak of Rift Valley Fever (RVF) in Madagascar in 2008 provides an example of how principles and tools such as rapid disease detection, early warning, early response, as promoted in the EMPRES programme, can",FAO,http://www.fao.org/docrep/013/i1881e/i1881e00.pdf,pdf,23,879
Climate-Smart Agricu_71,Climate Adaptation,Climate-Smart Agriculture,"tools such as rapid disease detection, early warning, early response, as promoted in the EMPRES programme, can be used for the control of emerging diseases. The virus, which causes high livestock losses and is also a severe threat to human health, was found in test samples whic h triggered a country wide survey of livestock and the establishment of surveillance systems. Sentinel screening of herds in thirteen locations were establish through the contracting of local, private veterinarians to undertake field surveillance and undertake weekly visits to communities. Mosquitoes and other samples were collected in the infected areas in order to identify vector species. To prevent human contamination, information campaigns were or ganized and protective equipment was distributed to professionals working in slaughterhouses. In autumn 2008, a month after the first training, a veterinarian in a remote",FAO,http://www.fao.org/docrep/013/i1881e/i1881e00.pdf,pdf,23,905
Climate-Smart Agricu_72,Climate Adaptation,Climate-Smart Agriculture,"professionals working in slaughterhouses. In autumn 2008, a month after the first training, a veterinarian in a remote area launched an alert. The implementation of local meas ures immediately after detection of the first cases prevented the outbreak from spreading. (EMPRESS Transboundary Animal Diseases Bulletin No 35).",FAO,http://www.fao.org/docrep/013/i1881e/i1881e00.pdf,pdf,23,322
Climate-Smart Agricu_73,Climate Adaptation,Climate-Smart Agriculture,"9 1.5 Agroforestry Agroforestry is the use of trees and shrubs in agricultural cro p and/or animal production and land management systems. It is estimated that trees occur on 46 perc ent of all agricultural lands and support 30 percent of all rural populations (Zomer et. al 2009) . Trees are used in many traditional and modern farming and rangeland systems. Trees on farms are pa rticularly prevalent in Southeast A s i a a n d C e n t r a l a n d S o u t h A m e r i c a . A g r o f o r e s t r y s y s t e m s a n d p ractices come in many forms, including improved fallows, taungya (growing annual agricultural crops during the establishment of a forest plantation), home gardens, growing multipurpose trees and shrubs, boundary planting, farm woodlots, orchards, plantati on/crop combinations, shelterb elts, windbreaks, conservation hedges, fodder banks, live fences, trees on pasture and tree ap iculture (Nair, 1993 and Sinclair, 1999).",FAO,http://www.fao.org/docrep/013/i1881e/i1881e00.pdf,pdf,23,945
Climate-Smart Agricu_74,Climate Adaptation,Climate-Smart Agriculture,"hedges, fodder banks, live fences, trees on pasture and tree ap iculture (Nair, 1993 and Sinclair, 1999). T h e u s e o f t r e e s a n d s h r u b s i n a g r i c u l t u r a l s y s t e m s h e l p t o t ackle the triple challenge of securing food security, mitigation and reducing the vulnerability and increasing the adatability of agricultural systems to climate change. Trees in the farming sy stem can help increase farm incomes and can help diversify production and thus spread risk against agricultural production or market failures. This will be increasingly important as impacts of climate change become more pronounced. Trees and shrubs can diminish the effects of extreme weather ev ents, such as heavy rains, droughts and wind storms. They prevent erosion, stabilize soils, raise i nfiltration rates and halt land degradation. They can enrich biodiversity in the landscape and increase ecosystem stability.",FAO,http://www.fao.org/docrep/013/i1881e/i1881e00.pdf,pdf,23,920
Climate-Smart Agricu_75,Climate Adaptation,Climate-Smart Agriculture,"degradation. They can enrich biodiversity in the landscape and increase ecosystem stability. T r e e s c a n i m p r o v e s o i l f e r t i l i t y a n d s o i l m o i s t u r e t h r o u g h i n creasing soil organic matter. Nitrogen-fixing leguminous trees a n d s h r u b s c a n b e e s p e c i a l l y important to soil fertility where there is limited access to mineral fertilizers. Improved soil fertility tends to increase agricultural productivity and may allow more flexibility in the types of cro p s t h a t c a n b e g r own. For example agroforestry systems in Africa h ave increased maize yields by 1 .3 and 1.6 tons per hectare per year (Sileshi et al . 2008). Fodder trees have been traditionally used by farmers a nd pastoralists on extensive systems but fodder shrubs such as calliandra and leuc aena are now being used in more intensive systems, increasing production and reducing the need for external feeds (Franzel,",FAO,http://www.fao.org/docrep/013/i1881e/i1881e00.pdf,pdf,23,939
Climate-Smart Agricu_76,Climate Adaptation,Climate-Smart Agriculture,"intensive systems, increasing production and reducing the need for external feeds (Franzel, W a m b u g u a n d T u w e i , 2 0 0 3 ) . A g r o f o r e s t r y s y s t e m s f o r f o d d e r a r e also profitable in developed countries. For example, in the northern agricultural region of western Australia, using tagasaste ( C h a m a e c y t i s u s p r o l i f e r u s ) h a s i n c r e a s e d r e t u r n s t o f a r m e r s w h ose cattle formerly grazed on annual grasses and legumes (Abadi et al., 2003). Agroforestry systems are import ant sources of timber and fuelw ood throughout the world in both developing and developed countries. For example, interc ropping of trees and crops is practiced on 3 million hectares in China (Sen, 1991) and in the U n i t e d K i n g d o m , a r a n g e o f timber/cereal and timber/pasture systems has been profitable to farmers (McAdam, Thomas and",FAO,http://www.fao.org/docrep/013/i1881e/i1881e00.pdf,pdf,23,896
Climate-Smart Agricu_77,Climate Adaptation,Climate-Smart Agriculture,"timber/cereal and timber/pasture systems has been profitable to farmers (McAdam, Thomas and Willis 1999). Trees produced on farm are major sources of timbe r in Asia (e.g. China, India, Pakistan), East Africa (e.g. Tanzania) and Southern Africa (e.g Zambia), Increasing wood production on farms can take pressure off forests, which would otherwise result in their degradation. Agroforestry systems tend to se quester much greater quantities of carbon than agricultural systems without trees. Planting trees in agricultural lands is relatively efficient and cost effective c o m p a r e d t o o t h e r m i t i g a t i o n s t r a t e g i e s , a n d p r o v i d e s a r a n g e of co-benefits important for improved farm family livelihoods and climate change adaptation. T h e r e a r e s e v e r a l e x a m p l e s o f private companies supporting agroforestry in exchange for carbon benefits.",FAO,http://www.fao.org/docrep/013/i1881e/i1881e00.pdf,pdf,23,895
Climate-Smart Agricu_78,Climate Adaptation,Climate-Smart Agriculture,"private companies supporting agroforestry in exchange for carbon benefits. Agroforestry is therefore important both for climate change mi tigation as well as for adaptation through reducing vuln erability, diversifying income sources, improving livelihoods and b u i l d i n g t h e c a p a c i t y o f s m a l l h o l d e r s t o a d a p t t o c l i m a t e c h a n ge. However, agroforestry in many regions is still constrained by local customs, institutions and national policies. There is an urgent need for capacity building, extension and research programmes t o screen and to match species with the right ecological zones and agricultural practices. There is a need to support and develop private public sector partnerships to de velop and distribute agroforest ry germplasm, like there is for the crops sector.",FAO,http://www.fao.org/docrep/013/i1881e/i1881e00.pdf,pdf,23,818
Climate-Smart Agricu_79,Climate Adaptation,Climate-Smart Agriculture,"10 Many success stories demonstrate that with appropriate access to market and value added opportunities, initial funding mechanisms to kick off processes and transition, and other initiatives and enabling conditions, rural producers and farmers get to pro duce on a large scale with impact at sub-national and national level. For instance, under the Clean Development Mechanism (CDM) of the Kyoto Protocol, Ethiopia will qualify for carbon credits fo r reforestation and afforestation projects. The Humbo Regeneration Project will enable the future sale of 338,000 tonnes of carbon credits by 2017 (World Bank, 2010). The benefits of Faidherbia albida agroforestry systems in sub- Saharan Africa have be en highly documented (box 10).The carbon project in the Nhambita community in Mozambique (box 11) also advocates for agroforestry. Box 10: Faidherbia albida agroforestry/agrosilvipastoral system",FAO,http://www.fao.org/docrep/013/i1881e/i1881e00.pdf,pdf,23,899
Climate-Smart Agricu_80,Climate Adaptation,Climate-Smart Agriculture,"community in Mozambique (box 11) also advocates for agroforestry. Box 10: Faidherbia albida agroforestry/agrosilvipastoral system Faidherbia albida is a tree commonly found in agroforestr y systems in sub-Saharan Africa. This tree, which is widespread throughout the continent, thrives on a range of soils and occurs in ecos ystems from, deserts to wet tropical climates. It fixes nitrogen and has the special feat ure of ‘reversed leaf phenology’ meaning it is dormant and sheds its leaves during the early rainy season and leafs out when the dry season begins. This feature makes it compatible with food crop production, because it does not compete for light, nutrients and water. Farmers have frequently reported significant crop yield increases for ma ize, sorghum, millet, cotton and groundnut when grown in proximity to Faidherbia. From 6 percent to more than 100 percent yield increases have been reported in the literature.",FAO,http://www.fao.org/docrep/013/i1881e/i1881e00.pdf,pdf,23,931
Climate-Smart Agricu_81,Climate Adaptation,Climate-Smart Agriculture,"proximity to Faidherbia. From 6 percent to more than 100 percent yield increases have been reported in the literature. Like many other agroforestry species, Faidherbia tends to increase carbon stocks both above-ground and in the soil (8) and improves soil water retention and nutrient status. Faidherbia trees are currently found on less than 2 percent of Africa’s maize area and less than 13 percent of the area grown with sorghum and millet. With maize being the most widely cropped staple in Africa, the potential for adopting this agroforestry sy stem is tremendous. Further research is needed to better explore the potential benefits Faidherbia can provi de, including for crop productivity in different agro-ecosystems; wood and non-wood products for ho usehold use or sale on the market; and possibilities for engaging with carbon markets. Box 11: The Nhambita community carbon project, Mozambique",FAO,http://www.fao.org/docrep/013/i1881e/i1881e00.pdf,pdf,23,904
Climate-Smart Agricu_82,Climate Adaptation,Climate-Smart Agriculture,"for engaging with carbon markets. Box 11: The Nhambita community carbon project, Mozambique Initiated in 2003, the project pays 1000 smallholder farme rs in the buffer zone of the Gorongosa National Park in Sofala Province for sequestering carbon through adoption of agroforestry practices and for reduced emissions from deforestation and degradation (REDD) of miombo woodlands. Farmers are contracted to sequester carbon on their machambas (farmlands) through adoption of agroforestry pr actices from a ‘menu’ that includes horticultural tree species, woodlots, intercropping food crops with Faid herbia albida, planting native hardwoods around the boundary of the machambas, and planting fruit trees within the homestead. In all, different project activities yield carbon offsets equal to 24,117 tCO 2e per annum over an area of about 20 000 hecta res. Farmers receive carbon payments at a",FAO,http://www.fao.org/docrep/013/i1881e/i1881e00.pdf,pdf,23,891
Climate-Smart Agricu_83,Climate Adaptation,Climate-Smart Agriculture,"equal to 24,117 tCO 2e per annum over an area of about 20 000 hecta res. Farmers receive carbon payments at a rate of US$4.5 per tCO 2 or in the range of US$433/ha to $808/ha over seven years. The project shows that carbon sequestration through land use, land use change and fore stry (LULUCF) can both promote sustainable rural livelihoods as well as generate verifiable carbon emissions reductions for the international community.",FAO,http://www.fao.org/docrep/013/i1881e/i1881e00.pdf,pdf,23,432
Climate-Smart Agricu_84,Climate Adaptation,Climate-Smart Agriculture,"11 1.6 Fisheries and aquaculture O v e r 5 0 0 m i l l i o n p e o p l e d e p e n d , d i r e c t l y o r i n d i r e c t l y , o n f i s heries and aquaculture for their livelihoods. Fish also provides essential nutrition for 3 billi on people and at least 50 percent of a n i m a l p r o t e i n a n d e s s e n t i a l m inerals to 400 million people in the poorest countries. However, climate change is bringing about huge challenges to these resou rces. Production systems and livelihoods, already in crisis from over-fishing, poor management and impacts from other terrestrial anthropogenic influences, are likely to succumb further as the frequency and intensity of storms increase and extreme weather events become more common. Fishers , as well as other community members, will be at greater risk of losing their lives and assets, such as boats, fishing equipment and",FAO,http://www.fao.org/docrep/013/i1881e/i1881e00.pdf,pdf,23,877
Climate-Smart Agricu_85,Climate Adaptation,Climate-Smart Agriculture,"members, will be at greater risk of losing their lives and assets, such as boats, fishing equipment and aquaculture infrastructures. Ada ptation strategies will need to be context and location specific and to take into account both short-t erm (e.g. increased frequency and intensity of extreme events) and long-term (e.g. reduced productivity of aquatic ecosystems) phenomena. Strategies to increase resilience and adaptive capacity will require wide-scale implem entation and adoption of measures and practices that adhere to the principles of the Code of Conduct for Responsible Fisheries. C l i m a t e r e s i l i e n t s u s t a i n a b l e i n t e n s i f i c a t i o n o f a q u a c u l t u r e must occur to meet growing consumption needs and is being achieved by improving management approaches and through the selection of suitable stock (for example through saline resista nt species in zones facing sea level",FAO,http://www.fao.org/docrep/013/i1881e/i1881e00.pdf,pdf,23,921
Climate-Smart Agricu_86,Climate Adaptation,Climate-Smart Agriculture,"selection of suitable stock (for example through saline resista nt species in zones facing sea level r i s e ) . I m p r o v e d e n e r g y e f f i c i e n c y a n d d e c r e a s e d u s e o f f i s h m e al and fish oil feeds are essential mitigation strategies as these inputs are the main carbon footp rint in aquaculture systems. Increasing feeding effi ciency or switching to herbivorous or om nivorous species, such as carp, greatly reduces the need for fish feed inputs and achieves much higher input/output ratios than other protein sources, such as salmon. The integration of aquac ulture within broader farming landscapes provides further oppo rtunities, for example sludge p roduced during the treatment of aquaculture wastewater or pond sediments can be used to fertili ze agricultural crops. More strategic location of aquaculture infrastructure can also avoid p o t e n t i a l c l i m a t e c h a n g e r i s k s a n d",FAO,http://www.fao.org/docrep/013/i1881e/i1881e00.pdf,pdf,23,935
Climate-Smart Agricu_87,Climate Adaptation,Climate-Smart Agriculture,"strategic location of aquaculture infrastructure can also avoid p o t e n t i a l c l i m a t e c h a n g e r i s k s a n d minimize the impacts on natural systems such as wetland, mangro ves and reefs. In addition, replanting mangroves in many aquaculture areas in tropical regi ons can restore important ecosystem services, protect the coastline from inundations and, a l o n g w i t h o t h e r p l a n t s a n d s e a g r a s s e s , c a n s e q u e s t e r c a r b o n , i n c r e a s i n g m a r i n e “ b l u e c a r b on” sinks. Mariculture farming systems such as filter-feeders and seaweeds are excellent production systems as they require little, i f a n y , e x t e r n a l i n p u t s a n d c a n e v e n p r o v i d e e c o s y s t e m s e r v i c e s s u c h a s f i l t e r i n g a n d a b s o r b i n g excess nutrients in the water. In some cases, these systems far exceed efficiency and carbon uptake",FAO,http://www.fao.org/docrep/013/i1881e/i1881e00.pdf,pdf,23,919
Climate-Smart Agricu_88,Climate Adaptation,Climate-Smart Agriculture,"excess nutrients in the water. In some cases, these systems far exceed efficiency and carbon uptake levels when compared to land agricultural activities. Moreover, seaweeds can be used for feed, food products and have the potential for biofuel production. Adaptation will also require private sector adjustments in fis hing practices as abundance and availability of traditional species decline and opportunities for catching novel species grows. Significant levels of re-investment in facilities, equipment an d training will be required as fisheries supply chains adapt. In all cases, this transition will need to be achieved with improvements in the safety and reductions in the loss of life and accidents while minimizing energy use and reducing waste. Low Impact Fuel Efficient [LIFE] fishing vessels, fishin g gears and fishing practices adapted t o e a c h s p e c i f i c f i s h e r y c a n r e duce the sector’s greenhouse gas emissions from the estimated 2.1",FAO,http://www.fao.org/docrep/013/i1881e/i1881e00.pdf,pdf,23,969
Climate-Smart Agricu_89,Climate Adaptation,Climate-Smart Agriculture,"t o e a c h s p e c i f i c f i s h e r y c a n r e duce the sector’s greenhouse gas emissions from the estimated 2.1 million powered fishing vessels which consume an estimated 41 m illion tones of fuel, buffer the sector from future oil shocks and improve the overall safety and environmental sustainability of fishing operations. In addition, there is an urgent need to red uce fishing capacity in many fisheries around the world, to reduce the incentives to overfish and to i mprove the economic performance of those fisheries. This would have the added benefit of further reducing greenhouse gas emissions.",FAO,http://www.fao.org/docrep/013/i1881e/i1881e00.pdf,pdf,23,610
Climate-Smart Agricu_90,Climate Adaptation,Climate-Smart Agriculture,"12 Box 12: Low energy efficient aquaculture The farming of seaweeds, oysters and clams constitute the largest proportion of mariculture production worldwide. The culture of these groups requires minimal energy inputs and, therefore, has a relatively small carbon footprint. Moreover, the rapid turnover in seaweed culture, approximately three months per crop (in the tropics) with yields of over 2 500 tonnes per ha, far exceeds the potential carbon uptake that could be obtained through other agricultural activity for a comparable area. Additionally, such systems can filter nutrients and provide a “cleaning service” to coastal marine environments. The farming of seaweed has expanded rapidly in recent decades as demand has outstripped the supply available from natural resources. Annual production value are es timated at US$5.5-6 billion; with commercial harvesting",FAO,http://www.fao.org/docrep/013/i1881e/i1881e00.pdf,pdf,23,871
Climate-Smart Agricu_91,Climate Adaptation,Climate-Smart Agriculture,"from natural resources. Annual production value are es timated at US$5.5-6 billion; with commercial harvesting occurring in about 35 countries, spread between the Nort hern and Southern Hemispheres, in waters ranging from cold, through temperate, to tropical. China is the largest producer of edible seaweeds. About five million tonnes (mostly for kombu) is produced from hundreds of hectares of Laminaria japonica that is grown on suspended ropes in the ocean. Other seaweeds, such as kappaphycus alvarezii and Eucheuma denticulatum, originally harvested from natural stocks in Indonesia and the Philippines for the production of thickening and gelling agents (Carrageenan), are now cultivated and production has also spread to other countries, including Tanzania (Zanzibar), Viet Nam and some of the Pacific Islands. Box 13: Aquasilviculture Another environmentally-friendly and GHG mitigating maricu lture system is aquasilvicul ture, the integration of",FAO,http://www.fao.org/docrep/013/i1881e/i1881e00.pdf,pdf,23,956
Climate-Smart Agricu_92,Climate Adaptation,Climate-Smart Agriculture,"Box 13: Aquasilviculture Another environmentally-friendly and GHG mitigating maricu lture system is aquasilvicul ture, the integration of aquaculture and mangrove forestry. Such systems are commonly used in Indonesia a nd Vietnam and in the early stages of development in other countries such as Hong Kong, the Philippines, and Malaysia. The approaches differ among and within countries but mainly constitute the integration of mangrove ponds and pens for fish and crabs (Primavera, 2000). Such systems not only sequester carbon, but they are also more resilient to shocks and extreme events and also lead to increased production due to im proved ecosystem services. A good example of the benefits of aquasilviculture can be seen in the in troduction of the system in the tam bak region of Java, an area of over 300 000 ha of extensive ponds which lacked mangroves. T he introduction of mangroves led to the increase in",FAO,http://www.fao.org/docrep/013/i1881e/i1881e00.pdf,pdf,23,919
Climate-Smart Agricu_93,Climate Adaptation,Climate-Smart Agriculture,"300 000 ha of extensive ponds which lacked mangroves. T he introduction of mangroves led to the increase in production, in food supplies and contri buted significantly to the socio-econom ic well-being of the coastal rural population (Sukardjo 1989). The system was therefore more profitable than just direct planting of mangrove trees, and the net financial benefits to the reforestation program me of the State Forestry Co rporation was considerable (Sukardjo, 1989). Box 14: Low Energy Fuel Efficient (LIFE) Fishing Well-designed and responsibly-used passive fishing gears such as gill nets, pots, hook and lines and traps can reduce the requirement for fossil fuel consumption by as much as 30-40 percent over conventional active fishing gears, such as trawls. Moreover, the use of bio-degradable materials can minimize the amount of ghost fishing when fishing gears are inadvertently lost as a result of bad weather. New designs of selective fishing gear can reduce the",FAO,http://www.fao.org/docrep/013/i1881e/i1881e00.pdf,pdf,23,974
Climate-Smart Agricu_94,Climate Adaptation,Climate-Smart Agriculture,fishing gears are inadvertently lost as a result of bad weather. New designs of selective fishing gear can reduce the capture of juveniles and other forms of bycatch as well as reducing discards. Innovative technologies such as GPS and echosounders can also be used to ensure that fishing ge ars are not set on vulnerable or sensitive habitats. Other innovations in design of vessels and fishing equipment coupled with safety training can minimize accidents and loss of life at sea and assist with fishing losing its re putation of being the most dangerous occupation in the world.,FAO,http://www.fao.org/docrep/013/i1881e/i1881e00.pdf,pdf,23,581
Climate-Smart Agricu_95,Climate Adaptation,Climate-Smart Agriculture,"13 1.7 Urban and peri-urban agriculture 50 percent of the global population now lives in cities and thi s is expected to rise to 70 percent by 2050. Such large expansion causes the encroachment of the city i n t o s u r r o u n d i n g n a t u r a l ecosystems and agricultural lands. Cities are often unable to provide sufficient employment oppor tunities to their growing populations which leads to a rapid increase in urban poverty ra tes and food insecurity. These urban poor often lack the money to purchase food or the land to grow it. It is estimated that these individuals spend up to 60 percent of their incomes to buy food . For example, the recent food crisis increased food prices and the global economic downturn reduced employment opportunities and incomes especially within urban areas. Climate change and higher incidences of natural and human- made disasters have also caused disruptions in food-supply chai ns into cities further increasing",FAO,http://www.fao.org/docrep/013/i1881e/i1881e00.pdf,pdf,23,958
Climate-Smart Agricu_96,Climate Adaptation,Climate-Smart Agriculture,"made disasters have also caused disruptions in food-supply chai ns into cities further increasing food insecurity. Although cities will continue to largely depend on rural agric ulture, urban and peri-urban agriculture is providing significant quantities of food (especi ally of perishable items) and improving food security of the urban poor. It is estimated that up to 15 percent of the world’s food is produced b y u r b a n a g r i c u l t u r e a n d 7 0 p e r c e n t o f u r b a n h o u s e h o l d s i n d e v eloping countries participate in agricultural activities. Vegetables, fruits, mushrooms, herbs, meat, eggs, milk and even fish are being produced in community gardens, private backyards, schools, hospitals, roof tops, window boxes and vacant public lands (including a t the side of roads and rail tr acks). This home production can provide up to 60 percent of a families food requirements. This not only greatly improves nutrition it",FAO,http://www.fao.org/docrep/013/i1881e/i1881e00.pdf,pdf,23,951
Climate-Smart Agricu_97,Climate Adaptation,Climate-Smart Agriculture,"provide up to 60 percent of a families food requirements. This not only greatly improves nutrition it a l s o a l l o w s f a m i l i e s t o s p e n d m o r e o f t h e i r i n c o m e s o n o t h e r e xpenses, such as education and health. In addition, urban agric ulture also generates micro-ent e r p r i s e s s u c h a s t h e p r o d u c t i o n o f compost, food processing and sale. Other advantages of urban agriculture are the “greening” of ci ties, improving air quality, and lowering temperatures. These ben efits has led many cities (such as Beijing Hanoi, Kampala Shanghai, Java, Dakar, Accra, Havana, Buenos Aires, Bogotá, Lim a, Curitiba, Quito, Managua, Tegucigalpa and Rosario) to develop considerable urban agricult u r a l c a p a c i t y , p r o d u c i n g a l a r g e percentage of their milk, eggs, meat, fruit and vegetable requirements (up to 90 percent for the last).",FAO,http://www.fao.org/docrep/013/i1881e/i1881e00.pdf,pdf,23,896
Climate-Smart Agricu_98,Climate Adaptation,Climate-Smart Agriculture,"percentage of their milk, eggs, meat, fruit and vegetable requirements (up to 90 percent for the last). However if the full potential of urban agriculture is to be achieved there are a number of key constraints and issues which need to be addressed. For example, t h e l a c k o f a c c e s s t o w a t e r a n d other productive resources. Competition for land and issues rel ated to tenure rights have been found to be major constraints. The environmental impact of urba n a g r i c u l t u r e , t h e f o o d s a f e t y concerns of using waste water and organic material and the risk o f t h e s p r e a d o f d i s e a s e s a n d contamination of toxic pollutants are all of major concerns. City planners therefore require technical guidance for the integration of agricultural activities into ur ban development and training needs to be provided on urban sustainable production systems. There is u rgent need to revisit food",FAO,http://www.fao.org/docrep/013/i1881e/i1881e00.pdf,pdf,23,932
Climate-Smart Agricu_99,Climate Adaptation,Climate-Smart Agriculture,"be provided on urban sustainable production systems. There is u rgent need to revisit food distribution systems and ensure resilient urban-rural linkages, especially with regard to new shocks caused by climate change.",FAO,http://www.fao.org/docrep/013/i1881e/i1881e00.pdf,pdf,23,217
Climate-Smart Agricu_100,Climate Adaptation,Climate-Smart Agriculture,"14 Box 15: Micro-Gardens in Dakar FAO and the Government of Senegal have initiated Micro- Gardens in Dakar in 1999. This initiative has reduced poverty by providing fresh vegetables to poor families, ther eby improving their food supply and nutrition. The project also promotes income generation through the sale of produ ction surplus. The project facilitates access to urban and peri-urban horticultural production for city-dwellers who do not have access to farmland, mobilizes human resource in the fields of administration and research, and promotes the use of agricultural waste such as peanut shells and rice chaff. The micro-garden technology has been adopted ac ross all social sectors: p oor, wealthy, men, women, young, old and physically handicapped. More than 4,000 families have been trained in micro-garden technology. The main challenges in the implementation of the project included training and organization of beneficiaries, access",FAO,http://www.fao.org/docrep/013/i1881e/i1881e00.pdf,pdf,24,950
Climate-Smart Agricu_101,Climate Adaptation,Climate-Smart Agriculture,"The main challenges in the implementation of the project included training and organization of beneficiaries, access to equipment and inputs, and marketing of produce. The micro-gardens benefited from local means and equipment, housed at the Horticultural Development Ce ntre (CDH) of the Senegalese Institut e of Agricultural Research (ISRA), including an office, laboratory and national reference micro-garden. In the absence of territorial planning for the allotment of production spaces to micro-gardeners, some city halls, schools and hospitals have made their backyards available for micro-gardeners. The micro-gardens project has also established outlets in all the regional capitals to provide access to alternatives to high-cost chemical fertilizers, including tea manure, manure, and Biogen. Annual yields have increased and costs of inputs reduced through the use of alternative materials and drip irrigation kits prom oted by the FAO. The project is collaborating with Italian",FAO,http://www.fao.org/docrep/013/i1881e/i1881e00.pdf,pdf,24,988
Climate-Smart Agricu_102,Climate Adaptation,Climate-Smart Agriculture,"use of alternative materials and drip irrigation kits prom oted by the FAO. The project is collaborating with Italian NGOs in Dakar to establish a specific supply chain mechanism for micro-gardeners’ produce to strengthen financial autonomy of the beneficiaries and ensur e sustainability of the project. Micr o-gardners’ produce is promoted via television programmes and advertising; and with the introduc tion of a certificate of vege table analysis, established by the Institute of Food Technology (ITA). The goal is to create a label for micro-gardeners’ produce. Box 16: Rooftop gardens in Cairo, Egypt The population explosion and the tendency to build on agricult ural land have acted to limit the resources of city families and their access to healthy products. With a little effort and money, rooftops can contribute in improving the families’ quality of life and provide them with healthy food and increased income. Although the idea is not new,",FAO,http://www.fao.org/docrep/013/i1881e/i1881e00.pdf,pdf,24,955
Climate-Smart Agricu_103,Climate Adaptation,Climate-Smart Agriculture,"families’ quality of life and provide them with healthy food and increased income. Although the idea is not new, rooftop gardens in Egypt has only recently been implement ed. In the early 1990s at Ain Shams University, a group of agriculture professors developed an initiative of growin g organic vegetables to suit densely populated cities of Egypt. The initiative was applied on a small scale until it wa s officially adopted in 2001 by the Food and Agriculture Organization (FAO).”Terraces, balconies and even civil construction walls have also been utilized. These production methods do not require big investments in capital or long hours of work but allows for the production of a broad variety of vegetables and fruit.” Box 17: Further information and examples The urban producer’s resource book: A practical guide for working with Low Income Urban and PeriUrban Producers",FAO,http://www.fao.org/docrep/013/i1881e/i1881e00.pdf,pdf,24,879
Climate-Smart Agricu_104,Climate Adaptation,Climate-Smart Agriculture,The urban producer’s resource book: A practical guide for working with Low Income Urban and PeriUrban Producers Organizations provides a useful reference with guidelines and the issues that have to be addressed. Country examples are provided for each issue to show how UP A can be developed in cooperation with a number of stakeholders. Accessed at: www.fao.org/docrep/010/a1177e/a1177e00.htm,FAO,http://www.fao.org/docrep/013/i1881e/i1881e00.pdf,pdf,24,392
Climate-Smart Agricu_105,Climate Adaptation,Climate-Smart Agriculture,"15 1.8 Diversified and Integrated Food - Energy Systems As can already be seen in the above production systems, diversification can both increase the efficiency of systems and build their resilience to climate change. It can spread risk, increasing economic resilience at the farm and at the local level. Diversified rotations, including crop varieties and species with different thermal/temperature requirements, better water use efficiency a nd resistance to pest/disease, and lower yield variability are an effective way to reduce risks an d increase efficiency. Introducing new types of crops (such as vegetables), trees (fruit and wood products) and other plants can increase and diversify production and improve overall nutritional levels. Integrated crop and livestock systems also increase the efficiency and environmental sustainability of bot h production systems. The waste",FAO,http://www.fao.org/docrep/013/i1881e/i1881e00.pdf,pdf,24,884
Climate-Smart Agricu_106,Climate Adaptation,Climate-Smart Agriculture,"increase the efficiency and environmental sustainability of bot h production systems. The waste products of one component serve as a resource for the other (e.g. manure increases crop production and c r o p r e s i d u e s a n d b y - p r o d u c t s a r e u s e d a s a n i m a l f e e d s ) . A n i m a ls also play various roles, they can provide energy for farm work or transportation and constitute a capital to be converted into cash when needed. These systems, which exist under various forms and levels of integration, provide opportunities for increasing overall production and economic resilience of farmers. Developing production systems which also meet the energy requirements of smallholders is also important. However, three billion people – about half of the world’s population - rely on unsustainable biomass-based energy sources to meet their basic energy needs for cooking and heating, and 1.6 billion",FAO,http://www.fao.org/docrep/013/i1881e/i1881e00.pdf,pdf,24,919
Climate-Smart Agricu_107,Climate Adaptation,Climate-Smart Agriculture,"biomass-based energy sources to meet their basic energy needs for cooking and heating, and 1.6 billion people lack access to electricity (IEA 2002). In rural communit ies in developing countries this often results in encroachments into natural ecosystems, for example the cutting down of forests for fuel, leading to major sources of emissions. Integrated Food Energy Systems (IFES) aim at addressing these issues by simultaneously producing food and energy. This generally translates into two main methods. The first combines food and energy crops on the same plot of land, such as in agroforesty systems for example: growing trees for fuelwood and charcoal. The second type of IFES is achieved through the use of by-products/residues of one type of product to produce anoth er. Examples include biogas from livestock residues, animal feed from by-products of corn ethanol, or bagasse for energy as a by-product",FAO,http://www.fao.org/docrep/013/i1881e/i1881e00.pdf,pdf,24,912
Climate-Smart Agricu_108,Climate Adaptation,Climate-Smart Agriculture,"livestock residues, animal feed from by-products of corn ethanol, or bagasse for energy as a by-product of sugarcane production for food purposes. While simple IFES systems such as agroforestry or biogas systems are widespread, more complex IFES are less frequently implemented due to the technical and institutional capacity required to establish and maintain them, a n d t h e l a c k o f p o l i c y s u p p o r t . S o l a r t h e r m a l , p h o t o v o l t a i c s , g e o t h e r m a l , w i n d a n d w a t e r p o w e r a r e o ther options and can be included in IFES, despite the high start-up costs and specialized support required for their installation and servicing. Box 18: National Biogas Programme, Viet Nam Viet Nam embarked on an integrated land management scheme, following land rights being given to individual farmers. This is supported by the Vietnamese Gardeners’ Association (VACVINA), which works at all levels, and has",FAO,http://www.fao.org/docrep/013/i1881e/i1881e00.pdf,pdf,24,946
Climate-Smart Agricu_109,Climate Adaptation,Climate-Smart Agriculture,"farmers. This is supported by the Vietnamese Gardeners’ Association (VACVINA), which works at all levels, and has national responsibility to promote this concept – called the VAC integrated system. It involves gardening, fish rearing and animal husbandry, to make optimal use of the land. Tr aditional fuels such as wood and coal for cooking are becoming increasingly scarce and expensive, and can contri bute to deforestation. Increasing livestock production in rural communities with high population density leads to health and environmental issues from the quantity of animal dung being produced. Biogas digesters are part of the soluti on offered by this initiative, using the waste to generate energy, and the resultant slurry can be used as a fert ilizer to improve soil quality. A market-based approach has been adopted to disseminate the plants and the service pr ovided to those buying the digesters is comprehensive.",FAO,http://www.fao.org/docrep/013/i1881e/i1881e00.pdf,pdf,24,926
Climate-Smart Agricu_110,Climate Adaptation,Climate-Smart Agriculture,"been adopted to disseminate the plants and the service pr ovided to those buying the digesters is comprehensive. The customer must have at least four to six pigs or two to three cattle that provide the animal dung. They pay the total installation cost for the digesters to local servic e providers, and operate the bi odigester using instructions provided by them. A biodigester produces enough daily fuel for cooking and lighting. It improves the surrounding environment, whilst livestock produces meat, milk and fish products for local consumption and subsistence farming. Source: FAO/Practical Action, 2009.",FAO,http://www.fao.org/docrep/013/i1881e/i1881e00.pdf,pdf,24,610
Climate-Smart Agricu_111,Climate Adaptation,Climate-Smart Agriculture,"16 Box 19: Sustainable food and charcoal production in agroforestry systems, DRC Kinshasa, the capital of the Democratic Republic of Congo, has a population of eight million inhabitants and consumes up to 6 million tonnes of bioenergy equivalent per year. The city is surrounded by grasslands and patches of forest. The bioenergy used by the urban households consists mainly of fuelwood (charcoal and firewood). Charcoal needs, but also most of the staple starchy foods in the diet (cassa va and maize), are provided by slash- and-burn shifting cultivation and by carbon ization of the patches of forest and tree savannahs, which continue to deteriorate. Production obtained from these tree stands is becoming scarce and ex pensive. Soil fertility is declining, crop yields after fallow are decreasing, springs are dryi ng up and fires are increasingly frequent. Slash-and-burn",FAO,http://www.fao.org/docrep/013/i1881e/i1881e00.pdf,pdf,24,877
Climate-Smart Agricu_112,Climate Adaptation,Climate-Smart Agriculture,"crop yields after fallow are decreasing, springs are dryi ng up and fires are increasingly frequent. Slash-and-burn cultivation gives rise to tree fallow after one to three years of cropping, due to the exhaustion of soil reserves. Improving tree fallow consists in planting tree legumes, whose roots combined with microorganisms fix atmospheric nitrogen. Organic matter and nitrogen storage in the soil is t hereby accelerated. This is especially true for acacias, trees that are also known for their large biomass/wood production. The trees can already be planted during the cropping period and continue to grow rapidly after har vesting, during the fallow phase (CIRAD 2010; Bisiaux et al. 2009 and Hans Seidel Foundation 2009). Box 20: Biogas in Thailand Methane from pig waste repres ents the largest source of livestock GHG emissions in Thailand with the number of pigs in the country expected to more than double between 2000 and 2020. A pilot project on ten pig farms with a",FAO,http://www.fao.org/docrep/013/i1881e/i1881e00.pdf,pdf,24,982
Climate-Smart Agricu_113,Climate Adaptation,Climate-Smart Agriculture,"pigs in the country expected to more than double between 2000 and 2020. A pilot project on ten pig farms with a total annual average pig population of around 131 200 pi gs will reduce methane emissions from pig waste management by the installation of anaer obic treatment systems that recover biogas for use as energy. The total emission reductions are estimated at ab out 58 000 tons of Carbon Dioxide (CO 2) equivalent per year (tCO 2e/year). The project is partly financed by these reductions thr ough a Clean Development Mechanism of the Kyoto Protocol. The electricity produced is expected for on-farm consumption. Sludge material will be dried and sold as fertilizer and soil amendment. In addition the project includes specific component activities for the community such as street lighting, access to drinking water, scholarships, mosquito spray machine, community shop, capacity building. This",FAO,http://www.fao.org/docrep/013/i1881e/i1881e00.pdf,pdf,24,902
Climate-Smart Agricu_114,Climate Adaptation,Climate-Smart Agriculture,"lighting, access to drinking water, scholarships, mosquito spray machine, community shop, capacity building. This project is implemented by the World Bank and FAO. It is part of the Livestock Waste Management in East Asia project which global environment objective is to reduce livestock-induced, land-based pollution and environmental degradation. Key messages for part 1 2) Effective climate-smart prac tices already exist and could be implemented in developing country agriculture systems. 3) Adopting an ecosystem approach, working at landscape scale and ensuring intersectoral coordination and cooperation is crucial for effective climate change responses. 4) Considerable investment is required in filling data and knowledge gaps and in research and development of technologies, methodologies, as well as the conservation and production of suitable varieties and breeds.",FAO,http://www.fao.org/docrep/013/i1881e/i1881e00.pdf,pdf,24,876
Climate-Smart Agricu_115,Climate Adaptation,Climate-Smart Agriculture,"17 Part 2 – Institutional and policy options Ensuring food security and development under climate change in some parts of the world, will involve increasing yields, income and production, which can generally be expected to lead to increased aggregate emissions, although emissions per unit prod uct may decline. While agricultural production systems will be expected first and foremost to incre ase productivity and resilience to support food security, there is a lso the potential for developing low emission development trajectories without compromising development and food security goals. T o m e e t t h e s e m u l t i p l e c h a l l e n g e s , i t h a s b e e n s u g g e s t e d b y F AO that a major transformation of the agriculture sector will be necessary and this will require institutional and policy support. Better aligned policy approaches across agricul tural, environmental and financial",FAO,http://www.fao.org/docrep/013/i1881e/i1881e00.pdf,pdf,24,908
Climate-Smart Agricu_116,Climate Adaptation,Climate-Smart Agriculture,"policy support. Better aligned policy approaches across agricul tural, environmental and financial boundaries and innovative institutional arrangements to promote their implementation will be needed. This section covers critical institutional and policy a djustments required to support the transition to climate-smart agriculture. 2.1 Enabling policy environment Key requirements for an enabling policy environment to promote climate-smart smallholder agricultural transformations is greater coherence, coordination a n d i n t e g r a t i o n b e t w e e n c l i m a t e change, agricultural development a n d f o o d s e c u r i t y p o l i c y p r o c esses. Policies in all three of these areas have both impacts on smallholder productions systems and on GHG emissions. Lack of coherence can prevent synergy capture and render the pursuit of t h e s t a t e d p o l i c y o b j e c t i v e s ineffective. 2.1.1 National policy-making",FAO,http://www.fao.org/docrep/013/i1881e/i1881e00.pdf,pdf,24,938
Climate-Smart Agricu_117,Climate Adaptation,Climate-Smart Agriculture,"ineffective. 2.1.1 National policy-making Climate change policies at the national level are expressed thr ough the National Action Plan for Adaptation (NAPAs) and the Nationally Appropriate Mitigation Actions (NAMAs) as well as through national or regional climate change strategies. Agricultural development and food security plans are expressed in national development strategies and poverty reduction strategy papers (PRSPS). In the case of African countries, agric ultural development and investm ent strategies are being developed under the CAADP (Comprehensive A frican Agricultural Development Programme) umbrella. Recently countries have been called upon to develop CAADP compacts that outline their agricultural development priorities and investment requirements. These strat egies will be supported by 20 USD billion in funds, which the L’Aquila G8 Summit in 2009 a greed to mobilize over three years for food security.",FAO,http://www.fao.org/docrep/013/i1881e/i1881e00.pdf,pdf,24,929
Climate-Smart Agricu_118,Climate Adaptation,Climate-Smart Agriculture,"20 USD billion in funds, which the L’Aquila G8 Summit in 2009 a greed to mobilize over three years for food security. FAO recently conducted a survey of a sample of these countries to compare the policy objectives stated in the NAPAs, NAMAs and CAADP compacts. The p olicy statements made for CAADP are generally focused on improving productivity and retur ns to small-scale agriculture, and generally include some emphasis on sustainable land management and soil restoration. Policy statements made for NAPAs and NAMAs that have been submitted by LDCs focus on smallholder agriculture –increasing reliance of the sector by better management of land and soil resources, whereas CAADP statements often focus on agricultural productivity target increases. IIED 2010 also n o t e d a d i s c r e p a n c y b e t w e e n A f r i c a n a g r i c u l t u r a l p r o d u c t i v i t y t a r g e t s , a s s e t o u t i n n a t i o n a l a n d",FAO,http://www.fao.org/docrep/013/i1881e/i1881e00.pdf,pdf,24,936
Climate-Smart Agricu_119,Climate Adaptation,Climate-Smart Agriculture,"regional policy documents, and the projections of how climate c hange will impact upon agriculture. Better alignment of the technology approaches envisioned in the se different policy dialogues, and in particular better integration of sustainable land management fa ctors into mainstream agricultural development planning will facilit a t e a m o r e h o l i s t i c a p p r o a c h to considering agricultural development, adaptation and mitigation. Better integration of food security, safety nets and adaptatio n policies offers the potential to r e a p s i g n i f i c a n t b e n e f i t s . B e t t er use of climate science inform ation in assessing risks and vulnerability and then developing the safety nets and insurance products as an effective response is already being piloted in some areas with fairly positive result s (Barrett et al. 2007). Policies related to price stability are also key to both adaptation and food sec urity, including the use of buffer stocks",FAO,http://www.fao.org/docrep/013/i1881e/i1881e00.pdf,pdf,24,979
Climate-Smart Agricu_120,Climate Adaptation,Climate-Smart Agriculture,"to price stability are also key to both adaptation and food sec urity, including the use of buffer stocks of food.",FAO,http://www.fao.org/docrep/013/i1881e/i1881e00.pdf,pdf,24,114
Climate-Smart Agricu_121,Climate Adaptation,Climate-Smart Agriculture,"18 2.1.2 Coordinated international policies At the international level, better integration of food security , agricultural development and climate change policies and financing is also needed. Two parallel global dialogues on reducing food i n s e c u r i t y a n d r e s p o n d i n g t o c l i m a t e c h a n g e h a v e u n t i l n o w h a d remarkably little substantive integration of issues under consideration. Likewise the agricul tural community has only recently b e c o m e a c t i v e i n t h e d i s c u s s i o n s a n d n e g o t i a t i o n s o f i n t e r n a t i onal climate chang e policies that could have profound impacts on the sector. Creation of mechanis ms that allow dialogues between food security, agricultural development and climate change policy-makers is fundamental. 2.2 Institutions: information production and dissemination One key role of institutions is the production and disseminatio n of information, ranging from",FAO,http://www.fao.org/docrep/013/i1881e/i1881e00.pdf,pdf,24,955
Climate-Smart Agricu_122,Climate Adaptation,Climate-Smart Agriculture,"One key role of institutions is the production and disseminatio n of information, ranging from production and marketing conditions to the development of regul ations and standards. Climate change, by increasing uncertainty, as well as the value of rapi d and accurate response (or costs of n o t d o i n g s o ) i n c r e a s e s t h e v a l u e o f i n f o r m a t i o n a n d t h e i m p o r tance of institutions that generate and disseminate it. It will be critical that national and inter national agricultural research programmes focused on developing countries incorporate climate change into their programming. F o r e x a m p l e t h e r e i s a c l e a r l a c k o f c o n s i s t e n t a n d c o h e r e n t p rojections specifying the effects of climate change on the different determinants of African food se curity (IIED 2010). Access to information is seen as a priority area for many countries as highlighted in Figure 1.",FAO,http://www.fao.org/docrep/013/i1881e/i1881e00.pdf,pdf,24,937
Climate-Smart Agricu_123,Climate Adaptation,Climate-Smart Agriculture,"information is seen as a priority area for many countries as highlighted in Figure 1. Figure 1: The types of activities prioritized in African NAPAs, clearly indicate that in the African context designing national adaptation plans of action, information disseminati on and coordination are equally or more important than research on new technologies. Source: IIED 2010 Anderson et. al. (p. 18).",FAO,http://www.fao.org/docrep/013/i1881e/i1881e00.pdf,pdf,24,394
Climate-Smart Agricu_124,Climate Adaptation,Climate-Smart Agriculture,"19 2.3 Climate data and information gaps Improving the use of climate science data for agricultural planning can reduce the uncertainties g e n e r a t e d b y c l i m a t e c h a n g e , i m p r o v e e a r l y w a r n i n g s y s t e m s f o r drought, flood, pest and disease incidence and thus increase the capacity of farmers and agricultural planners to allocate resources effectively and reduce risks (see annex 1). SEI 2008 cites the need for more “translators” of climate i n f o r m a t i o n , w h o c a n b r i d g e t h e d i v i d e b e t w e e n s c i e n c e a n d f i e ld application, assisting communities and planners to understand the implications of resu lts for their immediate planning decisions. Enhancing communication between producers and users of climate science is also clearly a requirement. Institutions to facilitate this exchange can be existing communications and",FAO,http://www.fao.org/docrep/013/i1881e/i1881e00.pdf,pdf,24,898
Climate-Smart Agricu_125,Climate Adaptation,Climate-Smart Agriculture,"a requirement. Institutions to facilitate this exchange can be existing communications and information dissemination networks, including extension (see Bo x 21 below on Climate Field Schools). Capacity building of policy makers as well as technic a l s t a f f i s a n o t h e r a v e n u e . F i n a l l y , platforms for collaborative acti on and information sharing, suc h a s t h e w e A d a p t p l a t f o r m , w h i c h unites modelers, practitioners and donors, can enhance the deve lopment and use of climate science information for agricultural decision-making (SEI 2008). 2.4 Dissemination mechanisms The imperative of climate change requires increased capacity of f a r m e r s t o m a k e b o t h s h o r t a n d long term planning decisions and technology choices. Agricultur al extension systems are the main conduit for disseminating the information required to make such changes. Yet, in many developing",FAO,http://www.fao.org/docrep/013/i1881e/i1881e00.pdf,pdf,24,921
Climate-Smart Agricu_126,Climate Adaptation,Climate-Smart Agriculture,"conduit for disseminating the information required to make such changes. Yet, in many developing c o u n t r i e s , t h e s e s y s t e m s h a v e l o n g b e e n i n d e c l i n e ( F A O 2 0 0 8 ) . Resources have been severely curtailed and services increasin gly outsourced to the private s ector or dropped. Another weakness h a s b e e n t h e h e a v y f o c u s o n i n p u t s ( s e e d s a n d f e r t i l i z e r ) a n d less attention to marketing or commercial services (FAO 2008). Problems with delivering information at a relevant spatial and time scale, difficulty in communicating the information and lac k of user participation in development of information systems are all problems that have b een encountered (Hansen et al. ; SEI 2008). Farmer Field Schools (FFS) are a participatory approach to far mer education and empowerment. They have spread rapidly in recent years, promoted m a i n l y b y F A O w i t h s u p p o r t",FAO,http://www.fao.org/docrep/013/i1881e/i1881e00.pdf,pdf,24,947
Climate-Smart Agricu_127,Climate Adaptation,Climate-Smart Agriculture,"empowerment. They have spread rapidly in recent years, promoted m a i n l y b y F A O w i t h s u p p o r t from donors, as a way of resolving both the need to correct inf ormation failures and of providing initial forms of farmer organization. The aim of the FFS is to build farmers’ capacity to analyze their production systems, identify problems, test possible solutions and eventually adopt the practices a n d t e c h n o l o g i e s m o s t s u i t a b l e t o t h e i r f a r m i n g s y s t e m . T h e c r iticism of the schools is that they reach only a small group of farmers and do so at a relatively h igh cost both financially and in management time. In a number of countries however, including Ke nya and Sierra Leone, FFS have been active in marketing and have proven to be sustainable even in the absence of donor funding (see Box 21) which contains examples of how FFS are being used to facilitate the use of climate information).",FAO,http://www.fao.org/docrep/013/i1881e/i1881e00.pdf,pdf,24,948
Climate-Smart Agricu_128,Climate Adaptation,Climate-Smart Agriculture,"(see Box 21) which contains examples of how FFS are being used to facilitate the use of climate information). Box 21: Climate field schools building on FFS success in Indonesia Integrated pest management field schools have been one of the technology transfer and capacity building mechanisms that have been part of FAO's development wo rk for many years. The department of agricultural extension in West Java, Indonesia, has converted the integrated pest management schools into climate field schools for the benefit of farmers, incorpor ating climate information within the farm decision making process. Climate forecast technology has undergone substantial improvements during the last 15 years which could increase farmers’ effectiveness in coping with extreme climate events by tailoring cropping management to forecast information. However, farmers' awareness of seasonal climate forecasts and their capacity to use to it to tailor their crop",FAO,http://www.fao.org/docrep/013/i1881e/i1881e00.pdf,pdf,24,947
Climate-Smart Agricu_129,Climate Adaptation,Climate-Smart Agriculture,"However, farmers' awareness of seasonal climate forecasts and their capacity to use to it to tailor their crop management strategies is still low. Experience in Indonesia has shown that the use of farmer field schools can be an effective way of bridging this gap and this has led to the introduction of climate field school (CFS). The programme was facilitated by Bogor Agricultural University in collabor ation with the Directorate of Plant Protection, Department of Agriculture, National Agency for Meteorology and Geophysics (B MG) and Asian Disaster Preparedness Center (ADPC). Source: FAO, www.fao.org/teca/content/climate-field-school-farmers.",FAO,http://www.fao.org/docrep/013/i1881e/i1881e00.pdf,pdf,24,649
Climate-Smart Agricu_130,Climate Adaptation,Climate-Smart Agriculture,"20 2.5 Institutions to improve access coordination and collective action Input supply, e.g. access to fertilizer and seeds, is an activi ty that requires coordination beyond the f a r m . “ G i v e n t h e m a r k e t f a i l u r e s t h a t l e a d t o s o c i a l l y s u b o p t i m a l u s e o f s e e d a n d f e r t i l i z e r , governments frequently step in to distribute them directly. Gov ernment-led distribution programmes have often increased input use, but the fiscal and a dministrative costs are usually high and the performance erratic” (World Bank, 2007). Yet, cutbacks h a v e o f t e n s i m p l y r e s u l t e d i n leaving smallholders without reliable access to seed and fertilizer. Producer organizations may offer a promising avenue to improving input supplies to smallholders. O n e e x a m p l e i s Boutiques d’Intrants in Niger consisting of a network of more than 300 input distribution shops which are",FAO,http://www.fao.org/docrep/013/i1881e/i1881e00.pdf,pdf,24,934
Climate-Smart Agricu_131,Climate Adaptation,Climate-Smart Agriculture,"d’Intrants in Niger consisting of a network of more than 300 input distribution shops which are managed by farmer organizations. Improving the capacity of smallholders to improve their marketed returns via the establishment of marketing platforms, such as the Plataformas project in Ecuador for small potato produce rs, was found to lead to a sign ificant increase in household incomes and welfare for producers who participated in the marketing group (Cavatassi et al., 2009). Many of the biophysical improvements to increase resilience in smallholder agricultural production systems identified above require action and coordination amongst many stakeholders in the rural landscape. Restoration of degraded areas to improve s oil quality, improved management of communal water resources, and informal seed systems to facil itate the exchange of plant genetic resources are all examples of co llective resource management activities that are likely to become",FAO,http://www.fao.org/docrep/013/i1881e/i1881e00.pdf,pdf,24,958
Climate-Smart Agricu_132,Climate Adaptation,Climate-Smart Agriculture,"resources are all examples of co llective resource management activities that are likely to become m o r e i m p o r t a n t u n d e r c l i m a t e c h ange. In many cases, local insti t u t i o n s e x i s t t o g o v e r n c o l l e c t i v e action and access to collective na tural resources, but they are often coming under increased pressure due to population growth , conflicts, changes in market patterns and state intervention (McCarthy and Swallow, 2000; Niamir-Fuller, 1999; Barkes and Folke, 1998). Effective systems of use and access rights and, in general, pr operty rights are essential to improve management of natural re sources including land, water a nd genetic resources. In many cases these rights are poorly s pecified, overlapping or not for malized. Improving them is a priority for providing farmers – especially women – with the incentives needed to make long term",FAO,http://www.fao.org/docrep/013/i1881e/i1881e00.pdf,pdf,24,891
Climate-Smart Agricu_133,Climate Adaptation,Climate-Smart Agriculture,"for providing farmers – especially women – with the incentives needed to make long term investments in transformations. However, formalizing rights doe s not necessarily improve security of overall resource access since ambiguous rights often serve as an insurance mechanism, especially important where other safety nets are not available – and likel y to become even more important as weather becomes more variable. I n some cases, better security o f rights to resource use could be a c h i e v e d t h r o u g h a s y s t e m f o r i d e n t i f y i n g , c o o r d i n a t i n g a n d r e cognizing informal rights, strengthening customary tenure s ystems. However, in other cases , w h e n t h e p r e s s u r e o f commercial agriculture on resou rces is particularly high, custo mary systems may come under stress, thus requiring the adoption of more formalized approaches. Box 22: Informal seed systems and climate change",FAO,http://www.fao.org/docrep/013/i1881e/i1881e00.pdf,pdf,24,929
Climate-Smart Agricu_134,Climate Adaptation,Climate-Smart Agriculture,"stress, thus requiring the adoption of more formalized approaches. Box 22: Informal seed systems and climate change Most farmers in developing countries access their seeds from what is known as the “informal seed system”. Essentially this includes all non-certif ied seed sources, which is primarily fa rmers’ own saved seed, but also includes seed obtained through exchanges through social networks or in rural markets. Advantages of the informal seed system are low costs and ease of access. In traditional sy stems of seed exchange, trust and reciprocity are essential to the functioning of the system and they serve to ensure quality standards. In general these networks are confined to a very local level, with little interchange with outside source s. Recent research work by FAO indicates that for many crops, local agricultural markets are becoming an increasingly important source of seeds in the informal sector, and",FAO,http://www.fao.org/docrep/013/i1881e/i1881e00.pdf,pdf,24,926
Climate-Smart Agricu_135,Climate Adaptation,Climate-Smart Agriculture,"crops, local agricultural markets are becoming an increasingly important source of seeds in the informal sector, and these include exchanges of seeds sourc ed both locally and from external source s. However often there is a lack of information on the quality and genetic content of varieties, s upport is therefore required in generating this information to assist farmers in selecting the appropriate seeds, incl uding those that may have attr ibutes important for climate change. This may include organizing local seed and genetic diversity fairs, alternative labeling systems such as quality declared seed or farmer-based labeling schemes, and certification and training of traders. Source: Lipper et al. 2009.",FAO,http://www.fao.org/docrep/013/i1881e/i1881e00.pdf,pdf,24,714
Climate-Smart Agricu_136,Climate Adaptation,Climate-Smart Agriculture,"21 2.6 Institutions to support fi nancing and insurance needs 2.6.1 Credit Climate change creates new financing requirements both in terms of amounts and financial flows associated with needed investments, which will require innovati ve institutional solutions. In synthesizing potential synergies between adaptation and mitigat ion in smallholder agricultural transitions, FAO 2009 found that for several options and locations, synergies would be generated in the long term, but in the short run (which could last up to ten years) tradeoffs in the form of income losses or increased income variability were experienced. Crop and grassland restoration projects, for instance, often t ake land out of production for a significant period of time, reduc ing cultivated or grazing land available in the short run, but leading to overall increases in productivi ty and stability in the long run. A different type of trade-off may",FAO,http://www.fao.org/docrep/013/i1881e/i1881e00.pdf,pdf,24,924
Climate-Smart Agricu_137,Climate Adaptation,Climate-Smart Agriculture,"to overall increases in productivi ty and stability in the long run. A different type of trade-off may occur with incorporating crop re sidues that are expected to inc r e a s e s o i l f e r t i l i t y a n d w a t e r retention capacity, thereby incre asing yields at least over the medium-long term. However, where livestock are an important component of the food production sys tem, there is a potential trade-off between residues used for the food crop system versus its use a s livestock feed. Solutions to support these long term transitions are needed, and financing is c l e a r l y o n e k e y a s p e c t . T w o important issues emerge: exploring the possibility of non-traditional sources of finance to support the needed transitions and potential links to insurance instruments. 2.6.2 Insurance Various forms of insurance mechanisms already exist in many rur al communities in developing",FAO,http://www.fao.org/docrep/013/i1881e/i1881e00.pdf,pdf,24,901
Climate-Smart Agricu_138,Climate Adaptation,Climate-Smart Agriculture,"2.6.2 Insurance Various forms of insurance mechanisms already exist in many rur al communities in developing countries (Fafchamps, 2002). However, these mechanisms can invo lve high opportunity costs in the form of foregone development (Hansen et al. 2007). Selection of less risk y, but less profitable crop varieties, under-use of fertilizers, engaging less household labor in farming enterprises and shifting from productive to liquid assets as precautionary savings are all examples of insurance mechanisms that may constrain development (Hansen et al. and references therein). The increasing incidence of “generalized” weather shocks (shocks that affect all/most membe rs of a community) are even further reducing efficacy of loc al insurance arrangements. Index insurance programmes are one potential response to the insurance gap in developing country a griculture. Index insurance insures",FAO,http://www.fao.org/docrep/013/i1881e/i1881e00.pdf,pdf,24,896
Climate-Smart Agricu_139,Climate Adaptation,Climate-Smart Agriculture,"potential response to the insurance gap in developing country a griculture. Index insurance insures against an objectively-measured index – such as a rainfall defi cit. The key is the degree to which the indicator is correlated with losses and this requires careful attention (Barrett et al. 2007). Basis risk arises where correlations are not well calibrated and in hetero genous regions with poor data and varied climates, index insurance may not be viable. Contract design and transactions costs are important issues in programme effectiveness and have implicatio ns for design of appropriate institutional settings. Index-ins urance programmes can be manag e d t h r o u g h s o c i a l s a f e t y n e t programmes or commercial financial institutions, but in either case capacity building is required. I m p r o v e d u s e o f c l i m a t e r e l a t e d i n f o r m a t i o n i s a l s o i m p o r t a n t in increasing effectiveness of such",FAO,http://www.fao.org/docrep/013/i1881e/i1881e00.pdf,pdf,24,949
Climate-Smart Agricu_140,Climate Adaptation,Climate-Smart Agriculture,"programmes (Hansen et al. 2008; Barrett et al. 2009). Index based insurance reduces the problems of moral hazard and adverse selection, and generates greater wi llingness of lenders to extend credit to farmers. 2.6.3 Social Safety Nets Safety nets are a form of social insurance comprising programme s supported by the public sector or NGOs that p rovide transfers to prevent the poor from falling below a certain poverty level. These programmes include cash transfer s, food distribution, seeds and tools distributions, conditional cash transfers (Devereaux, 2002). Several new initiatives for s afety net programmes have recently emerged, including Ethiopia’s Productive Safety Net Programme (see box 23) and the Kenya Hunger Safety Net Programme. There has been a continuing debate about the role of such programmes vis- à-vis development activities. However, recent evidence indicate s tradeoffs between protection and",FAO,http://www.fao.org/docrep/013/i1881e/i1881e00.pdf,pdf,24,922
Climate-Smart Agricu_141,Climate Adaptation,Climate-Smart Agriculture,"à-vis development activities. However, recent evidence indicate s tradeoffs between protection and development are not pronounced (Ravallion, 2006). Instead, safety net programmes can actually be a form of social investment into human capital (e.g. nutrition, education) and productive capital (e.g. allowing households to adopt hig her risk and higher productivit y strategies; SOFI, 2010). Safety",FAO,http://www.fao.org/docrep/013/i1881e/i1881e00.pdf,pdf,24,398
Climate-Smart Agricu_142,Climate Adaptation,Climate-Smart Agriculture,"22 nets are increasingly being linked to rights based approaches to food security moving from a charity to entitlements. Safety nets ar e likely to become increasingly important in the context of climate change as increased incidence of widely covariate risks will re quire the coverage and financing that these sources may provide (World Bank, 2010). 2.6.4 Payments for env ironmental services Payments for environmental services are one potential source of alternative financing for agricultural transitions (FAO, 2007a). As discussed in more det ail below, mitigation of climate c h a n g e i s a n e n v i r o n m e n t a l s e r v i c e t h a t s m a l l h o l d e r s c a n p r o v i de and is often synergistic with improvements to agricultural productivity and stability. Exampl es are also given in Boxes (11) on the Nhambita project in Mozambique and Box (25) on the Three Ri vers Sustainable Grazing Project",FAO,http://www.fao.org/docrep/013/i1881e/i1881e00.pdf,pdf,24,918
Climate-Smart Agricu_143,Climate Adaptation,Climate-Smart Agriculture,"the Nhambita project in Mozambique and Box (25) on the Three Ri vers Sustainable Grazing Project in China. Emerging carbon markets and payments for emissions re movals or reductions have attracted much interest and anticipation of such financing as a s o u r c e o f i n c o m e f o r s o m e agricultural activities and prod ucers. However, high transactio n s c o s t s , a s w e l l a s l o w p o t e n t i a l mitigation benefits in many smallholder systems seriously limit t h e p o t e n t i a l o f c a r b o n m a r k e t o f f s e t s t o s m a l l h o l d e r s . P u b l i c f i n a n c i n g f o r m i t i g a t i o n a t a sub-sectoral or regional level is more likely to have an impact on sma llholder agriculture in the near future (FAO 2009; Lipper et. al. 2009; Cacho and Lipper 2006). PES experiences suggest that the following are useful: (i) for mal and informal institutional",FAO,http://www.fao.org/docrep/013/i1881e/i1881e00.pdf,pdf,24,896
Climate-Smart Agricu_144,Climate Adaptation,Climate-Smart Agriculture,"2009; Cacho and Lipper 2006). PES experiences suggest that the following are useful: (i) for mal and informal institutional arrangements that can facilitate aggregation amongst a large nu mber of smallholders (e.g. group credit schemes, existing community-based natural resource manag ement programmes, farmer field schools and other farmers’ organizations and women’s groups), ( ii) policies in the agriculture, financial and environmental sectors that encourage the flow of p u b l i c a n d p r i v a t e f i n a n c i n g t o farmers, (iii) capacity building, including on accessing financ ing mechanisms and ( i v ) a n a g r e e d system for payments to farmers. Box 23: The Ethiopia Productive Safety Nets Programme The Productive Safety Net Programme (PSNP) targets people facing predictable food insecurity and offers guaranteed employment for five days a month in return for transfers of either food or cash - US$4 per month for",FAO,http://www.fao.org/docrep/013/i1881e/i1881e00.pdf,pdf,24,938
Climate-Smart Agricu_145,Climate Adaptation,Climate-Smart Agriculture,"guaranteed employment for five days a month in return for transfers of either food or cash - US$4 per month for each household member. The purpose of the programme is to build resili ence to shocks amongst vulnerable households. The programme differs from other food-for-work programmes in that the transfer is predictable and regular. This facilitates in building assets at the household level as well as local economic development. The PSNP is funded by donors under a multiyear arrangement, unlike food aid which is based on emergency appeals. The programme started with five million people in 2005 and in tends to cover eight million by 2009. Community assets such as schools, health posts, feeder road and small scale irrigation and natural resource conservation have been built under the programme. It has been found that households involved in the scheme were now consuming more or",FAO,http://www.fao.org/docrep/013/i1881e/i1881e00.pdf,pdf,24,888
Climate-Smart Agricu_146,Climate Adaptation,Climate-Smart Agriculture,"built under the programme. It has been found that households involved in the scheme were now consuming more or better food. Three in five beneficiaries said they had avoided selling assets to buy food, while around a quarter had acquired new assets; almost all attributed this directly to the PSNP. The programme intends to “graduate” participants after they build sufficient resilience to cope with shocks without the threat of falling back into food insecurity. Source: IRIN news www.irinnews.org/report.aspx?ReportId=7570",FAO,http://www.fao.org/docrep/013/i1881e/i1881e00.pdf,pdf,24,524
Climate-Smart Agricu_147,Climate Adaptation,Climate-Smart Agriculture,"23 Box 24: Integrated silvopastoral approaches to ecosystem management project The Regional Integrated Silvopastoral Approaches to Ecosystem Management Project was funded by GEF and involved CATIE, FAO and other partners. The objective was to assess silvopastoral (forest grazing) systems to rehabilitate degraded pastures to protect soils, store carbon, and foster biodiversity. Other objectives was to develop incentives and mechanisms fo r payment for ecosystem services (PES) that would result in be nefits for farmers and communities and distil lessons for policy making on land use, environmental services and socio-economic development. From 2003 to 2006, cattle farmers, from Colombia, Costa Rica and Nicaragua, participating in the project received between US$2 000 and US$2 400 per farm, representing 10 to 15 percent of net income to implement the programme silvopastoral systems. This resu lted 60 percent reduction in degraded pastures in the",FAO,http://www.fao.org/docrep/013/i1881e/i1881e00.pdf,pdf,24,955
Climate-Smart Agricu_148,Climate Adaptation,Climate-Smart Agriculture,"implement the programme silvopastoral systems. This resu lted 60 percent reduction in degraded pastures in the three countries, and the area of silvopastoral land use (e.g. improved pastures with high density trees, fodder banks and live fences) increased significantly. The environmental benefits associated with the project include a 71 percent increase in carbon sequestered (from 27.7 million tonnes of CO 2-eq in 2003 to 47.6 million tonnes in 2006), increases in bird, bat and butterfly species and a moderate increase in forested area. Milk production and farm income also increased, by more than 10 to 115 percent respectively. Herbicide use dropped by 60 percent, and the practice of using fire to manage pasture is now less frequent. Other demonstrat ed environmental benefits of Silvopastoral systems included the improvement of water infiltration; soil retention; soil productivity; land",FAO,http://www.fao.org/docrep/013/i1881e/i1881e00.pdf,pdf,24,899
Climate-Smart Agricu_149,Climate Adaptation,Climate-Smart Agriculture,"Silvopastoral systems included the improvement of water infiltration; soil retention; soil productivity; land rehabilitation, and the reduction of fossil fuel dependence (e.g. substitution of inorganic fertilizer with nitrogen fixing plants). The project has successfully demonstrated the ef fectiveness of introducing payment incentives to farmers and in increasing the awareness of the potential of integrated ecosystem management for providing critical environmental services including the restoration of degraded pasture. Key messages for part 2 5) Institutional and financial support will be required to enable smallholders to make the transition to climate-smart agriculture. 6) Strengthened institutional capacity will be n eeded to improve dissemination of climate-smart information and coordinate over large areas and numbers of farmers. 7) Greater consistency between agriculture, food security and climate change policy-making",FAO,http://www.fao.org/docrep/013/i1881e/i1881e00.pdf,pdf,24,937
Climate-Smart Agricu_150,Climate Adaptation,Climate-Smart Agriculture,"7) Greater consistency between agriculture, food security and climate change policy-making must be achieved at national and international levels.",FAO,http://www.fao.org/docrep/013/i1881e/i1881e00.pdf,pdf,24,145
Climate-Smart Agricu_151,Climate Adaptation,Climate-Smart Agriculture,"24 Part 3 – Financing and Investments for Climate-smart Agriculture 3.1 Why financing is needed Sustainable transformation of the agriculture sector, necessita ting combined action on food security, development and clima te change, will not be costless and will require large-scale investments to meet the projected costs. Uncertainties about potential losses, catastrophic risks and increased costs of inaction associated with climate change indi cate that immediate and more aggressive transformative action is needed. Financing is thus urgent. Yet, resources for agriculture, both from ODA and climate chan ge financing, have not been forthcoming in the amounts needed over the last decades and fin ancing gaps are projected for the future. The share of agriculture in official development assist ance, which declined from 19 percent in 1980 to 3 percent in 2006, is now around 6 percent (FAO 2009d). This has led over the last few",FAO,http://www.fao.org/docrep/013/i1881e/i1881e00.pdf,pdf,24,934
Climate-Smart Agricu_152,Climate Adaptation,Climate-Smart Agriculture,"in 1980 to 3 percent in 2006, is now around 6 percent (FAO 2009d). This has led over the last few decades to agriculture suffering d r a s t i c d e c l i n e s i n d e v e l o p m e nt investment and assistance. FAO has called upon the international community to resolutely reverse this long-term negative trend. Meeting the financing challenge will require innovation, cooperative action and political will to address urgently and adequately current and projected shortf alls for adaptation and mitigation generally, including through the use of multiple funding sources, new and existing mechanisms, and better ways of connecting action to financing. These issues are briefly examined below. 3.2 Financing gaps The annual costs of adaptation in the agriculture sector in dev eloping countries have been recently estimated by the World Bank to be US$2.5-2.6 billion a year bet ween 2010 and 2050 (World Bank,",FAO,http://www.fao.org/docrep/013/i1881e/i1881e00.pdf,pdf,24,910
Climate-Smart Agricu_153,Climate Adaptation,Climate-Smart Agriculture,"estimated by the World Bank to be US$2.5-2.6 billion a year bet ween 2010 and 2050 (World Bank, 2010). Annual incremental investments and financial flows neede d for adaptation of agriculture in developing countries have been estimated at US$7 billion a year in 2030 (UNFCCC, 2007 and IIED, 2009). In the latter study it was acknowledged that this estimate was “on the low side of adaptation c o s t s o f t h e s e c t o r ” . I t f u r t h e r i n d i c a t e d t h a t t h a t t h e c o s t of achieving the relevant Millennium D e v e l o p m e n t G o a l w a s e s t i m a t e d a t U S $ 4 0 – 6 0 b i l l i o n p e r y e a r a n d that without this non-climate investment, the estimated levels of investment needed for adapt ation within the agriculture sector would be insufficient to avoid serious damage. T h e U N F C C C ( 2 0 0 7 ) e s t i m a t e d t h a t a d d i t i o n a l i n v e s t m e n t a n d f i nancial flows needed in",FAO,http://www.fao.org/docrep/013/i1881e/i1881e00.pdf,pdf,24,945
Climate-Smart Agricu_154,Climate Adaptation,Climate-Smart Agriculture,"T h e U N F C C C ( 2 0 0 7 ) e s t i m a t e d t h a t a d d i t i o n a l i n v e s t m e n t a n d f i nancial flows needed in developing countries for mitigation from the agriculture sector would be about US$12.25-14 billion a year in 2030. Yet, the costs of soil carbon sequestration do not seem to be included. McKinsey and Company (2009) stated that “in forestry and agriculture, both c osts and investments are relatively low”. However, calculations in this document excluded transacti on and programme costs and levers are assumed not to require any substantial capital investment. Costs for measurement and monitoring, capacity and infrast ructure building and carbon-credit-monetization are estimated to be 3.8 billion euros for the agriculture sector in 2030 and tot al expenditures for abatement levers over 2010-2030 is estimated to be 13 billion euros. Transaction costs, without aggregation",FAO,http://www.fao.org/docrep/013/i1881e/i1881e00.pdf,pdf,24,906
Climate-Smart Agricu_155,Climate Adaptation,Climate-Smart Agriculture,"over 2010-2030 is estimated to be 13 billion euros. Transaction costs, without aggregation mechanisms, could be high for the multitude of smallholders inv olved and incentive programmes to ensure adoption of abatement technologies may also be required. Costs of adoption and implementation vary by locality a nd can be significant in terms of both investment and opportunity costs (FAO, 2009a). The Copenhagen Accord committed developed countries to provide U S $ 3 0 b i l l i o n i n f a s t - start financing from 2010 to 2012 (divided equally between adap t a t i on an d m i t i g a t ion ) a n d s e t a g o a l t o m o b i l i z e U S $ 1 0 0 b i l l i o n b y 2 0 2 0 i n t h e c o n t e x t o f m i t i g a t i o n . P l e d g e d r e s o u r c e s f o r f a s t - track financing are estimated to be between US$27.9 and US$29 b illion as of August 2010, however",FAO,http://www.fao.org/docrep/013/i1881e/i1881e00.pdf,pdf,24,871
Climate-Smart Agricu_156,Climate Adaptation,Climate-Smart Agriculture,"track financing are estimated to be between US$27.9 and US$29 b illion as of August 2010, however past performance on climate financing shows large gaps among re sources pledged, deposited and",FAO,http://www.fao.org/docrep/013/i1881e/i1881e00.pdf,pdf,24,192
Climate-Smart Agricu_157,Climate Adaptation,Climate-Smart Agriculture,"25 disbursed (ODI-Henrich Boell Fo undation website on climate fina n c i n g a n d W R I , S u m m a r y o f Developed Country “Fast Start” Climate Pledges, last updated 12 August 2010). Comparing overall estimated cost s for adaptation and mitigation in 2030 and available resources over the short term shows a sizeable financing gap. Resources for mitigation in developing countries from major multilateral (CDM, World Bank, GEF) and bilateral funds are estimated to be around US$8 billion a year to 2012. If Copenhagen Accord commitments are met, this figure could reach US$15 billion a year between 2010 and 2012 and US$100 billion in 2020. This is against estimated mitigation costs of US$140- 175 billion a year by 2030, with associated financing requirements of US$265-565 billion. Against estimated funding requirements averaging US$30-100 billion a year, between 2010 and 2050, available",FAO,http://www.fao.org/docrep/013/i1881e/i1881e00.pdf,pdf,24,897
Climate-Smart Agricu_158,Climate Adaptation,Climate-Smart Agriculture,"estimated funding requirements averaging US$30-100 billion a year, between 2010 and 2050, available resources for adaptation are estimated to be US$2.2-2.5 billion f r o m 2 0 1 0 t o 2 0 1 2 , e x c l u d i n g p r i v a t e finance, which could reach US$15 billion, if Copenhagen Accord commitments are fulfilled (World Bank, WDR, 2010). A very indicative summary of financing gaps, based on approximate figures and drawn from various sources, is provided in the graph below. Figure 2: Investment needs vs available resources (in blue) in developing countries: A funding gap",FAO,http://www.fao.org/docrep/013/i1881e/i1881e00.pdf,pdf,24,576
Climate-Smart Agricu_159,Climate Adaptation,Climate-Smart Agriculture,"26 While the share of current climate change flows to agricultura l mitigation and adaptation are not yet known at this time, it is doubtful that they would meet the sector’s overall investment requirements, given the exclusion of agriculture from the main climate change financing mechanisms (see below). Overall, the vast majority of the investment in agriculture co mes from private domestic sources, including from farmers themselves and funds they borro w. Remittances from abroad also constitute an important financial flow in many developing count ries. Public spending on agriculture in developing countries has been low: in agriculture-based econ omies 4 percent of agricultural GDP, while the sector generates 29 percent of GDP and employs 65 percent of the labour force (World Bank, WDR, 2008). The remaining public investment comes from OD A. Governments of low-income",FAO,http://www.fao.org/docrep/013/i1881e/i1881e00.pdf,pdf,24,880
Climate-Smart Agricu_160,Climate Adaptation,Climate-Smart Agriculture,"Bank, WDR, 2008). The remaining public investment comes from OD A. Governments of low-income food-deficit countries could consider increasing the share of a griculture in their national budgets from their current levels to at least 10 percent. T o t a l O D A c o m m i t m e n t s i n 2 0 0 8 f r o m D A C d o n o r s w a s U S $ 1 5 8 b i l l ion, with US$4 billion (only about 3 percent) committed to the agriculture sector (OEC D, online International Development Statistics). Following the food price crisis in 200 8 , t w o n e w i n s t r u m e n t s h a v e emerged: the Global Agriculture and Food Security Programme (GA FSP) and the Global Food Crisis Response Programme (GFRP). These programmes will be supported from the US$20 billion in funds, which the L’Aquila G-8 Summit in 2009 agreed to mobilize over three years for food security. In its work on “How to Feed the world in 2050” FAO estimated t hat cumulative gross",FAO,http://www.fao.org/docrep/013/i1881e/i1881e00.pdf,pdf,24,934
Climate-Smart Agricu_161,Climate Adaptation,Climate-Smart Agriculture,"In its work on “How to Feed the world in 2050” FAO estimated t hat cumulative gross investment requirements for agriculture in developing countries add up to nearly US$9.2 trillion until 2050 or nearly US$210 billion annually (FAO, 2009a). Thes e estimates were for investments in primary agriculture and downstream services, most of which will c o m e f r o m p r i v a t e s o u r c e s . Essential public investments e.g. roads, irrigation, communicat ion and education were not included. Available resources to support the necessary transformation of agricultural systems to ensure food security and development in developing countries are thus curre ntly insufficient and funding from the private sector including that in developing countries, will continue to be important. While agriculture and food security are more recently attracti ng greater funding (than over the last decades), they are not widely considered to be key “cr unch” issues within the climate",FAO,http://www.fao.org/docrep/013/i1881e/i1881e00.pdf,pdf,24,968
Climate-Smart Agricu_162,Climate Adaptation,Climate-Smart Agriculture,"the last decades), they are not widely considered to be key “cr unch” issues within the climate c h a n g e n e g o t i a t i o n s a n d w i t h i n c l i m a t e f i n a n c i n g m e c h a n i s m s ( s ee below). The extent to which agriculture could attract climate finance in future will depend on better recognition of its significant mitigation potential, its role as a driver of deforestation, th e importance of its adaptation to climate change for food security and development and the feasibility an d costs of implementing action and measuring results. More robust analyses of costs, investment ne e d s , f i n a n c i a l f l o w s a n d M R V methodologies for measuring action and support are needed for the agriculture sector. 3.3 Sources of financing It is apparent from the financing gaps mentioned above, that bu siness-as-usual will not be an option",FAO,http://www.fao.org/docrep/013/i1881e/i1881e00.pdf,pdf,24,871
Climate-Smart Agricu_163,Climate Adaptation,Climate-Smart Agriculture,"3.3 Sources of financing It is apparent from the financing gaps mentioned above, that bu siness-as-usual will not be an option for financing. For agriculture to contribute in line with its potential to address the dual challenges of food security and climate change, both higher levels of financing and more innovative approaches will be required. It is also evident that public resources alon e will not suffice and how such resources could be used to leverage or be combined with other sources of funding is likely to shape future financing for the sector. 3.3.1 Blending different sources of financing Financing to support the response of developing countries to cl imate change could be drawn from public, private and innovative sources of financing. Public fin ance, for example in REDD pilots, has often acted as a catalyst for action or to fund activities or a reas neglected by the private sector.",FAO,http://www.fao.org/docrep/013/i1881e/i1881e00.pdf,pdf,24,905
Climate-Smart Agricu_164,Climate Adaptation,Climate-Smart Agriculture,"often acted as a catalyst for action or to fund activities or a reas neglected by the private sector. Expanding and diversifying the sources used could provide greater flexibility and the opportunity to tap additional sources of funding. Proposals made for innovativ e sources of financing include a percentage of GNP from developed countries, levies on international transport emissions or",FAO,http://www.fao.org/docrep/013/i1881e/i1881e00.pdf,pdf,24,390
Climate-Smart Agricu_165,Climate Adaptation,Climate-Smart Agriculture,"27 financial transactions, carbon taxes, issuing bonds to raise significant resources, auctioning of allowances (AAUs) within cap-and-trade schemes and an eventual global carbon market. The use of public-private partnerships is also being explored. FAO has facilitated a public- private partnership that seeks to generate productivity increases and removal of greenhouse gases through the restoration of rangelands in the Tibetan Highlands of China. Carbon finance is used to compensate the temporary loss of income from taking land out of production or reduction in herd size (see box 25 on 3 Rivers Project below). ODA for agriculture is not intended for financing agricultural adaptation or mitigation. It c o u l d b e u s e d , h o w e v e r , t o p r o v i d e b u d g e t o r s e c t o r a l f i n a n c i n g s u p p o r t f o r c a p a c i t y b u i l d i n g ,",FAO,http://www.fao.org/docrep/013/i1881e/i1881e00.pdf,pdf,24,870
Climate-Smart Agricu_166,Climate Adaptation,Climate-Smart Agriculture,"access to information/technologies or to cover upfront expendit ures necessary for making changes in agricultural production systems that support both food secur ity and climate change objectives. M o r e s y n e r g i s t i c u s e o f O D A a n d multiple climate change financi n g s t r e a m s c o u l d h e l p t o b r i n g t o g e t h e r e f f o r t s t o t r a n s f o r m a g r i c u l t u r a l s y s t e m s t o m e e t f o o d security and agricultural development goals, with those aimed at making these systems mor e resilient and emission- reducing/removing over the long-term. National policies to encourage appropriate private and domesti c government investment could help in achieving synergie s across different financing so urces and in spreading risk across private and public investors. Combining financing streams, for example long-term international",FAO,http://www.fao.org/docrep/013/i1881e/i1881e00.pdf,pdf,24,876
Climate-Smart Agricu_167,Climate Adaptation,Climate-Smart Agriculture,"private and public investors. Combining financing streams, for example long-term international ODA and carbon finance may benefit funding of agricultural prog rammes aiming to achieve multiple objectives, including changes in behavior and investment decisions. This may merit consideration in the context of agricultural planning and policy formulation, wh ile potential areas of overlap/additionality and greater cost-effectiveness would require identification and quantification. Box 25: The three Rivers Project The 3 Rivers Project, situated in the Qi nghai province of China (North) is a pilot project using carbon financing to facilitate grassland restoration and incr ease livestock productivity. Carbon finance, from a voluntary scheme, will be used to compensate costs and foregone income during the tr ansition period and to increase productivity. Under the proposed pilot, herders will be offered a menu of options designed to fit their specific land use, which includes a",FAO,http://www.fao.org/docrep/013/i1881e/i1881e00.pdf,pdf,24,983
Climate-Smart Agricu_168,Climate Adaptation,Climate-Smart Agriculture,"proposed pilot, herders will be offered a menu of options designed to fit their specific land use, which includes a combination of grassland restoration zoning and stocki ng rate management, in an incentive-based system. Given the current overstocking rates (about 45 percent), considerable reductions in income are expected during the first years of the project, for which herders will receive compensation. In the following years, as incomes are expected to grow in response to increased livestock productivity (and possible other small business support measures), compensation will decrease progressively until year 10. Overall, in the first 10 years of the project, households will have fewer but more productive livestock. From 10-20 years, they can increase herds beyond the level of the fi rst ten years, without the ri sk of overgrazing. Increased availability of forage will enable higher incomes and highe r levels of production over the long-term, providing an",FAO,http://www.fao.org/docrep/013/i1881e/i1881e00.pdf,pdf,24,971
Climate-Smart Agricu_169,Climate Adaptation,Climate-Smart Agriculture,"availability of forage will enable higher incomes and highe r levels of production over the long-term, providing an incentive for long-term sustainable management. In addition, the project will develop a number of activities aiming at improving the profitabilit y of livestock rearing, in order to improve herders’ livelihoods. This will include the improvement of animal production (e.g . feeding, winter housing and breeding) as well as the development of processing activities and marketing associations. This model hopes to break the vicious cycle of overstocking-degradation, building in, and demonstrating, sustainable management options during the project’s lifetime, while generating a reduction of approximately 500,000tCO2e, over a period of ten years. It also aims to address some of the key barriers to smallholder access to carbon finance, which include the lack of appropriate methodologies for crediting, as well as methodologies for cost effective",FAO,http://www.fao.org/docrep/013/i1881e/i1881e00.pdf,pdf,24,963
Climate-Smart Agricu_170,Climate Adaptation,Climate-Smart Agriculture,"which include the lack of appropriate methodologies for crediting, as well as methodologies for cost effective monitoring, reporting and verification.",FAO,http://www.fao.org/docrep/013/i1881e/i1881e00.pdf,pdf,24,150
Climate-Smart Agricu_171,Climate Adaptation,Climate-Smart Agriculture,"28 3.3.2 Leveraging According to IPCC (2007a and 2007b), a maximum of US$30 billion could be obtained annually through agricultural mitigation from the estimated total annual value of the four major mitigation categories (crops, grazing land improvements, organic soil and degraded land restoration) in non- OECD countries (1.5 Gt/CO 2e/yr13, valued at US$20/t CO 2e). This figure is not insignificant, but is only approximately 15 percent of the overall agricultural inves tment required for food security (US$210 billion a year to 2050). However, assuming that agricul tural investment can leverage five times its value in carbon revenues (World Bank, 2009), carbon f inance may provide incentives to leverage US$150 billion worth of climate-smart agricultural inv estments in developing countries. Mitigation finance could thus provide significant incentives to leverage agricultural investments",FAO,http://www.fao.org/docrep/013/i1881e/i1881e00.pdf,pdf,24,898
Climate-Smart Agricu_172,Climate Adaptation,Climate-Smart Agriculture,"Mitigation finance could thus provide significant incentives to leverage agricultural investments that generate productivity increases, reduction/removal of greenhouse gases and increased climate resilience. Considering the size of the overall agricultural investments r equired, versus the potential income from carbon markets, it is perhaps of greater importance to shift agricultural investments towards climate-smart agricultural development that provides mu ltiple benefits in addressing food security and climate change cha llenges. High transaction costs, as well as the need for high levels of coordination and management, greatly limit the potential of agr icultural mitigation financing from carbon offset markets. This indicates that public financing for mitigation will be required and could be channeled through existing financing mechanisms or through a climate change fund currently under discussion within the UNFCCC negotiations.",FAO,http://www.fao.org/docrep/013/i1881e/i1881e00.pdf,pdf,24,946
Climate-Smart Agricu_173,Climate Adaptation,Climate-Smart Agriculture,"be channeled through existing financing mechanisms or through a climate change fund currently under discussion within the UNFCCC negotiations. Using mitigation finance to support transformation of smallhol der agricultural systems may require going beyond carbon-offset financing from developed countries to the establishment of mitigation financing for developing country agricultural act ivities that generate co-benefits, e.g. the development of climate-smart sustainable agricultural production systems. In this sense, mitigation finance could facilitate adoption of desired transit ions that have been impeded by lack of financial resources. In this context mitigation finance can be a precious resource, especially when used as an incentive to capture synergies. 3.4 Financing mechanisms 3.4.1 Weaknesses of existing mechanisms While a number of existing financing mechanisms have been instrumental in mobilizing resources",FAO,http://www.fao.org/docrep/013/i1881e/i1881e00.pdf,pdf,24,928
Climate-Smart Agricu_174,Climate Adaptation,Climate-Smart Agriculture,"3.4.1 Weaknesses of existing mechanisms While a number of existing financing mechanisms have been instrumental in mobilizing resources for climate change mitigation and adaptation, FAO has underlined that the main mechanisms have generally not enabled agriculture (or forestry) to contribute fully to adaptation and mitigation efforts, in accordance with its potential (FAO, 2009b). T h e Clean Development Fund (CDM) largely excludes agriculture, as soil carbon sequestration (representing 89 p ercent of agriculture’s mitigat ion potential) is not eligible. The European Union Emissions Trading Scheme (EU-ETS) also excludes agriculture. This contrasts with voluntary carbon market s and the World Bank’s BioCarbon Fund which include soil carbon sequestration. Although 4.49 perce nt of all registered CDM proj e c t s a r e d e s i g n a t e d a s r e l a t i n g t o agriculture (UNFCCC 2010, CDM website), these mainly address en ergy (bioenergy) through the use",FAO,http://www.fao.org/docrep/013/i1881e/i1881e00.pdf,pdf,24,967
Climate-Smart Agricu_175,Climate Adaptation,Climate-Smart Agriculture,"agriculture (UNFCCC 2010, CDM website), these mainly address en ergy (bioenergy) through the use of agricultural residues, biofuels from crops and manure manage ment. (RISOE database of CDM projects, updated 1 August 2010). CDM’s project-based and offset approaches may be inadequate to generate the breadth and scale of incentives required for agricultural mitigation. CDM i ncentives appear too weak to stimulate transformation in the economy and have not enabled de veloping countries to move towards low-emission development pathways that do not threaten economic growth. CDM projects also tend to have high transaction costs for many developing countries, long approval periods and a narrow geographic spread. Efforts to correct these weaknesses are under discussion and",FAO,http://www.fao.org/docrep/013/i1881e/i1881e00.pdf,pdf,24,775
Climate-Smart Agricu_176,Climate Adaptation,Climate-Smart Agriculture,"29 implementation. New approaches, such as programmatic CDM, secto ral CDM, sustainable development policies and measure s, may enable scaling up of fun d i n g b u t v a r y i n t h e d e g r e e t o which they (i) can provide incentives for mitig ation on a large-scale, (ii) are linked to sustainable development and (iii) in terms of their transaction costs. T h e Adaptation Fund h a s r e c e n t l y b e c o m e o p e r a t i o n a l a n d t e n p r o j e c t s h a v e b e e n submitted, two of which related to agriculture: (i) WFP submitt ed a project proposal, entitled An I n t e g r a t e d A p p r o a c h t o B u i l d i n g C l i m a t e R e s i l i e n c e i n U g a n d a ’ s Fragile Ecosystems to assist vulnerable populations in adapting to the impacts of climatic c hanges in two fragile ecosystems characterized by relatively high agricultural productivity and (ii) UNEP submitted one on",FAO,http://www.fao.org/docrep/013/i1881e/i1881e00.pdf,pdf,24,909
Climate-Smart Agricu_177,Climate Adaptation,Climate-Smart Agriculture,"characterized by relatively high agricultural productivity and (ii) UNEP submitted one on vulnerability of the rice sub-sector to climate variability and projected climate change. Agriculture and food security merit only a footnote (along wit h other sectors) in the draft AWG-LCA negotiating text on adaptation (UNFCCC, 2010) The latter contrasts with the large number of National Adaptation Plans of Action (NAPAs) of Least Developed Countries (LDCs) focusing on agriculture that have remained largely unfunded. Developing countries, especially Least Developed Countries, ha ve complained that accessing resources from the Global Environment Facility (GEF) has been complicated and project approval t a k e s a l o n g t i m e . T h e y h a v e i n d i c a t e d t h a t t h i s h a s i n h i b i t e d implementation of NAPAs and preparation of national communications. They have also drawn at tention to under-funding of the",FAO,http://www.fao.org/docrep/013/i1881e/i1881e00.pdf,pdf,24,928
Climate-Smart Agricu_178,Climate Adaptation,Climate-Smart Agriculture,"preparation of national communications. They have also drawn at tention to under-funding of the S p e c i a l C l i m a t e C h a n g e F u n d a n d t h e L e a s t - d e v e l o p e d C o u n t r i e s Fund, which are funded on a voluntary basis. 3.4.2 New mechanisms As climate change has moved up the policy agenda, finance mecha nisms targeting climate change have multiplied. Currently about 20 different climate change-re lated finance initiatives exist. In 2007 alone, 14 new initiatives were launched (World Bank, WDR, 2010). This proliferation of new financing mechanisms has raised concerns about fragmentation, with high transaction costs (each initiative has its own governance structures and regulations), which in turn can reduce capacity to avoid duplication and inefficient allocation of resources. Strengthening national ownershi p, transparency and accountabil i t y w i l l b e i m p o r t a n t f o r",FAO,http://www.fao.org/docrep/013/i1881e/i1881e00.pdf,pdf,24,921
Climate-Smart Agricu_179,Climate Adaptation,Climate-Smart Agriculture,"Strengthening national ownershi p, transparency and accountabil i t y w i l l b e i m p o r t a n t f o r international mechanisms as we ll for national mechanisms receiv ing resources, including through direct access . For agriculture, coordination across different financing mechan isms is needed in order to reach the scale required to meet agricultural production and climate change challenges and to ensure an adequate link between national action and international support. National funds , such as Brazil’s Amazon Fund , the Indonesian Climate Change Trust Fund (ICCTF) or the proposed national Mexican Green Fund, provide op portunities for greater national ownership and better integration with national policies and programmes. 3.4.3 Architecture that enables action, including by agriculture Discussion of financing mechanisms within the climate change negotiations has not tackled sector-",FAO,http://www.fao.org/docrep/013/i1881e/i1881e00.pdf,pdf,24,900
Climate-Smart Agricu_180,Climate Adaptation,Climate-Smart Agriculture,"Discussion of financing mechanisms within the climate change negotiations has not tackled sector- specific aspects. Form currently tends to precede function, as attention is focused on architecture rather than on what will be financed and how finance would be l inked to developing country actions. There is a risk that, due to their specificities, land -based activities may yet again find that they do not fit within the parameters of financing mechanisms ( as was the case with the CDM). A separate funding arrangement for REDD has been proposed within future financing mechanisms, but it is unclear at this time whether agriculture, as a main d river of deforestation, would be able to receive funding from this window. For agriculture to be part of t h e s o l u t i o n t o c l i m a t e c h a n g e , financing approaches and mechani s m s n e e d t o m a k e s u r e t h a t a g r iculture is eligible to receive",FAO,http://www.fao.org/docrep/013/i1881e/i1881e00.pdf,pdf,24,920
Climate-Smart Agricu_181,Climate Adaptation,Climate-Smart Agriculture,"financing approaches and mechani s m s n e e d t o m a k e s u r e t h a t a g r iculture is eligible to receive resources from existing or future climate funding mechanisms, t hat the specificities of agriculture are taken into account and that agricultural producers are rewa rded for the generation of multiple services benefiting food security, development, adaptation and mitigation.",FAO,http://www.fao.org/docrep/013/i1881e/i1881e00.pdf,pdf,24,388
Climate-Smart Agricu_182,Climate Adaptation,Climate-Smart Agriculture,"30 Certain agricultural practices can contribute to both adaptation and mitigation; however funding mechanisms (as well as p olicy frameworks) have remained separate and are still exploring how to reward action that can achieve both. Finding ways to overcome what is sometimes a false dichotomy between adaptation and mitigation (which can be the c ase with agriculture, especially where soil carbon sequestration is concerned), as well as the i ntegration of adaptation and mitigation finance with agricultu ral development financing chan nels and activities, will be a challenge faced by financing mechanisms in future. Broader approaches that look beyond current silos to forms of financing that could support high productivity/resilience and low emission agricultural deve lopment and deve lopment/food security-responsible climate change responses will be needed. M echanisms must also be flexible",FAO,http://www.fao.org/docrep/013/i1881e/i1881e00.pdf,pdf,24,902
Climate-Smart Agricu_183,Climate Adaptation,Climate-Smart Agriculture,"security-responsible climate change responses will be needed. M echanisms must also be flexible enough to fund options adjusted to the specific agro-ecological , institutional and technological situations of different countries, including their different capacities. They may also be called upon to address the potential for establ ishing long-term and reliable f unding sources, rewarding synergies and resolving potential conflicts or trade-offs due to multiple fund objectives. 3.5 Connecting action to financing 3.5.1 National level Adequate investment in national climate-smart agricultural poli cy formulation, research, and extension, including related capacity building, is important in s u p p o r t i n g a c t i o n b y f a r m e r s . Ministries of Agriculture, natio nal research institutes and ext ension systems in many cases need to be built back following the decli ne in resources allocated to agriculture both internationally and",FAO,http://www.fao.org/docrep/013/i1881e/i1881e00.pdf,pdf,24,948
Climate-Smart Agricu_184,Climate Adaptation,Climate-Smart Agriculture,"be built back following the decli ne in resources allocated to agriculture both internationally and domestically. While domestic resources may suffice for these activities in some countries, in others external support will be necessary. Nationally-owned instruments that can promote coherence and coordination in priority setting for climate-smart agriculture action and financing may b e u s e f u l t o g o v e r n m e n t s . T h e Indonesian Ministry of Agriculture has already formulated an Ag riculture Sector Climate Change Road Map. The road map is written in the form of guidelines “ for creating synergies between climate change adaptation and mitigation programmes and action plans among sub-sectors.” Better clarification of how financing might be linked to nationally-ow ned action frameworks, including NAPAs/adaptation frameworks and NAMA/registries, is still required. 3.5.2 Linking to farmers",FAO,http://www.fao.org/docrep/013/i1881e/i1881e00.pdf,pdf,24,909
Climate-Smart Agricu_185,Climate Adaptation,Climate-Smart Agriculture,"NAPAs/adaptation frameworks and NAMA/registries, is still required. 3.5.2 Linking to farmers Linking financing to farmer-generated climate change responses requires a better understanding of mitigation and adaptation benefits that can be obtained from di fferent sustainable agricultural options, the incentives that may be required to adopt them, and t h e c o s t s . I n c e n t i v e s m a y b e monetary in the form of credit or payments but could also be in - k i n d , i n c l u d i n g a c c e s s t o l a n d , markets or seeds, fertilizers and other production inputs. Experiences with payments for environmental service (PES) and microfinance could be drawn upon in building incentive systems for the adoption of re levant practices and technologies (see section 2). Where payments for mitigation and adaptation a ctivities are economically viable,",FAO,http://www.fao.org/docrep/013/i1881e/i1881e00.pdf,pdf,24,859
Climate-Smart Agricu_186,Climate Adaptation,Climate-Smart Agriculture,"(see section 2). Where payments for mitigation and adaptation a ctivities are economically viable, t h e y m a y p r o v i d e t h e s t i m u l u s f o r f a r m e r s t o a d o p t s u s t a i n a b l e agricultural land management practices. In some instances, payments of limited duration could provide incentives for soil carbon sequestration and also encourage transition towards productive and resilient production systems, while fitting with the saturation of soil carbon pools. Most so il carbon sequestration activities are expected to reach saturation at a certain point in time, i.e. a fter 20 to 100 years and therefore do not provide sustainable income in perpetuity. If carbon sequestrati on incentives also lead to more productive and sustainable forms of agriculture, there will be a lower risk of non-permanence (compared to baseline conditions).",FAO,http://www.fao.org/docrep/013/i1881e/i1881e00.pdf,pdf,24,864
Climate-Smart Agricu_187,Climate Adaptation,Climate-Smart Agriculture,"31 It is important, however, to underline that beyond considerati ons of historical responsibility some forms of mitigation from smallholder agriculture will not be cost effective for international o f f s e t c o m p l i a n c e m a r k e t s , d u e t o l o w r e t u r n s , h i g h t r a n s a c t i o ns costs or high risks, which c o n s t i t u t e i n v e s t m e n t b a r r i e r s . T h e c u r r e n t l o w p r i c e f o r c a r b on credits and lack of capacity to participate in compliance markets are other barriers that need to be taken into account when considering mitigation action. These aspects and differing nati onal capacities and circumstances s u g g e s t t h a t a s t e p w i s e a p p r o a c h m a y b e u s e f u l t o b u i l d c o n f i d ence, capacity and experience in linking financing for both adaptation and mitigation to smallholders at ground level. 3.5.3 MRV",FAO,http://www.fao.org/docrep/013/i1881e/i1881e00.pdf,pdf,24,902
Climate-Smart Agricu_188,Climate Adaptation,Climate-Smart Agriculture,"linking financing for both adaptation and mitigation to smallholders at ground level. 3.5.3 MRV A key issue associated with financing for mitigation is measure ment, reporting and verification (MRV) of emission reductions and removals, as well as of international support provided. There is currently no consensus on the spe cific parameters of MRV for in ternational financing, but eventual d e c i s i o n s i n t h i s r e g a r d c o u l d a f f e c t t h e c o s t s a n d v i a b i l i t y of different agricultural mitigation activities. The type and cost of MRV systems are likely to vary by the financing source used and over time (as capacity is built). Simpler and less expensive forms of MRV that are more readily useable by farmers could be utilized where off-sets are not involved. D eveloping countries and farmers are more likely to undertake action to build MRV capacity, where th ere is confidence and direct access",FAO,http://www.fao.org/docrep/013/i1881e/i1881e00.pdf,pdf,24,933
Climate-Smart Agricu_189,Climate Adaptation,Climate-Smart Agriculture,"more likely to undertake action to build MRV capacity, where th ere is confidence and direct access to adequate and predictable financing for capacity building, and technology development/transfer. More robust measurement of soil carbon sequestration may requi re combining actual soil samples, with modeling and/or default values for emission-reduc ing/removing activities. MRV of international support could include information on allocation by sectors, which would help in having a better picture of financial flows to the agriculture s ector and differentiation of ODA and climate financing therein. Finally considerably less attention has been given to measuring results from adaptation activities. This may receive greater attention in future. 3.5.4 Pilots Pilot activities, tailored to country-specific agricultural con ditions/capabilities and supporting strategy formulation, technology development/transfer and capacity building, could enable country",FAO,http://www.fao.org/docrep/013/i1881e/i1881e00.pdf,pdf,24,960
Climate-Smart Agricu_190,Climate Adaptation,Climate-Smart Agriculture,"strategy formulation, technology development/transfer and capacity building, could enable country readiness to implement agricultural mitigation and adaptation a ction in the context of enhanced sustainable agricultural development and food security. Such pi lots could offer possibilities for linking early climate-smart action with fast-start financing in the predominantly agriculture-based economies of many developing countries. Key messages for part 3 8) Available financing, current and projected, ar e substantially insufficient to meet climate change and food security challenges faced by the agriculture sector. 9) Synergistically combining financing from pu blic and private sources, as well as those earmarked for climate change and food security are innovative options to meet the investment requirements of the agricultural sector. 10) To be effective in channelling fast-track fi nancing to agriculture, financing mechanisms will",FAO,http://www.fao.org/docrep/013/i1881e/i1881e00.pdf,pdf,24,944
Climate-Smart Agricu_191,Climate Adaptation,Climate-Smart Agriculture,"requirements of the agricultural sector. 10) To be effective in channelling fast-track fi nancing to agriculture, financing mechanisms will need to take sector-specific considerations into account.",FAO,http://www.fao.org/docrep/013/i1881e/i1881e00.pdf,pdf,24,197
Climate-Smart Agricu_192,Climate Adaptation,Climate-Smart Agriculture,"32 References Abadi, A., Lefroy, T., Cooper, D., Hean, R. & Davies, C. 2003. Profitability of medium to low rainfall agroforestry in the cropping zone. Barton, Australia,Rural Industries Research and Development Corporation Publication No. 02. Anriquez, G., and Daidone, S. 2008. “Linkages between Farm and Non-Farm Sectors at the Household Level in Rural Ghana. A consistent stochastic distance function approach”, ESA-FAO Working Paper 08-01, Food and Agriculture Organization, Rome. Barrett, Christopher, B., Barry, J., Barnett, Michael R. Carter, Sommarat Chantarat, James, W. Hansen, Andrew G. Mude, Daniel E. Osgood, Jerry R. Skees, Calum G. Turvey and M. Neil Ward. 2007. Poverty Traps and Climate and Weather Risk: Limitations and Opportunities of Index- based Risk Financing, IRI Technical Report 07-03. Bellassen, V., Manlay R.J., Chéry J.-P., Gitz V., Touré A., Bernoux, M. & Chotte, J.-L. 2010. Multi-",FAO,http://www.fao.org/docrep/013/i1881e/i1881e00.pdf,pdf,24,913
Climate-Smart Agricu_193,Climate Adaptation,Climate-Smart Agriculture,"Bellassen, V., Manlay R.J., Chéry J.-P., Gitz V., Touré A., Bernoux, M. & Chotte, J.-L. 2010. Multi- criteria spatialization of soil organic carbon sequestration potential from agricultural intensification in Senegal. Climatic Change, Volume 98, Numbers 1-2, January 2010 , pp. 213- 243(31). Berkes, F. and Folke, C.C. (eds.). 1998. Linking Social and Ecological Systems: management practices and social mechanisms for building resilience, Cambridge University Press, Cambridge. Bisiaux, F., Peltier, R. and Muliele, J.-C. 2009. Plantations industrielles et agroforesterie au service des populations des plateaux Batéké, Mampu, en République démocratique du Congo. Bois et forêts des tropiques 301(3):21-32. Bouman, B.A.M., Lampayan, R.M. and Tuong, T.P. 2007. Water management in irrigated rice: coping with water scarcity. Los Baños, Laguna: IRRI. 54 p. http://dspace.irri.org:8080/dspace/handle/10269/266",FAO,http://www.fao.org/docrep/013/i1881e/i1881e00.pdf,pdf,24,907
Climate-Smart Agricu_194,Climate Adaptation,Climate-Smart Agriculture,"with water scarcity. Los Baños, Laguna: IRRI. 54 p. http://dspace.irri.org:8080/dspace/handle/10269/266 Bruinsma, J. 2009. “The Resource Outlook to 2050”, in Expert Meeting on “How to Feed the World in 2050”: FAO, Rome. Burke, M., and Lobell, D. 2009. “Shifts in African crop climates by 2050, and the implications for crop improvement and genetic resources conservation”, Global Environmental Change. Burney, J. A., S. J. Davis, and D.B. Lobell. 2010. Greenhouse gas mitigation by agricultural intensification. Proceedings of the national Academy of Sciences, 107(26): 12052-12057. Capaldo, J., Karfakis, P., Knowles, M., Smulders, M. 2010. A Model of Vulnerability to Food Insecurity, ESA Working Paper, No. 10-03, FAO: Rome. Cacho ,O.J., Lipper, L. 2006. Abatement and transaction costs of carbon-sink project involving smallholders. Working paper. FAO: Rome. Cavatassi, R., González, M., Winters, P., Andrade-Piedra, J., Thiele, G., Espinosa, P. 2009. Linking",FAO,http://www.fao.org/docrep/013/i1881e/i1881e00.pdf,pdf,24,963
Climate-Smart Agricu_195,Climate Adaptation,Climate-Smart Agriculture,"smallholders. Working paper. FAO: Rome. Cavatassi, R., González, M., Winters, P., Andrade-Piedra, J., Thiele, G., Espinosa, P. 2009. Linking Smallholders to the New Agricultural Economy: An Evaluation of the Plataformas Program in Ecuador, ESA Working Papers 09-06, FAO: Rome. CAWMA. 2007. Water for F ood, Water for Life: A comprehensive Assessment of water management in Agriculture. London: Earthscan and Colombo: International Water Management Institute. CIRAD. 2010. Sustainable charcoal production in the Democratic Republic of Congo. CIRAD. Cline, W. R. 2007. Global Warming and Agriculture: Impact Estimates by Country, Center for Global Development, Peterson Institute for International Economics. Devereux, S. 2002. Can Social Safety Nets Reduce Chronic Poverty? Development Policy Review, 2002, 20 (5): 657-675. Fafchamps, M., and Kourosaki, T. 2002. “Insurance Market Efficiency and Crop Choices in Pakistan”, Journal of Development Economics, 67(2): 419-53, April 2002.",FAO,http://www.fao.org/docrep/013/i1881e/i1881e00.pdf,pdf,24,982
Climate-Smart Agricu_196,Climate Adaptation,Climate-Smart Agriculture,"Journal of Development Economics, 67(2): 419-53, April 2002. FAO. 2003. Anti-hunger Programme, A twin-track Approach to Hunger Reduction: Priorities for National and International Action, Food and Agriculture Organization, Rome.",FAO,http://www.fao.org/docrep/013/i1881e/i1881e00.pdf,pdf,24,228
Climate-Smart Agricu_197,Climate Adaptation,Climate-Smart Agriculture,"33 FAO. 2006. World Agriculture: towards 2030/2050, Interim Report, Food and Agriculture Organization, Rome. FAO. 2007a. The State of Food and Agriculture, Paying Farmers for Environmental Services, Food and Agriculture Organization, Rome. FAO. 2007b. Feed supplementation blocks, FAO technical papers, FAO Animal production and health papers No 164, Food and Agriculture Organization, Rome. FAO. 2008a. Food Oulook: Global Market Analysis, Food and Agriculture Organization, Rome. FAO. 2008b. Financing Climate Change Adaptation and Mitigation in the Agriculture and Forestry Sectors, in UNFCCC; submission by FAO and IFAD, Rome. FAO. 2008c. Institutions to Support Agricultural Development, Unpublished Report, FAO, Rome. FAO. 2009a. Food security and Agricultural Mitigation in Developing Countries: Option for Capturing Synergies, Food and Agriculture Organization, Rome. FAO. 2009b. The State of Food and Agriculture—Livestock in the Balance , Food and Agriculture",FAO,http://www.fao.org/docrep/013/i1881e/i1881e00.pdf,pdf,24,969
Climate-Smart Agricu_198,Climate Adaptation,Climate-Smart Agriculture,"Synergies, Food and Agriculture Organization, Rome. FAO. 2009b. The State of Food and Agriculture—Livestock in the Balance , Food and Agriculture Organization, Rome. FAO. 2009c. Increasing crop production sustainably, the perspective of biological processes, November 2009, Food and Agriculture Organization, Rome. FAO. 2009d. The Investment Imperative, paper from the FAO High Level Conference on World Food Security: The Challenges of Climate Change and Bioenergy, Food and Agriculture Organization, Rome. FAO. 2010a. Challenges and opportunities for carbon sequestration in grassland systems. A technical report on grassland management and climate change mitigation. Integrated Crop management, vol. 9-2010, Food and Agriculture Organization, Rome. FAO. 2010b. Greenhouse gas emissions from the dairy sector. A life cycle assessment. Food and Agriculture Organization, Rome. Franzel, S., Wambugu, C. & Tuwei, P. 2003. The adoption and dissemination of fodder shrubs in central",FAO,http://www.fao.org/docrep/013/i1881e/i1881e00.pdf,pdf,24,979
Climate-Smart Agricu_199,Climate Adaptation,Climate-Smart Agriculture,"Organization, Rome. Franzel, S., Wambugu, C. & Tuwei, P. 2003. The adoption and dissemination of fodder shrubs in central Kenya. Agricultural Research and Network Series Paper No. 131. London, Overseas Development Institute. Fischer, G., Shah, M., van Velthuizen, H. 2002. “Climate Change and Agricultural Vulnerability”, in Contribution to the World Summit on Sustainable Development, Johannesburg, International Institute for Applied Systems Analysis (IAASA): Laxenburg. Goodhue, R. and McCarthy, N. 2009. Traditional Property Rights, Common Property, and Mobility in semi-Arid African Pastoralist Systems. Environment and Development Economics. 14: 29-50. Gregory, P., Ingram, JSI., Brklacich, M. “Climate change and food security” Philosophical Transactions of the Royal Society B, 2005. 360: p. 2139-2148. Guei, R.G., Barra, A., and Silué, D. 2010. Promoting smallholder seed enterprises (SSE): Qua lity seed",FAO,http://www.fao.org/docrep/013/i1881e/i1881e00.pdf,pdf,24,913
Climate-Smart Agricu_200,Climate Adaptation,Climate-Smart Agriculture,"Guei, R.G., Barra, A., and Silué, D. 2010. Promoting smallholder seed enterprises (SSE): Qua lity seed production of rice, maize, sorghum and millet in northern Cameroon. Accepted for publication in The International Journal of Agricultural Sustainability. Hans Seidel Foundation. 2009. Project report in German (Eine Erfolgsgeschichte der Projektarbeit der Hanns-Seidel- Stiftung in der Demokratischen Republik Kongo – dasAgroforstwirtschaftsprojekt “Mampu” Projektbericht); www.hss.de/fileadmin/media/downloads/Berichte/091112_SB_Mampu.pdf Hansen, J.W., Baethgen, W., Osgood, D., Ceccato, P., Ngugi, R.K. 2007. “Innovations in climate risk management: protecting and building rural livelihoods in a variable and changing climate”, Journal of Semi-Arid Tropical Agricultural Research 4(1). (published online at www.icrisat.org/Journal/specialproject.htm). Hansen, J.W., Meza, F.J., Osgood, D. 2008. “Economic value of seasonal climate forecasts for agriculture:",FAO,http://www.fao.org/docrep/013/i1881e/i1881e00.pdf,pdf,24,962
Climate-Smart Agricu_201,Climate Adaptation,Climate-Smart Agriculture,"Hansen, J.W., Meza, F.J., Osgood, D. 2008. “Economic value of seasonal climate forecasts for agriculture: review of ex-ante assessments and recommendations for future research”, Journal of Applied Meteorology and Climatology 47:1269-1286.",FAO,http://www.fao.org/docrep/013/i1881e/i1881e00.pdf,pdf,24,238
Climate-Smart Agricu_202,Climate Adaptation,Climate-Smart Agriculture,"34 IEA. 2002. World Energy Outlook. Chapter 13. Energy and Poverty: www.iea.org/weo/database_electricity/WEO20 02-Chapter%2013.pdf IIED. 2009. Assessing the costs of adaptation to climate change: A review of the UNFCCC and other recent estimates, International Institute for Environment and Development. IIED. 2010. “The Impacts of Climate Change on Food Security in Africa: A Synthesis of Policy Issues for Europe”, International Institute for Environment and Development. IPCC. 2001. Climate Change 2001, Third Assessment Report, Inter-governmental panel on Climate Change, online at: http://www.grida.no/publications/other/ipcc_tar/ IPCC. 2007. “Contribution of Working Group II to the Fourth Assessment Report of the Intergovernmental Panel on Climate Change”, M.L. Parry, O.F. Canziani, J.P. Palutikof, P.J. van der Linden and C.E. Hanson (eds), in Climate Change 2007, Fourth Assessment Report, Inter-",FAO,http://www.fao.org/docrep/013/i1881e/i1881e00.pdf,pdf,24,907
Climate-Smart Agricu_203,Climate Adaptation,Climate-Smart Agriculture,"Linden and C.E. Hanson (eds), in Climate Change 2007, Fourth Assessment Report, Inter- governmental panel on Climate Change, Cambridge University Press, Cambridge, United Kingdom and New York, NY, USA, online at: http://www.ipcc.ch/publications_and_data/ar4/wg2/en/contents.html IPCC. 2006. IPCC Guidelines for National Greenhouse Gas Inventories, H. Eggleston, Buendia L, Miwa K, Ngara T, Tanabe K, Editor. 2006, The National Greenhouse Gas Inventories Programme, Intergovernmental Panel on Climate Change. Lipper, L., Sakuyama, T., Stringer, R., and Zilberman, D. (eds.). 2009. “Payment for Environmental Services in Agricultural Landscapes: Economic Policies and Poverty Reduction in Developing Countries”, Natural Resource Management and Policy Series, Vol. 31, Springer, London, UK, 2009 (jointly published with Food and Agriculture Organization of the United Nations). Lobell, D.B., Burke, M.B., Tebaldi, C., Mastrandrea, M.D., Falcon, W.P., Naylor, R.L. “Prioritizing",FAO,http://www.fao.org/docrep/013/i1881e/i1881e00.pdf,pdf,24,974
Climate-Smart Agricu_204,Climate Adaptation,Climate-Smart Agriculture,"Lobell, D.B., Burke, M.B., Tebaldi, C., Mastrandrea, M.D., Falcon, W.P., Naylor, R.L. “Prioritizing climate change adaptation needs for food security in 2030”, Science, 2008. 319(5863): p. 607- 610. Lobell, D., and Burney, J. 2009. “Greenhouse Gas Mitigation by Agricultural Intensification”, Proceedings of the National Academy of Sciences, June 15, 2010. Matson, P.A., Parton, W. J., Power, A.G., Swift, M. J. 1997. “Agricultural Intensification and Ecosystem Properties”, Science:Vol. 277. no. 5325, pp. 504 – 509. McAdam, J.H., Thomas, T.H. & Willis, R.W. 1999. The economics of agroforestry systems in the United Kingdom and their future prospects. Scottish Forestry, 53(1): 37–41. McCarthy, N. and Di Gregorio, M. 2007. Climate Variability and Flexibility in Resource Access: The Case of Pastoral Mobility in Northern Kenya. Environment and Development Economics, 12(3):403- 421. McCarthy, N., and Swallow, B. 2000. “Property Rights, Risk, and Livestock Development in Africa:",FAO,http://www.fao.org/docrep/013/i1881e/i1881e00.pdf,pdf,24,982
Climate-Smart Agricu_205,Climate Adaptation,Climate-Smart Agriculture,"421. McCarthy, N., and Swallow, B. 2000. “Property Rights, Risk, and Livestock Development in Africa: Issues a nd Project Approach”, in McCarthy, N., B. Swallow, M. Kirk, P. Hazel (eds.), 2000, Property Rights, Risk, and Livestock Development in Africa, IFPRI, Washington, D.C. and ILRI, Nairobi. McKinsey and Company. 2009. Pathways to a Low-Carbon Economy, version 2. Nair, P.K.R. 1993. An Introduction to Agroforestry. Kluwer Academic Publishers, Dordrecht, The Netherlands. Niamir-Fuller, M. (ed.). 1999. Managing Mobility in African Rangelands. The Legitimization of Transhumance, Intermediate Technology Publications, Ltd. Otsuka, K., and Place, F. 2001. Land Tenure and Natural Resource Management: A Comparative Study of Agrarian Communities in Asia and Africa, Baltimore, MD: Johns Hopkins University Press. Peng, S., Huang, J., Sheehy, J.E., Laza, R.C., Visperas, R.M., Zhong, X., Centeno, G.S., Khush, G.S. and",FAO,http://www.fao.org/docrep/013/i1881e/i1881e00.pdf,pdf,24,921
Climate-Smart Agricu_206,Climate Adaptation,Climate-Smart Agriculture,"Peng, S., Huang, J., Sheehy, J.E., Laza, R.C., Visperas, R.M., Zhong, X., Centeno, G.S., Khush, G.S. and Cassman, K.G. 2004. Rice yields decline with higher night temperature from global warming, PNAS July 6, 2004 vol. 101 no. 27 9971-9975. Primavera, J .H. 2000. Aquasilviculture trials in mangroves in Aklan Province, Panay Is., central Philippines. International Workshop on Brackishwater Mangrove Ecosystems Productivity and Sustainable Utilization, Tsukuba, Japan, 29 Feb.-1 Mar. 2000.",FAO,http://www.fao.org/docrep/013/i1881e/i1881e00.pdf,pdf,24,490
Climate-Smart Agricu_207,Climate Adaptation,Climate-Smart Agriculture,"35 Ravallion, M., 2006. “Transfers and Safety Nets in Poor Countries: Revisiting the Tradeoffs and Policy Options,” in Abhijit Banerjee, Roland Benabou and Dilip Mookerjee (eds), Understanding Poverty, Oxford University Press. Sinclair, F.L. 1999. A general classification of agroforestry practice. Agroforestry Systems, 46: 161–180. Smit, B., and Bockel, L. 2009. “Climate Change and Agriculture Policies: how to mainstream climate change adaptation and mitigation into agriculture policies?”, EASYPOL, FAO: Rome. Reij, C., Tappan, G. and Smale, M. 2009. Agroenvironmental transformation in the Sahel: Another kind of “Greeen Revolution.” IFPRI Discussion Paper. Washington, D.C., International Food Policy Research Institute. Roberts, J., and Schlenker, W. 2006. “Nonlinear Effects of Weather on Corn Yields”, Review of Agricultural Economics, 28(3), Fall, p. 391-398. Sileshi, G., Akinnifesi, F.K., Ajayi, O.C., Place, F. 2008. Meta-analysis of maize yield response to woody",FAO,http://www.fao.org/docrep/013/i1881e/i1881e00.pdf,pdf,24,977
Climate-Smart Agricu_208,Climate Adaptation,Climate-Smart Agriculture,"Sileshi, G., Akinnifesi, F.K., Ajayi, O.C., Place, F. 2008. Meta-analysis of maize yield response to woody and herbaceous legumes in the sub-Saharan Africa. Plant and Soil 307, 1-19. Stern, N. 2006. Stern Review on The Economics of Climate Change, HM Treasury, London. Sukardjo, S. 1989. Tumpang sari pond as a multiple use concept to save the mangrove forest in Java. Biotrop Spec. Publ. 37:115-128. Sukardjo, S. Rosenzweig, C. and Tubiello, F. N. 2006. “Adaptation and Mitigation Strategies in Agriculture: An Analysis of Potential Synergies”, Mitigation and Adaptation Strategies for Global Change, 12: pp 855-873. Schmidhuber, J., and Tubiello, F. N. 2007. “Global food security under climate change”, in Proceedings of the National Academy of Sciences, USA (PNAS), Volume 104, Number 50, December. SEI. 2008. Climate Change and Adaptation in African Agriculture, Stockholm Environment Institute. Sen. 1991. Agroforestry in China. Beijing, Ministry of Foreign Affairs.",FAO,http://www.fao.org/docrep/013/i1881e/i1881e00.pdf,pdf,24,972
Climate-Smart Agricu_209,Climate Adaptation,Climate-Smart Agriculture,"Sen. 1991. Agroforestry in China. Beijing, Ministry of Foreign Affairs. Silici, L. 2010. Conservation Agriculture and Sustainable Crop Intensification. Integrated Crop Management. Vol. 10. Plant Production and Protection Division, FAO, Rome. Thornton, P.K., P.G. Jones, T. Owiyo, R.L. Kruska, M. Herrero, V. Orindi, S. Bhadwal, P. Kristjanson, A. Notenbaert, N. Bekele and A. Omolo. 2008. “Climate change and poverty in Africa: Mapping hotspots of vulnerability”, AfJARE, Vol 2 No 1 March. UN 2009. State of World Population 2009, Facing a Changing World: Women, Population and Climate; UNFPA, New York, NY. UNEP. 2009. Annual Report, United Nations Environment Programme. UNFCCC. Challenges and opportunities for mitigation in the agricultural sector, in Technical paper: FCCC/TP/2008/8. 2008. World Bank. 2008. World Development Report 2008, Agriculture for Development, The World Bank, Washington, D.C. World Bank. 2009. Review of 10 years experiences with CDM projects.",FAO,http://www.fao.org/docrep/013/i1881e/i1881e00.pdf,pdf,24,973
Climate-Smart Agricu_210,Climate Adaptation,Climate-Smart Agriculture,"Washington, D.C. World Bank. 2009. Review of 10 years experiences with CDM projects. World Bank. 2009. World Development Report 2010, Development and Climate Change, The World Bank, Washington, D.C. World Bank. 2010. Potential of agroforestry to contribute to poverty alleviation to economic growth and to protection of environmental services in the countries of the Southern and Eastern Africa regions. A discussion Paper. April 2010. Zomer, R.J., Trabucco, A., Coe, R. and Place, F. 2009. Trees on Farm: Analys is of Global Extent and Geographical Patterns of Agroforestry. ICRAF Working Paper no. 89. Nairobi, Kenya: World Agroforestry Centre.",FAO,http://www.fao.org/docrep/013/i1881e/i1881e00.pdf,pdf,24,646
Climate-Smart Agricu_211,Climate Adaptation,Climate-Smart Agriculture,36 Acronyms AAU Assigned Amount Unit ADPC Asian Disaster Preparedness Center ARD Agricultural Research and Development AWD Alternate Wetting and Drying BIIS Bohol Integrated Irrigation System BMG National Agency for Meteo rology and Geophysics CA Conservation Agriculture CAADP Comprehensive African Agricul tural Development Programme CATIE Tropical Agriculture Research and Higher Education Centre CDM Clean Development Mechanism CDH Horticultural Development Centre CERF Central Emergency Response Fund CFS Climate Field School CGE Computable General Equilibrium CIPAV Centre for research on sustaina ble agricultural production systems CM Crop Monitoring CSD Commission on Sustainable Development DAC Development Assistance Committee ECMWF European Centre for Mediu m-Range Weather Forecasts FADO Farm Adaptive Dynamic Optimization FAO Food and Agriculture Organization of the United Nations FFS Farmer Field Schools,FAO,http://www.fao.org/docrep/013/i1881e/i1881e00.pdf,pdf,24,920
Climate-Smart Agricu_212,Climate Adaptation,Climate-Smart Agriculture,FADO Farm Adaptive Dynamic Optimization FAO Food and Agriculture Organization of the United Nations FFS Farmer Field Schools FONAFIFO Costa Rican Forestry Fund GAFSP Global Agriculture and Food Security Programme GCM Global Climate Model GEF Global Environmental Facility GFRP Global Food Crisis Response Programme GHG Greenhouse Gas GNP Gross National Product HLPE High Level Panel of Experts for food security and nutrition ICCTF Indonesian Climate Change Trust Fund ICTA Instituto de Ciencia y Tecnología Agrícolas IIED International Institute for Environment and Development IPCC Intergovernmental Panel on Climate Change IPM Integrated pest management IRLCO International Red Locust Control Organization IRRI International Rice Research Institute,FAO,http://www.fao.org/docrep/013/i1881e/i1881e00.pdf,pdf,24,751
Climate-Smart Agricu_213,Climate Adaptation,Climate-Smart Agriculture,"37 ISRA Senegalese Institute of Agricultural Research LADA Land Degradation Assessment in Drylands LDC Least Developed Country LIFE Low Impact Fuel Efficient LULUCF Land Use, Land Use Change and Forestry MPE Multi-censor Precipitation Estimate MRV M e a s u r e m e n t , R e p o r t i ng and Verification NAMA Nationally Appropriat e Mitigation Actions NAPA National Adaptation Programmes of Action NGO Non-Governmental Organization NIA National Irrigation Administration ODA Official Development Assistance OIE World Organisation for Animal Health PES Payment for Environmental Service PHL Post Harvest Losses PRSP Poverty Reduction Strategy Paper PSNP Productive Safety Net Programme QDS Quality Declared Seed REDD Reducing Emissions from Deforestation and Forest Degradation RFE Rain Fall Estimate RVF Rift Valley Fever SEI Stockholm Environment Institute SRI Sustainable Rice Intensification UDP Urea Deep Placement",FAO,http://www.fao.org/docrep/013/i1881e/i1881e00.pdf,pdf,24,920
Climate-Smart Agricu_214,Climate Adaptation,Climate-Smart Agriculture,RVF Rift Valley Fever SEI Stockholm Environment Institute SRI Sustainable Rice Intensification UDP Urea Deep Placement UNFCCC United Nations Framework C onvention on Climate Change UPA Urban and Peri-urban Agriculture UPH Urban and Peri-urban Horticulture VACVINA Vietnamese Gardeners’ Association WDR World Development Report,FAO,http://www.fao.org/docrep/013/i1881e/i1881e00.pdf,pdf,24,326
Climate-Smart Agricu_215,Climate Adaptation,Climate-Smart Agriculture,"38 Annex I: Methods and Tools The following annex provides a number of useful methods and too ls developed by FAO and its partners for undertaking various assessme nts and monitoring which provid e s f u n d a m e n t a l i n f o r m a t i o n f o r informed planning of climate change adaptation practices. Weather based indices for crop insurance FAO tools help to derive an effective weather-based crop yield index for crop insurance. The approach proposes to compute a crop specific water balance to derive value-added crop-weather variables that c a n b e c o m b i n e d w i t h o t h e r d a t a (e.g. remote sensing inputs, farm inputs such as fertilizer use). The methodology uses gridded information that is not too sensitive to individual missing stations, provided sufficient data points are availa b l e . T h e m e t h o d o l o g y h a s d e m o nstrated the possibility of producing",FAO,http://www.fao.org/docrep/013/i1881e/i1881e00.pdf,pdf,24,898
Climate-Smart Agricu_216,Climate Adaptation,Climate-Smart Agriculture,"sufficient data points are availa b l e . T h e m e t h o d o l o g y h a s d e m o nstrated the possibility of producing weather based maize yield index for crop insurance for any point in Malawi every ten days starting from p l a n t i n g t i m e . R e a l - t i m e m a i z e y i e l d i n d i c e s c o v e r i n g t h e w h o l e c o u n t r y c a n b e o b j e c t i v e l y p r o d u c e d . The maize yield index satisfies all the desirable criteria for maize crop insurance in Malawi. First estimates of Index can be provided at planting time and updated in real time throughout the season. More specific products for crop insurance can be prepared using criteria provided by insurance experts, and the methodology can easily be extended to other crops. Details at: www.fao.org/nr/climpag/aw_2_en.asp Crop monitoring and yield forecasting for early warning systems",FAO,http://www.fao.org/docrep/013/i1881e/i1881e00.pdf,pdf,24,874
Climate-Smart Agricu_217,Climate Adaptation,Climate-Smart Agriculture,"Details at: www.fao.org/nr/climpag/aw_2_en.asp Crop monitoring and yield forecasting for early warning systems The “CM Box” (Crop Monitoring Bo x) is a toolbox for agrometeorological crop monitoring and yield f o r e c a st ing . It is a n a ut o ma t e d s o f t ware s uit e wit h a “v is ua l me nu” t ha t o f f e r s e as y a cc e ss t o d a ta ba s e t h a t h o l d s a l l t h e d a t a n e e d e d t o a n a l y s e t h e i m p a c t o f w e a t h e r o n c r o p s . T h e t o o l i s u s e f u l f o r r i s k analysis, monitoring and forecasting crop production, which is a n e s s e n t i a l i n p u t t o f o o d s e c u r i t y planning. The tool can compare maps of current yield expectatio n s w i t h h i s t o r i c a l a v e r a g e c o n d i t i o n s . The CM Box is meant to offer an e asy solution to rapidly settin g up an operational crop monitoring and",FAO,http://www.fao.org/docrep/013/i1881e/i1881e00.pdf,pdf,24,880
Climate-Smart Agricu_218,Climate Adaptation,Climate-Smart Agriculture,"The CM Box is meant to offer an e asy solution to rapidly settin g up an operational crop monitoring and forecasting system. In the initial phase, reference data as wel l as real-time satellite and weather data can be provided by FAO based on international sources, but over the period, more and more national data can be used. Interested countries receive a combination of trai ning, hardware, software customized for local use, as well as the real-time data required to operate th e sy s t e m in- c o unt r y . The p a cka g e ca n be tailored to suit the countries’ specific requirements, based on national preferences as well as available expertise, methods and data. Details at: www.fao.org/nr/climpag/aw_6_en.asp or www.foodsec.org/tools_cw_01.htm Climate Change Impact Assessment Toolbox FAO is developing an integrated methodology (toolbox) to asses climate change impacts on agriculture.",FAO,http://www.fao.org/docrep/013/i1881e/i1881e00.pdf,pdf,24,897
Climate-Smart Agricu_219,Climate Adaptation,Climate-Smart Agriculture,"Climate Change Impact Assessment Toolbox FAO is developing an integrated methodology (toolbox) to asses climate change impacts on agriculture. The methodology comprises four m ain software components: a down scaling method for processing Global Climate Model (GCM) output data, a hydrological model fo r irrigation water resources estimation, a crop growth model to estimate crop yields and a Computable Ge neral Equilibrium (CGE) Model to s i m u l a t e t h e e f f e c t o f c h a n g i n g a g r i c u l t u r a l y i e l d s o n n a t i o n a l economies. The integrated toolbox for country wide implementation will be available together with use r manual, tutorials and sample data in 2011 and validation will be carried out in two countries in Afr ica. The methodology is based on a study conducted by FAO, together with the World Bank and Morocco national institutions, to assess the impact",FAO,http://www.fao.org/docrep/013/i1881e/i1881e00.pdf,pdf,24,898
Climate-Smart Agricu_220,Climate Adaptation,Climate-Smart Agriculture,"conducted by FAO, together with the World Bank and Morocco national institutions, to assess the impact of climate change on Moroccan agriculture. The study covers fif ty crops, major agroecological zones, and c l i m a t e c h a n g e s c e n a r i o s . F o r c o m p l e t e d o c u m e n t v i s i t : . www.fao.org/nr/climpag/pub/FAO_WorldBank_Study_CC_Morocco_2008.pdf",FAO,http://www.fao.org/docrep/013/i1881e/i1881e00.pdf,pdf,24,373
Climate-Smart Agricu_221,Climate Adaptation,Climate-Smart Agriculture,"39 Local Climate Estimate Tool The Local Climate Estimate Tool (New_locClim), is a software pr ogram and database, provides estimates of average climatic conditions at any location on earth based o n the FAOCLIM database. The programme can create climatic maps, extrac t data in various formats from the database for further processing and can display graphs showing the annual cycle of monthly climate and the crop calendar. The tool provides growing season characteristics based on a comparison of rainfal l and potential evapotranspiration and estimates of monthly, 10-day and daily values of common climate variables. The programme includes the current updated version of the FAOCLIM database of almost 30 00 0 stations worldwide, but users can also process their own data and prepare maps at any spatial res olution. Computer application programs (in Microsoft Excel) are included in the CD-ROM to help simplify complex calculations.",FAO,http://www.fao.org/docrep/013/i1881e/i1881e00.pdf,pdf,24,938
Climate-Smart Agricu_222,Climate Adaptation,Climate-Smart Agriculture,"(in Microsoft Excel) are included in the CD-ROM to help simplify complex calculations. Access and download the tool at: www.fao.org/nr/climpag/data_5_en.asp Farm Adaptive Dynamic Optimization (FADO) Farm Adaptive Dynamic Optimizatio n (FADO) refers to a combinati on of methodology that helps to identify, analyze and prioritize the climate related vulnerabil ities and risks and optimize the adaptation practices to effectively respond t o climate variability and change. The approach combines the historical climate data and modern data transmission and information sources for real-time analysis of impacts. It provides opportunities to generate viable options for farm deci sion making to manage the risks and o p p o r t u n i t i e s a t t h e f a r m l e v e l . T h e f o u r m a j o r c o m p o n e n t s o f the FADO methodology are: exploring knowledge on local situation of farmers’ decision problems, analysing the vulnerability and climate risks",FAO,http://www.fao.org/docrep/013/i1881e/i1881e00.pdf,pdf,24,959
Climate-Smart Agricu_223,Climate Adaptation,Climate-Smart Agriculture,"knowledge on local situation of farmers’ decision problems, analysing the vulnerability and climate risks to optimize the management optio ns, decide appropriate adaptation practices relevant to local situation a n d f a c i l i t a t e l o c a l a c t i o n b y c o m m u n i c a t i n g c l i m a t e i n f o r m a t i on and suitable adaptation practices to farmers. Additional information as: www.fao.org/nr/climpag/aw_5_en.asp FAO-Rain Fall Estimate Routine F A O R a i n F a l l E s t i m a t e ( F A O - R F E ) f o r A f r i c a i s a n e w i n d e p e n d e nt method to estimate the rainfall amount, particularly, for certain regions where the coverage of the weather stations is scarce. FAO RFE is based on the Meteosat Second Generation IR channel combined wit h data coming from ECMWF global forecast model and EUMETSAT MPE. A local calibration is perform ed using the ground gauges, directly",FAO,http://www.fao.org/docrep/013/i1881e/i1881e00.pdf,pdf,24,905
Climate-Smart Agricu_224,Climate Adaptation,Climate-Smart Agriculture,"forecast model and EUMETSAT MPE. A local calibration is perform ed using the ground gauges, directly received as SYNOP messages and after a data validation. FAO-RFE offers 10-day and monthly rainfall t o t a l s f o r w h o l e o f A f r i c a a n d f o r f o u r r e g i o n s . T h e i m p o r t a n c e o f t h e F A O - R F E i s t h a t i t c a n b e implemented at national level to improve rainfall estimate provided by National Meteorological Services. FAO is now supporting the transfer of the methodology to Sudan Meteorological Authority. Additional information as: http://geonetwork3.fao.org/climpag/FAO-RFE.php CLIMPAG C L I M P A G ( C l i m a t e i m p a c t o n a g r i c u l t u r e ) i s a w e b p o r t a l b r i n g i ng together the various aspects and interactions between weather, climate and agriculture in the co ntext of food security. CLIMPAG contains",FAO,http://www.fao.org/docrep/013/i1881e/i1881e00.pdf,pdf,24,878
Climate-Smart Agricu_225,Climate Adaptation,Climate-Smart Agriculture,"interactions between weather, climate and agriculture in the co ntext of food security. CLIMPAG contains data, maps, methodologies and tools for better understanding an d analysis of the effect of the variability of weather and climate on agricul ture. The web portal covers si x major thematic areas: advice and warnings, climate chan ge, climate indicators, data and maps, ho t s p o t s a n d n a t u r a l d i s a s t e r s . U s e r f r i e n d l y d r o p - d o w n m e n u p r o v i d e s a c c e s s t o a l l p u b l i c a t i o n s , t ools and methods relevant to all the thematic areas. The portal can be accessed at: www.fao.org/nr/climpag/",FAO,http://www.fao.org/docrep/013/i1881e/i1881e00.pdf,pdf,24,653
Climate-Smart Agricu_226,Climate Adaptation,Climate-Smart Agriculture,"40 Emergency Prevention System for Transb oundary Animal and Plant Pests and Diseases (EMPRES) Protection against animal and plant diseases, pests and food sa fety threats and preventing their spread i s o n e o f t h e k e y s t o f i g h t i n g h u n g e r , m a l n u t r i t i o n a n d p o v e r t y. The Emergency Prevention Systems ( E M P R E S ) h a s t h e m a n d a t e t o a d d r e s s p r e v e n t i o n a n d e a r l y w a r n i ng across the entire food chain. Its mission is to promote the effective containment and control of the most serious epidemic pests, diseases and food safety threats through international cooperation invol ving early warning, early reaction, enabling research, and coordination. This is done through the following systems:  EMPRES Animal Health: animal diseases, including aquatic animal diseases  EMPRES Plant Protection: plant pests and diseases including des ert locust and forest plant pests and diseases",FAO,http://www.fao.org/docrep/013/i1881e/i1881e00.pdf,pdf,24,956
Climate-Smart Agricu_227,Climate Adaptation,Climate-Smart Agriculture," EMPRES Plant Protection: plant pests and diseases including des ert locust and forest plant pests and diseases  EMPRES Food Safety The portal can be accessed at: www.fao.org/foodchain/prevention-and-early-warning/en/ Disaster Risk Reduction (DRR) programme FAO launched a programme in 2003 focusing on the role of local institutions in disaster risk reduction (DRR). It addresses DRR as an integral part of sustainable development, while applying an agricultural perspective as entry point. The programme assists countries in their efforts towards better planned, long-term disaster risk preventi on and preparedness strategies, which address the root causes of vulnerability of local stakeholders to natural hazards in a demand responsive and sustainable way. The portal can be accessed at: www.fao.org/emergencies/current-focus/institutions-for-disaster-risk-management/en/ EX-ACT",FAO,http://www.fao.org/docrep/013/i1881e/i1881e00.pdf,pdf,24,885
Climate-Smart Agricu_228,Climate Adaptation,Climate-Smart Agriculture,"The portal can be accessed at: www.fao.org/emergencies/current-focus/institutions-for-disaster-risk-management/en/ EX-ACT E X - A C T i s a l a n d - b a s e d a c c o u n t i n g s y s t e m , m e a s u r i n g C s t o c k s a nd stock changes per unit of land, expressed in tCO 2e/ha and year. This ex-ante C-balance appraisal will guide the project design process a n d t h e d e c i s i o n m a k i n g o n f u n d i n g a s p e c t s , c o m p l e m e n t i n g t h e usual ex-ante economic analysis of inv e s t me nt s p r o je c t s . EX -A C T wil l in f a c t he lp p r o je c t d e s ig ners to select project activities with higher benefits both in economic and climate change mitigation terms a nd its output could be used in financial a n d e c o n o m i c a n a l y s i s o f t h e p r o j e c t s . I t i s a n e a s y t o o l t o b e u s e d i n t h e c o n t e x t o f e x - a n t e",FAO,http://www.fao.org/docrep/013/i1881e/i1881e00.pdf,pdf,24,900
Climate-Smart Agricu_229,Climate Adaptation,Climate-Smart Agriculture,"project/program formulation, it is cost effective, it requires a minimum amount of data, and it has resources (tables, maps) which can help finding the information required to run the model. Also, EX-ACT works at project level but it can easily be up-scaled at programme/sector level. The portal can be accessed at: www.fao.org/docs/up/easypol/768/ex-act_flyer-nov09.pdf MASSCOTE MASSCOTE is a step-wise procedure for auditing performance of i rrigation management, analyzing and evaluating the different elements of an irrigation system in or der to develop a modernization plan. The modernization plan consists of p hysical, institutional, and man a g e r i a l i n n o v a t i o n s t o i m p r o v e w a t e r delivery services to all users and cost effectiveness of operat ion and management. Masscote is founded on a rigorous on site approach of the physical water infrastructure (canals and networks) and introduces service oriented management as a normal practice.",FAO,http://www.fao.org/docrep/013/i1881e/i1881e00.pdf,pdf,24,972
Climate-Smart Agricu_230,Climate Adaptation,Climate-Smart Agriculture,service oriented management as a normal practice. Additional information at: www.fao.org/nr/water/topics_irrig_masscote.html,FAO,http://www.fao.org/docrep/013/i1881e/i1881e00.pdf,pdf,24,124
Climate-Smart Agricu_231,Climate Adaptation,Climate-Smart Agriculture,"41 AquaCrop AquaCrop is the FAO crop-model to simulate yield response to wa ter of several herbaceous crops. It is designed to balance simplicity, accuracy and robustness, and is particularly suited to address conditions where water is a key limiting factor in crop production. AquaCr op is a companion tool for a wide range of users and applications including yield prediction under clim ate change scenarios. AquaCrop is mainly intended for practitioners such as those working for extension services, governmental agencies, NGOs, and various kinds of farmers associations. It is also of intere st to scientists and for teaching purposes, as a training and education tool related to the role of water in determining crop productivity. Additional information at: www.fao.org/nr/water/aquacrop.html TECA T E C A i s a n F A O i n i t i a t i v e t h a t a i m s a t i m p r o v i n g a c c e s s t o i n f ormation and knowledge sharing about",FAO,http://www.fao.org/docrep/013/i1881e/i1881e00.pdf,pdf,24,941
Climate-Smart Agricu_232,Climate Adaptation,Climate-Smart Agriculture,"p r o v e n t e c hno lo g ie s in o r d e r t o e nha nc e t he ir a d o pt io n i n a g r iculture, livestock, fisheries and forestry t h u s a d d r e s s i n g f o o d s e c u r i t y , c l i m a t e c h a n g e , p o v e r t y a l l e v i a tion and sustainable development. TECA also provides web-based communica tion tools to better document, share good practices and customize its use to each user’s characteristics. It is interactive, and has a great potential to improve linkages among extension staff, researchers, farmer organizations and other stakeholders involved in agricultural innovation. Additional information at: www.fao.org/teca FAO Best Practices Portal The FAO Best Practices Web site provides a series of summaries that introduce some best practices in FAO's areas of expertise. It also provides links to further res ources with supporting technical",FAO,http://www.fao.org/docrep/013/i1881e/i1881e00.pdf,pdf,24,874
Climate-Smart Agricu_233,Climate Adaptation,Climate-Smart Agriculture,"FAO's areas of expertise. It also provides links to further res ources with supporting technical information. The practices have been divided by theme. They have been adopted successfully in more than one region and are interdisciplinary, reflecting the complex nature of the problems addressed. FAO Best Practices Portal: www.fao.org/bestpractices/index_en.htm WOCAT The World Overview of Conservation Approaches and Technologies (WOCAT) is an established global network of Soil and Water Conservation (SWC) specialists, contributing to sustainable land management (SLM). WOCAT’s goal is to prevent and reduce land degradation t hrough SLM technologies and their implementation approaches. The network provides tools that allow SLM specialists to identify fields and needs of action, share their valuable knowledge in land managem ent, that assist them in their search for appropriate SLM technologies and approaches, and that support t hem in making decisions in the field",FAO,http://www.fao.org/docrep/013/i1881e/i1881e00.pdf,pdf,24,974
Climate-Smart Agricu_234,Climate Adaptation,Climate-Smart Agriculture,"appropriate SLM technologies and approaches, and that support t hem in making decisions in the field and at the planning level and in up-scaling identified best practices. Additional information at: www.wocat.org",FAO,http://www.fao.org/docrep/013/i1881e/i1881e00.pdf,pdf,24,212
Climate-Smart Agricu_235,Climate Adaptation,Climate-Smart Agriculture,"Food and Agriculture Organization of the United Nations (FAO) Viale delle Terme di Caracalla 00153 Rome, Italy www.fao.org/climatechange climate-change@fao.org Food and Agriculture Organization of the United Nations (FAO) Viale delle Terme di Caracalla 00153 Rome, Italy www.fao.org/climatechange climate-change@fao.org",FAO,http://www.fao.org/docrep/013/i1881e/i1881e00.pdf,pdf,24,319
