country,latitude,longitude,crop,planting_start_day,planting_end_day,harvest_start_day,harvest_end_day,planting_start_month,planting_end_month,harvest_start_month,harvest_end_month
India,30.75000127156576,77.25001271565755,Barley,92,147,197,224,4,5,7,8
India,30.75000127156576,77.75001271565755,Barley,246,280,8,63,9,10,1,3
India,31.25000127156576,77.75001271565755,Barley,246,280,8,63,9,10,1,3
India,31.25000127156576,78.25001271565755,Barley,92,147,197,224,4,5,7,8
India,31.25000127156576,78.75001271565755,Barley,92,147,197,224,4,5,7,8
India,31.75000127156576,78.25001271565755,Barley,92,147,197,224,4,5,7,8
India,24.25000063578288,68.75001271565755,Barley Winter,283,324,70,120,10,11,3,4
India,24.25000063578288,69.25001271565755,Barley Winter,283,324,70,120,10,11,3,4
India,25.75000063578288,70.25001271565755,Barley Winter,283,324,70,120,10,11,3,4
India,34.75000127156576,74.25001271565755,Barley Winter,283,324,70,120,10,11,3,4
India,34.75000127156576,76.75001271565755,Barley Winter,283,324,70,120,10,11,3,4
India,8.25000031789144,77.75001271565755,Cotton,15,84,148,224,1,3,5,8
India,8.75000031789144,77.25001271565755,Cotton,15,84,148,224,1,3,5,8
India,8.75000031789144,77.75001271565755,Cotton,260,287,22,70,9,10,1,3
India,9.25000031789144,77.75001271565755,Cotton,246,273,344,49,9,9,12,2
India,9.25000031789144,78.25001271565755,Cotton,211,287,323,63,7,10,11,3
India,9.25000031789144,78.75001271565755,Cotton,211,287,323,63,7,10,11,3
India,9.75000031789144,77.25001271565755,Cotton,211,287,323,63,7,10,11,3
India,9.75000031789144,77.75001271565755,Cotton,211,287,323,63,7,10,11,3
India,9.75000031789144,78.25001271565755,Cotton,211,287,323,63,7,10,11,3
India,10.25000031789144,77.25001271565755,Cotton,225,287,344,63,8,10,12,3
India,10.25000031789144,77.75001271565755,Cotton,225,287,344,63,8,10,12,3
India,10.25000031789144,78.25001271565755,Cotton,225,287,344,63,8,10,12,3
India,10.75000031789144,76.75001271565755,Cotton,225,287,344,63,8,10,12,3
India,10.75000031789144,77.25001271565755,Cotton,225,287,344,63,8,10,12,3
India,10.75000031789144,77.75001271565755,Cotton,211,273,358,49,7,9,12,2
India,11.25000031789144,77.25001271565755,Cotton,211,273,358,49,7,9,12,2
India,11.25000031789144,77.75001271565755,Cotton,211,273,358,49,7,9,12,2
India,11.750000635782875,78.75001271565755,Cotton,344,49,120,189,12,2,4,7
India,11.750000635782875,79.25001271565755,Cotton,344,49,120,189,12,2,4,7
India,11.750000635782875,79.75001271565755,Cotton,344,49,120,189,12,2,4,7
India,12.250000635782875,79.75001271565755,Cotton,344,49,120,189,12,2,4,7
India,14.250000635782875,79.75001271565755,Cotton,43,91,197,238,2,3,7,8
India,14.750000635782875,75.75001271565755,Cotton,155,196,1,42,6,7,1,2
India,14.750000635782875,76.25001271565755,Cotton,155,196,1,42,6,7,1,2
India,14.750000635782875,79.25001271565755,Cotton,43,91,197,238,2,3,7,8
India,14.750000635782875,79.75001271565755,Cotton,43,91,197,238,2,3,7,8
India,15.250000635782875,76.75001271565755,Cotton,155,196,1,42,6,7,1,2
India,15.250000635782875,77.25001271565755,Cotton,183,238,15,63,7,8,1,3
India,15.250000635782875,77.75001271565755,Cotton,183,238,15,63,7,8,1,3
India,15.250000635782875,78.25001271565755,Cotton,183,238,15,63,7,8,1,3
India,15.250000635782875,78.75001271565755,Cotton,183,238,15,63,7,8,1,3
India,15.250000635782875,79.25001271565755,Cotton,155,224,316,28,6,8,11,1
India,15.250000635782875,79.75001271565755,Cotton,155,224,316,28,6,8,11,1
India,15.750000635782875,74.75001271565755,Cotton,155,196,309,364,6,7,11,12
India,15.750000635782875,75.25001271565755,Cotton,155,196,309,364,6,7,11,12
India,15.750000635782875,77.25001271565755,Cotton,183,238,15,63,7,8,1,3
India,15.750000635782875,77.75001271565755,Cotton,183,238,15,63,7,8,1,3
India,15.750000635782875,78.25001271565755,Cotton,183,238,15,63,7,8,1,3
India,15.750000635782875,78.75001271565755,Cotton,183,238,15,63,7,8,1,3
India,15.750000635782875,79.25001271565755,Cotton,155,224,316,28,6,8,11,1
India,15.750000635782875,79.75001271565755,Cotton,155,224,316,28,6,8,11,1
India,15.750000635782875,80.25001271565755,Cotton,155,224,316,28,6,8,11,1
India,16.25000063578288,74.75001271565755,Cotton,155,196,309,364,6,7,11,12
India,16.25000063578288,79.25001271565755,Cotton,155,224,316,28,6,8,11,1
India,16.25000063578288,79.75001271565755,Cotton,155,224,316,28,6,8,11,1
India,16.25000063578288,80.25001271565755,Cotton,155,224,316,28,6,8,11,1
India,16.25000063578288,80.75001271565755,Cotton,155,224,316,28,6,8,11,1
India,16.75000063578288,80.25001271565755,Cotton,155,224,316,28,6,8,11,1
India,16.75000063578288,80.75001271565755,Cotton,155,224,316,28,6,8,11,1
India,18.75000063578288,77.25001271565755,Cotton,162,196,323,7,6,7,11,1
India,18.75000063578288,77.75001271565755,Cotton,162,196,323,7,6,7,11,1
India,19.25000063578288,76.25001271565755,Cotton,155,203,309,14,6,7,11,1
India,19.25000063578288,76.75001271565755,Cotton,155,203,309,14,6,7,11,1
India,19.25000063578288,77.25001271565755,Cotton,155,203,309,14,6,7,11,1
India,19.25000063578288,77.75001271565755,Cotton,162,196,323,7,6,7,11,1
India,19.75000063578288,75.25001271565755,Cotton,155,203,309,14,6,7,11,1
India,19.75000063578288,75.75001271565755,Cotton,155,203,309,14,6,7,11,1
India,19.75000063578288,76.25001271565755,Cotton,155,203,309,14,6,7,11,1
India,19.75000063578288,76.75001271565755,Cotton,155,203,309,14,6,7,11,1
India,19.75000063578288,77.25001271565755,Cotton,155,203,309,14,6,7,11,1
India,19.75000063578288,77.75001271565755,Cotton,162,196,323,7,6,7,11,1
India,19.75000063578288,78.25001271565755,Cotton,162,196,323,7,6,7,11,1
India,19.75000063578288,78.75001271565755,Cotton,162,196,323,7,6,7,11,1
India,20.25000063578288,75.25001271565755,Cotton,155,203,309,14,6,7,11,1
India,20.25000063578288,75.75001271565755,Cotton,155,203,309,14,6,7,11,1
India,20.25000063578288,76.25001271565755,Cotton,134,182,295,343,5,6,10,12
India,20.25000063578288,77.25001271565755,Cotton,162,196,323,7,6,7,11,1
India,20.25000063578288,77.75001271565755,Cotton,162,196,323,7,6,7,11,1
India,20.25000063578288,78.25001271565755,Cotton,162,196,323,7,6,7,11,1
India,20.25000063578288,78.75001271565755,Cotton,162,196,323,7,6,7,11,1
India,20.75000063578288,74.75001271565755,Cotton,134,182,295,343,5,6,10,12
India,20.75000063578288,75.25001271565755,Cotton,134,182,295,343,5,6,10,12
India,20.75000063578288,75.75001271565755,Cotton,134,182,295,343,5,6,10,12
India,20.75000063578288,76.25001271565755,Cotton,134,182,295,343,5,6,10,12
India,20.75000063578288,76.75001271565755,Cotton,134,182,295,343,5,6,10,12
India,20.75000063578288,77.25001271565755,Cotton,162,196,323,7,6,7,11,1
India,20.75000063578288,77.75001271565755,Cotton,120,189,288,42,4,7,10,2
India,20.75000063578288,78.25001271565755,Cotton,120,189,288,42,4,7,10,2
India,20.75000063578288,78.75001271565755,Cotton,120,189,288,42,4,7,10,2
India,20.75000063578288,79.25001271565755,Cotton,120,189,288,42,4,7,10,2
India,21.25000063578288,71.75001271565755,Cotton,148,189,323,28,5,7,11,1
India,21.25000063578288,74.25001271565755,Cotton,134,182,295,343,5,6,10,12
India,21.25000063578288,74.75001271565755,Cotton,134,182,295,343,5,6,10,12
India,21.25000063578288,75.25001271565755,Cotton,134,182,295,343,5,6,10,12
India,21.25000063578288,75.75001271565755,Cotton,134,182,295,343,5,6,10,12
India,21.25000063578288,76.75001271565755,Cotton,120,189,288,42,4,7,10,2
India,21.25000063578288,77.25001271565755,Cotton,120,189,288,42,4,7,10,2
India,21.25000063578288,77.75001271565755,Cotton,120,189,288,42,4,7,10,2
India,21.25000063578288,78.25001271565755,Cotton,120,189,288,42,4,7,10,2
India,21.25000063578288,78.75001271565755,Cotton,120,189,288,42,4,7,10,2
India,21.25000063578288,79.25001271565755,Cotton,120,189,288,42,4,7,10,2
India,21.75000063578288,70.75001271565755,Cotton,148,189,323,35,5,7,11,2
India,21.75000063578288,71.75001271565755,Cotton,148,189,323,28,5,7,11,1
India,21.75000063578288,72.75001271565755,Cotton,148,189,323,28,5,7,11,1
India,21.75000063578288,73.25001271565755,Cotton,148,189,323,28,5,7,11,1
India,21.75000063578288,73.75001271565755,Cotton,148,189,323,28,5,7,11,1
India,21.75000063578288,74.25001271565755,Cotton,134,182,295,343,5,6,10,12
India,22.25000063578288,70.75001271565755,Cotton,148,189,323,35,5,7,11,2
India,22.25000063578288,71.25001271565755,Cotton,148,189,323,35,5,7,11,2
India,22.25000063578288,71.75001271565755,Cotton,148,189,323,28,5,7,11,1
India,22.25000063578288,73.25001271565755,Cotton,148,189,323,28,5,7,11,1
India,22.25000063578288,73.75001271565755,Cotton,148,189,323,28,5,7,11,1
India,22.75000063578288,70.75001271565755,Cotton,148,189,323,35,5,7,11,2
India,22.75000063578288,71.25001271565755,Cotton,148,189,323,28,5,7,11,1
India,22.75000063578288,71.75001271565755,Cotton,148,189,323,28,5,7,11,1
India,24.25000063578288,68.75001271565755,Cotton,151,209,263,351,5,7,9,12
India,24.25000063578288,69.25001271565755,Cotton,151,209,263,351,5,7,9,12
India,24.25000063578288,78.75001271565755,Cotton,67,166,264,360,3,6,9,12
India,24.25000063578288,83.25001271565755,Cotton,67,166,264,360,3,6,9,12
India,24.75000063578288,78.25001271565755,Cotton,67,166,264,360,3,6,9,12
India,24.75000063578288,82.25001271565755,Cotton,67,166,264,360,3,6,9,12
India,24.75000063578288,82.75001271565755,Cotton,67,166,264,360,3,6,9,12
India,24.75000063578288,83.25001271565755,Cotton,67,166,264,360,3,6,9,12
India,25.25000063578288,79.25001271565755,Cotton,67,166,264,360,3,6,9,12
India,25.25000063578288,79.75001271565755,Cotton,67,166,264,360,3,6,9,12
India,25.25000063578288,80.25001271565755,Cotton,67,166,264,360,3,6,9,12
India,25.25000063578288,80.75001271565755,Cotton,67,166,264,360,3,6,9,12
India,25.25000063578288,81.25001271565755,Cotton,67,166,264,360,3,6,9,12
India,25.25000063578288,81.75001271565755,Cotton,67,166,264,360,3,6,9,12
India,25.25000063578288,82.25001271565755,Cotton,67,166,264,360,3,6,9,12
India,25.25000063578288,82.75001271565755,Cotton,67,166,264,360,3,6,9,12
India,25.25000063578288,83.25001271565755,Cotton,67,166,264,360,3,6,9,12
India,25.75000063578288,70.25001271565755,Cotton,151,209,263,351,5,7,9,12
India,25.75000063578288,79.25001271565755,Cotton,67,166,264,360,3,6,9,12
India,25.75000063578288,79.75001271565755,Cotton,67,166,264,360,3,6,9,12
India,25.75000063578288,80.25001271565755,Cotton,67,166,264,360,3,6,9,12
India,25.75000063578288,80.75001271565755,Cotton,67,166,264,360,3,6,9,12
India,25.75000063578288,81.25001271565755,Cotton,67,166,264,360,3,6,9,12
India,25.75000063578288,81.75001271565755,Cotton,67,166,264,360,3,6,9,12
India,25.75000063578288,82.25001271565755,Cotton,67,166,264,360,3,6,9,12
India,25.75000063578288,82.75001271565755,Cotton,67,166,264,360,3,6,9,12
India,25.75000063578288,83.25001271565755,Cotton,67,166,264,360,3,6,9,12
India,25.75000063578288,83.75001271565755,Cotton,67,166,264,360,3,6,9,12
India,25.75000063578288,84.25001271565755,Cotton,67,166,264,360,3,6,9,12
India,26.25000063578288,79.25001271565755,Cotton,67,166,264,360,3,6,9,12
India,26.25000063578288,79.75001271565755,Cotton,67,166,264,360,3,6,9,12
India,26.25000063578288,80.25001271565755,Cotton,67,166,264,360,3,6,9,12
India,26.25000063578288,80.75001271565755,Cotton,67,166,264,360,3,6,9,12
India,26.25000063578288,81.25001271565755,Cotton,67,166,264,360,3,6,9,12
India,26.25000063578288,81.75001271565755,Cotton,67,166,264,360,3,6,9,12
India,26.25000063578288,82.25001271565755,Cotton,67,166,264,360,3,6,9,12
India,26.25000063578288,82.75001271565755,Cotton,67,166,264,360,3,6,9,12
India,26.25000063578288,83.25001271565755,Cotton,67,166,264,360,3,6,9,12
India,26.25000063578288,83.75001271565755,Cotton,67,166,264,360,3,6,9,12
India,26.75000063578288,78.25001271565755,Cotton,67,166,264,360,3,6,9,12
India,26.75000063578288,78.75001271565755,Cotton,67,166,264,360,3,6,9,12
India,26.75000063578288,79.25001271565755,Cotton,67,166,264,360,3,6,9,12
India,26.75000063578288,79.75001271565755,Cotton,67,166,264,360,3,6,9,12
India,26.75000063578288,80.25001271565755,Cotton,67,166,264,360,3,6,9,12
India,26.75000063578288,80.75001271565755,Cotton,67,166,264,360,3,6,9,12
India,26.75000063578288,81.25001271565755,Cotton,67,166,264,360,3,6,9,12
India,26.75000063578288,81.75001271565755,Cotton,67,166,264,360,3,6,9,12
India,26.75000063578288,82.25001271565755,Cotton,67,166,264,360,3,6,9,12
India,26.75000063578288,82.75001271565755,Cotton,67,166,264,360,3,6,9,12
India,26.75000063578288,83.25001271565755,Cotton,67,166,264,360,3,6,9,12
India,26.75000063578288,83.75001271565755,Cotton,67,166,264,360,3,6,9,12
India,27.25000063578288,77.75001271565755,Cotton,67,166,264,360,3,6,9,12
India,27.25000063578288,78.25001271565755,Cotton,67,166,264,360,3,6,9,12
India,27.25000063578288,78.75001271565755,Cotton,67,166,264,360,3,6,9,12
India,27.25000063578288,79.25001271565755,Cotton,67,166,264,360,3,6,9,12
India,27.25000063578288,79.75001271565755,Cotton,67,166,264,360,3,6,9,12
India,27.25000063578288,80.25001271565755,Cotton,67,166,264,360,3,6,9,12
India,27.25000063578288,80.75001271565755,Cotton,67,166,264,360,3,6,9,12
India,27.25000063578288,81.25001271565755,Cotton,67,166,264,360,3,6,9,12
India,27.25000063578288,81.75001271565755,Cotton,67,166,264,360,3,6,9,12
India,27.25000063578288,82.25001271565755,Cotton,67,166,264,360,3,6,9,12
India,27.25000063578288,82.75001271565755,Cotton,67,166,264,360,3,6,9,12
India,27.25000063578288,83.25001271565755,Cotton,67,166,264,360,3,6,9,12
India,27.25000063578288,83.75001271565755,Cotton,67,166,264,360,3,6,9,12
India,27.75000127156576,77.25001271565755,Cotton,67,166,264,360,3,6,9,12
India,27.75000127156576,77.75001271565755,Cotton,67,166,264,360,3,6,9,12
India,27.75000127156576,78.25001271565755,Cotton,67,166,264,360,3,6,9,12
India,27.75000127156576,78.75001271565755,Cotton,67,166,264,360,3,6,9,12
India,27.75000127156576,79.25001271565755,Cotton,67,166,264,360,3,6,9,12
India,27.75000127156576,79.75001271565755,Cotton,67,166,264,360,3,6,9,12
India,27.75000127156576,80.25001271565755,Cotton,67,166,264,360,3,6,9,12
India,27.75000127156576,80.75001271565755,Cotton,67,166,264,360,3,6,9,12
India,27.75000127156576,81.25001271565755,Cotton,67,166,264,360,3,6,9,12
India,27.75000127156576,81.75001271565755,Cotton,67,166,264,360,3,6,9,12
India,27.75000127156576,82.25001271565755,Cotton,67,166,264,360,3,6,9,12
India,28.25000127156576,76.25001271565755,Cotton,67,166,264,360,3,6,9,12
India,28.25000127156576,76.75001271565755,Cotton,67,166,264,360,3,6,9,12
India,28.25000127156576,77.25001271565755,Cotton,67,166,264,360,3,6,9,12
India,28.25000127156576,77.75001271565755,Cotton,67,166,264,360,3,6,9,12
India,28.25000127156576,78.25001271565755,Cotton,67,166,264,360,3,6,9,12
India,28.25000127156576,78.75001271565755,Cotton,67,166,264,360,3,6,9,12
India,28.25000127156576,79.25001271565755,Cotton,67,166,264,360,3,6,9,12
India,28.25000127156576,79.75001271565755,Cotton,67,166,264,360,3,6,9,12
India,28.25000127156576,80.25001271565755,Cotton,67,166,264,360,3,6,9,12
India,28.25000127156576,80.75001271565755,Cotton,67,166,264,360,3,6,9,12
India,28.75000127156576,75.75001271565755,Cotton,67,166,264,360,3,6,9,12
India,28.75000127156576,76.25001271565755,Cotton,67,166,264,360,3,6,9,12
India,28.75000127156576,76.75001271565755,Cotton,67,166,264,360,3,6,9,12
India,28.75000127156576,77.25001271565755,Cotton,67,166,264,360,3,6,9,12
India,28.75000127156576,77.75001271565755,Cotton,67,166,264,360,3,6,9,12
India,28.75000127156576,78.25001271565755,Cotton,67,166,264,360,3,6,9,12
India,28.75000127156576,78.75001271565755,Cotton,67,166,264,360,3,6,9,12
India,28.75000127156576,79.25001271565755,Cotton,67,166,264,360,3,6,9,12
India,28.75000127156576,79.75001271565755,Cotton,67,166,264,360,3,6,9,12
India,29.25000127156576,75.25001271565755,Cotton,67,166,264,360,3,6,9,12
India,29.25000127156576,75.75001271565755,Cotton,67,166,264,360,3,6,9,12
India,29.25000127156576,76.25001271565755,Cotton,67,166,264,360,3,6,9,12
India,29.25000127156576,76.75001271565755,Cotton,67,166,264,360,3,6,9,12
India,29.25000127156576,77.25001271565755,Cotton,67,166,264,360,3,6,9,12
India,29.25000127156576,77.75001271565755,Cotton,67,166,264,360,3,6,9,12
India,29.25000127156576,78.25001271565755,Cotton,67,166,264,360,3,6,9,12
India,29.25000127156576,78.75001271565755,Cotton,67,166,264,360,3,6,9,12
India,29.25000127156576,79.25001271565755,Cotton,67,166,264,360,3,6,9,12
India,29.25000127156576,79.75001271565755,Cotton,67,166,264,360,3,6,9,12
India,29.75000127156576,74.75001271565755,Cotton,67,166,264,360,3,6,9,12
India,29.75000127156576,75.25001271565755,Cotton,67,166,264,360,3,6,9,12
India,29.75000127156576,75.75001271565755,Cotton,67,166,264,360,3,6,9,12
India,29.75000127156576,76.25001271565755,Cotton,67,166,264,360,3,6,9,12
India,29.75000127156576,76.75001271565755,Cotton,67,166,264,360,3,6,9,12
India,29.75000127156576,77.25001271565755,Cotton,67,166,264,360,3,6,9,12
India,29.75000127156576,77.75001271565755,Cotton,67,166,264,360,3,6,9,12
India,29.75000127156576,78.25001271565755,Cotton,67,166,264,360,3,6,9,12
India,29.75000127156576,78.75001271565755,Cotton,67,166,264,360,3,6,9,12
India,29.75000127156576,79.25001271565755,Cotton,67,166,264,360,3,6,9,12
India,29.75000127156576,79.75001271565755,Cotton,67,166,264,360,3,6,9,12
India,29.75000127156576,80.25001271565755,Cotton,67,166,264,360,3,6,9,12
India,30.25000127156576,74.25001271565755,Cotton,67,166,264,360,3,6,9,12
India,30.25000127156576,74.75001271565755,Cotton,67,166,264,360,3,6,9,12
India,30.25000127156576,75.25001271565755,Cotton,67,166,264,360,3,6,9,12
India,30.25000127156576,75.75001271565755,Cotton,67,166,264,360,3,6,9,12
India,30.25000127156576,76.25001271565755,Cotton,67,166,264,360,3,6,9,12
India,30.25000127156576,76.75001271565755,Cotton,67,166,264,360,3,6,9,12
India,30.25000127156576,77.25001271565755,Cotton,67,166,264,360,3,6,9,12
India,30.25000127156576,77.75001271565755,Cotton,67,166,264,360,3,6,9,12
India,30.25000127156576,78.25001271565755,Cotton,67,166,264,360,3,6,9,12
India,30.25000127156576,78.75001271565755,Cotton,67,166,264,360,3,6,9,12
India,30.25000127156576,79.25001271565755,Cotton,67,166,264,360,3,6,9,12
India,30.25000127156576,79.75001271565755,Cotton,67,166,264,360,3,6,9,12
India,30.25000127156576,80.25001271565755,Cotton,67,166,264,360,3,6,9,12
India,30.25000127156576,80.75001271565755,Cotton,67,166,264,360,3,6,9,12
India,30.75000127156576,74.25001271565755,Cotton,151,209,263,351,5,7,9,12
India,30.75000127156576,74.75001271565755,Cotton,67,166,264,360,3,6,9,12
India,30.75000127156576,75.25001271565755,Cotton,67,166,264,360,3,6,9,12
India,30.75000127156576,75.75001271565755,Cotton,67,166,264,360,3,6,9,12
India,30.75000127156576,76.25001271565755,Cotton,67,166,264,360,3,6,9,12
India,30.75000127156576,76.75001271565755,Cotton,67,166,264,360,3,6,9,12
India,30.75000127156576,77.25001271565755,Cotton,67,166,264,360,3,6,9,12
India,30.75000127156576,77.75001271565755,Cotton,67,166,264,360,3,6,9,12
India,30.75000127156576,78.25001271565755,Cotton,67,166,264,360,3,6,9,12
India,30.75000127156576,78.75001271565755,Cotton,67,166,264,360,3,6,9,12
India,30.75000127156576,79.25001271565755,Cotton,67,166,264,360,3,6,9,12
India,30.75000127156576,79.75001271565755,Cotton,67,166,264,360,3,6,9,12
India,31.25000127156576,74.75001271565755,Cotton,67,166,264,360,3,6,9,12
India,31.25000127156576,75.25001271565755,Cotton,67,166,264,360,3,6,9,12
India,31.25000127156576,75.75001271565755,Cotton,67,166,264,360,3,6,9,12
India,31.25000127156576,76.25001271565755,Cotton,67,166,264,360,3,6,9,12
India,31.25000127156576,76.75001271565755,Cotton,67,166,264,360,3,6,9,12
India,31.25000127156576,77.25001271565755,Cotton,67,166,264,360,3,6,9,12
India,31.25000127156576,77.75001271565755,Cotton,67,166,264,360,3,6,9,12
India,31.25000127156576,78.25001271565755,Cotton,67,166,264,360,3,6,9,12
India,31.25000127156576,78.75001271565755,Cotton,67,166,264,360,3,6,9,12
India,31.25000127156576,79.25001271565755,Cotton,89,136,242,303,3,5,8,10
India,31.75000127156576,74.75001271565755,Cotton,67,166,264,360,3,6,9,12
India,31.75000127156576,75.25001271565755,Cotton,67,166,264,360,3,6,9,12
India,31.75000127156576,75.75001271565755,Cotton,67,166,264,360,3,6,9,12
India,31.75000127156576,76.25001271565755,Cotton,67,166,264,360,3,6,9,12
India,31.75000127156576,76.75001271565755,Cotton,67,166,264,360,3,6,9,12
India,31.75000127156576,77.25001271565755,Cotton,67,166,264,360,3,6,9,12
India,31.75000127156576,77.75001271565755,Cotton,67,166,264,360,3,6,9,12
India,31.75000127156576,78.25001271565755,Cotton,67,166,264,360,3,6,9,12
India,32.25000127156576,75.75001271565755,Cotton,67,166,264,360,3,6,9,12
India,32.25000127156576,76.25001271565755,Cotton,67,166,264,360,3,6,9,12
India,32.25000127156576,76.75001271565755,Cotton,67,166,264,360,3,6,9,12
India,32.25000127156576,77.25001271565755,Cotton,67,166,264,360,3,6,9,12
India,32.25000127156576,77.75001271565755,Cotton,67,166,264,360,3,6,9,12
India,32.25000127156576,78.25001271565755,Cotton,67,166,264,360,3,6,9,12
India,32.75000127156576,74.75001271565755,Cotton,67,166,264,360,3,6,9,12
India,32.75000127156576,75.25001271565755,Cotton,67,166,264,360,3,6,9,12
India,32.75000127156576,75.75001271565755,Cotton,67,166,264,360,3,6,9,12
India,32.75000127156576,76.25001271565755,Cotton,67,166,264,360,3,6,9,12
India,32.75000127156576,76.75001271565755,Cotton,67,166,264,360,3,6,9,12
India,32.75000127156576,77.25001271565755,Cotton,67,166,264,360,3,6,9,12
India,32.75000127156576,77.75001271565755,Cotton,67,166,264,360,3,6,9,12
India,32.75000127156576,78.25001271565755,Cotton,67,166,264,360,3,6,9,12
India,32.75000127156576,78.75001271565755,Cotton,67,166,264,360,3,6,9,12
India,32.75000127156576,79.25001271565755,Cotton,67,166,264,360,3,6,9,12
India,33.25000127156576,74.25001271565755,Cotton,67,166,264,360,3,6,9,12
India,33.25000127156576,74.75001271565755,Cotton,67,166,264,360,3,6,9,12
India,33.25000127156576,75.25001271565755,Cotton,67,166,264,360,3,6,9,12
India,33.25000127156576,75.75001271565755,Cotton,67,166,264,360,3,6,9,12
India,33.25000127156576,76.25001271565755,Cotton,67,166,264,360,3,6,9,12
India,33.25000127156576,76.75001271565755,Cotton,67,166,264,360,3,6,9,12
India,33.25000127156576,77.25001271565755,Cotton,67,166,264,360,3,6,9,12
India,33.25000127156576,77.75001271565755,Cotton,67,166,264,360,3,6,9,12
India,33.25000127156576,78.25001271565755,Cotton,67,166,264,360,3,6,9,12
India,33.25000127156576,78.75001271565755,Cotton,67,166,264,360,3,6,9,12
India,33.25000127156576,79.25001271565755,Cotton,89,136,242,303,3,5,8,10
India,33.75000127156576,74.25001271565755,Cotton,67,166,264,360,3,6,9,12
India,33.75000127156576,74.75001271565755,Cotton,67,166,264,360,3,6,9,12
India,33.75000127156576,75.25001271565755,Cotton,67,166,264,360,3,6,9,12
India,33.75000127156576,75.75001271565755,Cotton,67,166,264,360,3,6,9,12
India,33.75000127156576,76.25001271565755,Cotton,67,166,264,360,3,6,9,12
India,33.75000127156576,76.75001271565755,Cotton,67,166,264,360,3,6,9,12
India,33.75000127156576,77.25001271565755,Cotton,67,166,264,360,3,6,9,12
India,33.75000127156576,77.75001271565755,Cotton,67,166,264,360,3,6,9,12
India,33.75000127156576,78.25001271565755,Cotton,67,166,264,360,3,6,9,12
India,33.75000127156576,78.75001271565755,Cotton,67,166,264,360,3,6,9,12
India,34.25000127156576,74.25001271565755,Cotton,67,166,264,360,3,6,9,12
India,34.25000127156576,74.75001271565755,Cotton,67,166,264,360,3,6,9,12
India,34.25000127156576,75.25001271565755,Cotton,67,166,264,360,3,6,9,12
India,34.25000127156576,75.75001271565755,Cotton,67,166,264,360,3,6,9,12
India,34.25000127156576,76.25001271565755,Cotton,67,166,264,360,3,6,9,12
India,34.25000127156576,76.75001271565755,Cotton,67,166,264,360,3,6,9,12
India,34.25000127156576,77.25001271565755,Cotton,67,166,264,360,3,6,9,12
India,34.25000127156576,77.75001271565755,Cotton,67,166,264,360,3,6,9,12
India,34.25000127156576,78.25001271565755,Cotton,67,166,264,360,3,6,9,12
India,34.25000127156576,78.75001271565755,Cotton,67,166,264,360,3,6,9,12
India,34.75000127156576,74.25001271565755,Cotton,67,166,264,360,3,6,9,12
India,34.75000127156576,76.75001271565755,Cotton,67,166,264,360,3,6,9,12
India,34.75000127156576,77.25001271565755,Cotton,67,166,264,360,3,6,9,12
India,34.75000127156576,77.75001271565755,Cotton,67,166,264,360,3,6,9,12
India,35.25000127156576,77.75001271565755,Cotton,67,166,264,360,3,6,9,12
India,9.25000031789144,78.75001271565755,Groundnuts,183,245,295,350,7,9,10,12
India,10.25000031789144,77.75001271565755,Groundnuts,155,189,253,294,6,7,9,10
India,11.750000635782875,76.75001271565755,Groundnuts,127,182,267,308,5,6,9,11
India,11.750000635782875,77.25001271565755,Groundnuts,127,182,267,308,5,6,9,11
India,12.250000635782875,76.25001271565755,Groundnuts,127,182,267,308,5,6,9,11
India,12.250000635782875,76.75001271565755,Groundnuts,127,182,267,308,5,6,9,11
India,12.750000635782875,79.75001271565755,Groundnuts,155,189,253,294,6,7,9,10
India,13.250000635782875,78.75001271565755,Groundnuts,176,224,288,336,6,8,10,12
India,13.250000635782875,79.25001271565755,Groundnuts,176,224,288,336,6,8,10,12
India,13.250000635782875,79.75001271565755,Groundnuts,176,224,288,336,6,8,10,12
India,13.250000635782875,80.25001271565755,Groundnuts,155,189,253,294,6,7,9,10
India,13.750000635782875,78.25001271565755,Groundnuts,176,224,288,336,6,8,10,12
India,13.750000635782875,78.75001271565755,Groundnuts,176,224,288,336,6,8,10,12
India,13.750000635782875,79.75001271565755,Groundnuts,176,224,288,336,6,8,10,12
India,14.250000635782875,77.25001271565755,Groundnuts,176,231,281,336,6,8,10,12
India,14.250000635782875,77.75001271565755,Groundnuts,176,231,281,336,6,8,10,12
India,14.250000635782875,78.25001271565755,Groundnuts,176,231,281,336,6,8,10,12
India,14.250000635782875,78.75001271565755,Groundnuts,176,231,281,336,6,8,10,12
India,14.250000635782875,79.25001271565755,Groundnuts,176,231,281,336,6,8,10,12
India,14.250000635782875,79.75001271565755,Groundnuts,176,224,288,336,6,8,10,12
India,14.750000635782875,75.25001271565755,Groundnuts,148,182,260,308,5,6,9,11
India,14.750000635782875,77.25001271565755,Groundnuts,176,231,281,336,6,8,10,12
India,14.750000635782875,77.75001271565755,Groundnuts,176,231,281,336,6,8,10,12
India,14.750000635782875,78.25001271565755,Groundnuts,176,231,281,336,6,8,10,12
India,14.750000635782875,78.75001271565755,Groundnuts,176,231,281,336,6,8,10,12
India,14.750000635782875,79.25001271565755,Groundnuts,176,224,288,336,6,8,10,12
India,14.750000635782875,79.75001271565755,Groundnuts,176,224,288,336,6,8,10,12
India,15.250000635782875,75.25001271565755,Groundnuts,148,182,260,308,5,6,9,11
India,15.250000635782875,75.75001271565755,Groundnuts,148,182,260,308,5,6,9,11
India,15.250000635782875,77.25001271565755,Groundnuts,176,231,281,336,6,8,10,12
India,15.250000635782875,77.75001271565755,Groundnuts,176,231,281,336,6,8,10,12
India,15.250000635782875,78.25001271565755,Groundnuts,176,231,281,336,6,8,10,12
India,15.250000635782875,78.75001271565755,Groundnuts,176,231,281,336,6,8,10,12
India,15.250000635782875,79.25001271565755,Groundnuts,176,224,288,336,6,8,10,12
India,15.250000635782875,79.75001271565755,Groundnuts,176,224,288,336,6,8,10,12
India,15.750000635782875,74.25001271565755,Groundnuts,148,182,260,308,5,6,9,11
India,15.750000635782875,74.75001271565755,Groundnuts,148,182,260,308,5,6,9,11
India,15.750000635782875,75.25001271565755,Groundnuts,148,182,260,308,5,6,9,11
India,15.750000635782875,75.75001271565755,Groundnuts,148,182,260,308,5,6,9,11
India,15.750000635782875,77.25001271565755,Groundnuts,176,231,281,336,6,8,10,12
India,15.750000635782875,77.75001271565755,Groundnuts,176,231,281,336,6,8,10,12
India,15.750000635782875,78.25001271565755,Groundnuts,176,231,281,336,6,8,10,12
India,15.750000635782875,78.75001271565755,Groundnuts,176,231,281,336,6,8,10,12
India,15.750000635782875,79.25001271565755,Groundnuts,176,224,288,336,6,8,10,12
India,15.750000635782875,79.75001271565755,Groundnuts,176,224,288,336,6,8,10,12
India,15.750000635782875,80.25001271565755,Groundnuts,176,224,288,336,6,8,10,12
India,16.25000063578288,74.25001271565755,Groundnuts,155,224,253,336,6,8,9,12
India,16.25000063578288,74.75001271565755,Groundnuts,148,182,260,308,5,6,9,11
India,16.25000063578288,80.75001271565755,Groundnuts,162,203,274,322,6,7,9,11
India,16.75000063578288,74.25001271565755,Groundnuts,155,224,253,336,6,8,9,12
India,16.75000063578288,74.75001271565755,Groundnuts,155,224,253,336,6,8,9,12
India,16.75000063578288,75.25001271565755,Groundnuts,148,182,260,308,5,6,9,11
India,16.75000063578288,76.75001271565755,Groundnuts,148,182,267,308,5,6,9,11
India,16.75000063578288,77.25001271565755,Groundnuts,148,182,267,308,5,6,9,11
India,16.75000063578288,80.25001271565755,Groundnuts,162,203,274,322,6,7,9,11
India,16.75000063578288,80.75001271565755,Groundnuts,162,203,274,322,6,7,9,11
India,17.25000063578288,73.75001271565755,Groundnuts,155,224,253,336,6,8,9,12
India,17.25000063578288,74.25001271565755,Groundnuts,155,224,253,336,6,8,9,12
India,17.25000063578288,74.75001271565755,Groundnuts,155,224,253,336,6,8,9,12
India,17.25000063578288,76.75001271565755,Groundnuts,148,182,267,308,5,6,9,11
India,17.25000063578288,77.25001271565755,Groundnuts,148,182,267,308,5,6,9,11
India,17.25000063578288,80.25001271565755,Groundnuts,162,203,274,322,6,7,9,11
India,17.25000063578288,80.75001271565755,Groundnuts,162,203,274,322,6,7,9,11
India,17.25000063578288,81.25001271565755,Groundnuts,162,203,274,322,6,7,9,11
India,17.75000063578288,73.75001271565755,Groundnuts,155,224,253,336,6,8,9,12
India,17.75000063578288,74.25001271565755,Groundnuts,155,224,253,336,6,8,9,12
India,17.75000063578288,74.75001271565755,Groundnuts,155,224,253,336,6,8,9,12
India,17.75000063578288,79.25001271565755,Groundnuts,162,203,274,322,6,7,9,11
India,17.75000063578288,79.75001271565755,Groundnuts,162,203,274,322,6,7,9,11
India,17.75000063578288,80.25001271565755,Groundnuts,162,203,274,322,6,7,9,11
India,17.75000063578288,80.75001271565755,Groundnuts,162,203,274,322,6,7,9,11
India,17.75000063578288,81.25001271565755,Groundnuts,162,203,274,322,6,7,9,11
India,17.75000063578288,82.25001271565755,Groundnuts,113,168,218,273,4,6,8,9
India,17.75000063578288,82.75001271565755,Groundnuts,113,168,218,273,4,6,8,9
India,17.75000063578288,83.25001271565755,Groundnuts,113,168,218,273,4,6,8,9
India,18.25000063578288,78.75001271565755,Groundnuts,162,203,274,322,6,7,9,11
India,18.25000063578288,79.25001271565755,Groundnuts,162,203,274,322,6,7,9,11
India,18.25000063578288,79.75001271565755,Groundnuts,162,203,274,322,6,7,9,11
India,18.25000063578288,80.25001271565755,Groundnuts,162,203,274,322,6,7,9,11
India,18.25000063578288,80.75001271565755,Groundnuts,162,203,274,322,6,7,9,11
India,18.25000063578288,82.75001271565755,Groundnuts,113,168,218,273,4,6,8,9
India,18.25000063578288,83.25001271565755,Groundnuts,113,168,218,273,4,6,8,9
India,18.25000063578288,83.75001271565755,Groundnuts,113,168,218,273,4,6,8,9
India,18.75000063578288,74.75001271565755,Groundnuts,155,224,253,336,6,8,9,12
India,18.75000063578288,78.75001271565755,Groundnuts,162,203,274,322,6,7,9,11
India,18.75000063578288,79.25001271565755,Groundnuts,162,203,274,322,6,7,9,11
India,18.75000063578288,83.25001271565755,Groundnuts,113,168,218,273,4,6,8,9
India,18.75000063578288,83.75001271565755,Groundnuts,113,168,218,273,4,6,8,9
India,18.75000063578288,84.25001271565755,Groundnuts,113,168,218,273,4,6,8,9
India,19.25000063578288,74.25001271565755,Groundnuts,155,224,253,336,6,8,9,12
India,19.25000063578288,74.75001271565755,Groundnuts,155,224,253,336,6,8,9,12
India,19.25000063578288,75.25001271565755,Groundnuts,155,224,253,336,6,8,9,12
India,19.75000063578288,74.25001271565755,Groundnuts,155,224,253,336,6,8,9,12
India,20.75000063578288,70.75001271565755,Groundnuts,148,203,260,315,5,7,9,11
India,20.75000063578288,74.75001271565755,Groundnuts,155,189,281,322,6,7,10,11
India,20.75000063578288,77.75001271565755,Groundnuts,155,189,281,322,6,7,10,11
India,20.75000063578288,79.25001271565755,Groundnuts,155,189,281,322,6,7,10,11
India,20.75000063578288,84.75001271565755,Groundnuts,295,329,29,63,10,11,1,3
India,20.75000063578288,85.25001271565755,Groundnuts,295,329,29,63,10,11,1,3
India,20.75000063578288,85.75001271565755,Groundnuts,295,329,29,63,10,11,1,3
India,21.25000063578288,70.25001271565755,Groundnuts,148,203,260,315,5,7,9,11
India,21.25000063578288,70.75001271565755,Groundnuts,148,203,260,315,5,7,9,11
India,21.25000063578288,71.25001271565755,Groundnuts,148,203,260,315,5,7,9,11
India,21.25000063578288,71.75001271565755,Groundnuts,148,203,260,315,5,7,9,11
India,21.25000063578288,74.25001271565755,Groundnuts,155,189,281,322,6,7,10,11
India,21.25000063578288,74.75001271565755,Groundnuts,155,189,281,322,6,7,10,11
India,21.25000063578288,77.25001271565755,Groundnuts,155,189,281,322,6,7,10,11
India,21.25000063578288,77.75001271565755,Groundnuts,155,189,281,322,6,7,10,11
India,21.25000063578288,78.25001271565755,Groundnuts,155,189,281,322,6,7,10,11
India,21.25000063578288,78.75001271565755,Groundnuts,155,189,281,322,6,7,10,11
India,21.25000063578288,79.25001271565755,Groundnuts,155,189,281,322,6,7,10,11
India,21.25000063578288,83.25001271565755,Groundnuts,337,7,99,126,12,1,4,5
India,21.25000063578288,83.75001271565755,Groundnuts,337,7,99,126,12,1,4,5
India,21.25000063578288,84.25001271565755,Groundnuts,337,7,99,126,12,1,4,5
India,21.25000063578288,84.75001271565755,Groundnuts,337,7,99,126,12,1,4,5
India,21.25000063578288,85.25001271565755,Groundnuts,295,329,29,63,10,11,1,3
India,21.75000063578288,69.75001271565755,Groundnuts,148,203,260,315,5,7,9,11
India,21.75000063578288,70.25001271565755,Groundnuts,148,203,260,315,5,7,9,11
India,21.75000063578288,71.25001271565755,Groundnuts,148,203,260,315,5,7,9,11
India,21.75000063578288,71.75001271565755,Groundnuts,148,203,260,315,5,7,9,11
India,21.75000063578288,74.25001271565755,Groundnuts,155,189,281,322,6,7,10,11
India,21.75000063578288,83.75001271565755,Groundnuts,337,7,99,126,12,1,4,5
India,21.75000063578288,84.25001271565755,Groundnuts,337,7,99,126,12,1,4,5
India,22.25000063578288,69.25001271565755,Groundnuts,148,203,260,315,5,7,9,11
India,22.25000063578288,69.75001271565755,Groundnuts,148,203,260,315,5,7,9,11
India,22.25000063578288,70.25001271565755,Groundnuts,148,203,260,315,5,7,9,11
India,23.75000063578288,74.75001271565755,Groundnuts,176,196,260,287,6,7,9,10
India,24.75000063578288,74.25001271565755,Groundnuts,176,196,260,287,6,7,9,10
India,24.75000063578288,74.75001271565755,Groundnuts,176,196,260,287,6,7,9,10
India,25.75000063578288,75.75001271565755,Groundnuts,176,196,260,287,6,7,9,10
India,26.25000063578288,75.25001271565755,Groundnuts,176,196,260,287,6,7,9,10
India,26.25000063578288,75.75001271565755,Groundnuts,176,196,260,287,6,7,9,10
India,31.25000127156576,79.25001271565755,Groundnuts,113,156,251,304,4,6,9,10
India,33.25000127156576,79.25001271565755,Groundnuts,113,156,251,304,4,6,9,10
India,19.75000063578288,83.75001271565755,Maize,155,196,253,287,6,7,9,10
India,19.75000063578288,84.25001271565755,Maize,155,196,253,287,6,7,9,10
India,20.25000063578288,83.75001271565755,Maize,155,196,253,287,6,7,9,10
India,20.25000063578288,84.25001271565755,Maize,155,196,253,287,6,7,9,10
India,20.75000063578288,84.25001271565755,Maize,155,196,253,287,6,7,9,10
India,21.25000063578288,85.75001271565755,Maize,155,182,232,259,6,6,8,9
India,21.75000063578288,85.25001271565755,Maize,155,182,232,259,6,6,8,9
India,21.75000063578288,85.75001271565755,Maize,155,182,232,259,6,6,8,9
India,22.75000063578288,73.75001271565755,Maize,162,196,267,308,6,7,9,11
India,22.75000063578288,74.25001271565755,Maize,162,196,267,308,6,7,9,11
India,23.25000063578288,73.75001271565755,Maize,162,196,267,308,6,7,9,11
India,24.25000063578288,68.75001271565755,Maize,101,232,252,334,4,8,9,11
India,24.25000063578288,69.25001271565755,Maize,101,232,252,334,4,8,9,11
India,25.75000063578288,70.25001271565755,Maize,101,232,252,334,4,8,9,11
India,29.25000127156576,80.25001271565755,Maize,32,141,222,273,2,5,8,9
India,30.75000127156576,77.25001271565755,Maize,155,182,260,287,6,6,9,10
India,31.25000127156576,77.25001271565755,Maize,155,182,281,315,6,6,10,11
India,31.75000127156576,76.25001271565755,Maize,155,182,260,287,6,6,9,10
India,31.75000127156576,76.75001271565755,Maize,155,182,281,315,6,6,10,11
India,31.75000127156576,77.25001271565755,Maize,155,182,281,315,6,6,10,11
India,31.75000127156576,77.75001271565755,Maize,155,182,281,315,6,6,10,11
India,32.25000127156576,76.25001271565755,Maize,155,182,260,287,6,6,9,10
India,32.25000127156576,76.75001271565755,Maize,155,182,260,287,6,6,9,10
India,32.25000127156576,77.25001271565755,Maize,155,182,281,315,6,6,10,11
India,34.75000127156576,74.25001271565755,Maize,101,232,252,334,4,8,9,11
India,34.75000127156576,76.75001271565755,Maize,101,232,252,334,4,8,9,11
India,14.250000635782875,79.75001271565755,Millet,141,189,239,280,5,7,8,10
India,14.750000635782875,79.25001271565755,Millet,141,189,239,280,5,7,8,10
India,14.750000635782875,79.75001271565755,Millet,141,189,239,280,5,7,8,10
India,15.250000635782875,77.25001271565755,Millet,162,203,253,294,6,7,9,10
India,15.250000635782875,77.75001271565755,Millet,162,203,253,294,6,7,9,10
India,15.250000635782875,78.25001271565755,Millet,162,203,253,294,6,7,9,10
India,15.250000635782875,78.75001271565755,Millet,162,203,253,294,6,7,9,10
India,15.250000635782875,79.25001271565755,Millet,127,182,218,273,5,6,8,9
India,15.250000635782875,79.75001271565755,Millet,127,182,218,273,5,6,8,9
India,15.750000635782875,77.25001271565755,Millet,162,203,253,294,6,7,9,10
India,15.750000635782875,77.75001271565755,Millet,162,203,253,294,6,7,9,10
India,15.750000635782875,78.25001271565755,Millet,162,203,253,294,6,7,9,10
India,15.750000635782875,78.75001271565755,Millet,162,203,253,294,6,7,9,10
India,15.750000635782875,79.25001271565755,Millet,127,182,218,273,5,6,8,9
India,15.750000635782875,79.75001271565755,Millet,127,182,218,273,5,6,8,9
India,15.750000635782875,80.25001271565755,Millet,127,182,218,273,5,6,8,9
India,16.75000063578288,79.25001271565755,Millet,127,182,218,273,5,6,8,9
India,16.75000063578288,79.75001271565755,Millet,127,182,218,273,5,6,8,9
India,17.25000063578288,73.75001271565755,Millet,162,217,260,294,6,8,9,10
India,17.25000063578288,74.25001271565755,Millet,162,217,260,294,6,8,9,10
India,17.25000063578288,74.75001271565755,Millet,162,217,260,294,6,8,9,10
India,17.25000063578288,75.25001271565755,Millet,162,217,260,294,6,8,9,10
India,17.25000063578288,75.75001271565755,Millet,162,217,260,294,6,8,9,10
India,17.25000063578288,79.25001271565755,Millet,127,182,218,273,5,6,8,9
India,17.25000063578288,79.75001271565755,Millet,127,182,218,273,5,6,8,9
India,17.75000063578288,73.75001271565755,Millet,162,217,260,294,6,8,9,10
India,17.75000063578288,74.25001271565755,Millet,162,217,260,294,6,8,9,10
India,17.75000063578288,74.75001271565755,Millet,162,217,260,294,6,8,9,10
India,17.75000063578288,75.25001271565755,Millet,162,217,260,294,6,8,9,10
India,17.75000063578288,75.75001271565755,Millet,162,217,260,294,6,8,9,10
India,18.25000063578288,73.75001271565755,Millet,162,217,260,294,6,8,9,10
India,18.25000063578288,74.25001271565755,Millet,162,217,260,294,6,8,9,10
India,18.25000063578288,74.75001271565755,Millet,162,217,260,294,6,8,9,10
India,18.25000063578288,75.25001271565755,Millet,162,217,260,294,6,8,9,10
India,18.25000063578288,75.75001271565755,Millet,162,217,260,294,6,8,9,10
India,18.25000063578288,83.25001271565755,Millet,155,196,232,273,6,7,8,9
India,18.75000063578288,73.75001271565755,Millet,162,217,260,294,6,8,9,10
India,18.75000063578288,74.25001271565755,Millet,162,217,260,294,6,8,9,10
India,18.75000063578288,74.75001271565755,Millet,148,210,246,287,5,7,9,10
India,18.75000063578288,83.25001271565755,Millet,155,196,232,273,6,7,8,9
India,18.75000063578288,83.75001271565755,Millet,155,196,232,273,6,7,8,9
India,19.25000063578288,73.75001271565755,Millet,162,217,260,294,6,8,9,10
India,19.25000063578288,74.25001271565755,Millet,148,210,246,287,5,7,9,10
India,19.25000063578288,74.75001271565755,Millet,148,210,246,287,5,7,9,10
India,19.25000063578288,75.25001271565755,Millet,148,210,246,287,5,7,9,10
India,19.25000063578288,84.25001271565755,Millet,148,168,239,273,5,6,8,9
India,19.25000063578288,84.75001271565755,Millet,148,168,239,273,5,6,8,9
India,19.75000063578288,73.75001271565755,Millet,148,210,246,287,5,7,9,10
India,19.75000063578288,74.25001271565755,Millet,148,210,246,287,5,7,9,10
India,19.75000063578288,74.75001271565755,Millet,148,210,246,287,5,7,9,10
India,19.75000063578288,75.25001271565755,Millet,148,210,246,287,5,7,9,10
India,19.75000063578288,75.75001271565755,Millet,148,210,246,287,5,7,9,10
India,19.75000063578288,76.25001271565755,Millet,148,210,246,287,5,7,9,10
India,19.75000063578288,84.75001271565755,Millet,148,168,239,273,5,6,8,9
India,20.25000063578288,73.75001271565755,Millet,148,210,246,287,5,7,9,10
India,20.25000063578288,74.25001271565755,Millet,148,210,246,287,5,7,9,10
India,20.25000063578288,74.75001271565755,Millet,148,210,246,287,5,7,9,10
India,20.25000063578288,75.25001271565755,Millet,148,210,246,287,5,7,9,10
India,20.25000063578288,75.75001271565755,Millet,148,210,246,287,5,7,9,10
India,20.75000063578288,74.25001271565755,Millet,148,210,246,287,5,7,9,10
India,20.75000063578288,74.75001271565755,Millet,148,210,246,287,5,7,9,10
India,21.25000063578288,70.25001271565755,Millet,162,203,253,294,6,7,9,10
India,21.25000063578288,70.75001271565755,Millet,162,203,253,294,6,7,9,10
India,21.25000063578288,71.75001271565755,Millet,162,203,253,294,6,7,9,10
India,21.25000063578288,74.25001271565755,Millet,148,210,246,287,5,7,9,10
India,21.25000063578288,74.75001271565755,Millet,148,210,246,287,5,7,9,10
India,21.75000063578288,69.75001271565755,Millet,162,203,253,294,6,7,9,10
India,21.75000063578288,70.25001271565755,Millet,162,203,253,294,6,7,9,10
India,21.75000063578288,71.75001271565755,Millet,162,203,253,294,6,7,9,10
India,21.75000063578288,74.25001271565755,Millet,148,210,246,287,5,7,9,10
India,22.25000063578288,69.25001271565755,Millet,162,203,253,294,6,7,9,10
India,22.25000063578288,69.75001271565755,Millet,162,203,253,294,6,7,9,10
India,22.25000063578288,70.25001271565755,Millet,162,203,253,294,6,7,9,10
India,22.25000063578288,72.75001271565755,Millet,155,217,274,301,6,8,9,10
India,22.25000063578288,73.25001271565755,Millet,155,217,274,301,6,8,9,10
India,22.25000063578288,73.75001271565755,Millet,155,217,274,301,6,8,9,10
India,22.75000063578288,72.75001271565755,Millet,155,217,274,301,6,8,9,10
India,22.75000063578288,73.25001271565755,Millet,155,217,274,301,6,8,9,10
India,22.75000063578288,73.75001271565755,Millet,155,217,274,301,6,8,9,10
India,22.75000063578288,74.25001271565755,Millet,155,217,274,301,6,8,9,10
India,23.25000063578288,68.75001271565755,Millet,155,217,274,301,6,8,9,10
India,23.25000063578288,69.25001271565755,Millet,155,217,274,301,6,8,9,10
India,23.25000063578288,69.75001271565755,Millet,155,217,274,301,6,8,9,10
India,23.25000063578288,70.25001271565755,Millet,155,217,274,301,6,8,9,10
India,23.25000063578288,70.75001271565755,Millet,155,217,274,301,6,8,9,10
India,23.25000063578288,71.25001271565755,Millet,155,217,274,301,6,8,9,10
India,23.25000063578288,71.75001271565755,Millet,155,217,274,301,6,8,9,10
India,23.25000063578288,72.75001271565755,Millet,162,189,253,294,6,7,9,10
India,23.25000063578288,73.75001271565755,Millet,155,217,274,301,6,8,9,10
India,23.75000063578288,68.25001271565755,Millet,155,217,274,301,6,8,9,10
India,23.75000063578288,68.75001271565755,Millet,155,217,274,301,6,8,9,10
India,23.75000063578288,69.25001271565755,Millet,155,217,274,301,6,8,9,10
India,23.75000063578288,69.75001271565755,Millet,155,217,274,301,6,8,9,10
India,23.75000063578288,70.25001271565755,Millet,155,217,274,301,6,8,9,10
India,23.75000063578288,70.75001271565755,Millet,155,217,274,301,6,8,9,10
India,23.75000063578288,71.25001271565755,Millet,155,217,274,301,6,8,9,10
India,23.75000063578288,71.75001271565755,Millet,162,189,253,294,6,7,9,10
India,23.75000063578288,72.25001271565755,Millet,162,189,253,294,6,7,9,10
India,23.75000063578288,72.75001271565755,Millet,162,189,253,294,6,7,9,10
India,24.25000063578288,68.75001271565755,Millet,162,233,252,313,6,8,9,11
India,24.25000063578288,69.25001271565755,Millet,162,233,252,313,6,8,9,11
India,24.25000063578288,71.25001271565755,Millet,162,189,253,294,6,7,9,10
India,24.25000063578288,71.75001271565755,Millet,162,189,253,294,6,7,9,10
India,24.25000063578288,72.25001271565755,Millet,162,189,253,294,6,7,9,10
India,24.25000063578288,72.75001271565755,Millet,162,189,253,294,6,7,9,10
India,24.75000063578288,71.25001271565755,Millet,169,203,253,294,6,7,9,10
India,24.75000063578288,71.75001271565755,Millet,169,203,253,294,6,7,9,10
India,24.75000063578288,72.25001271565755,Millet,169,203,253,294,6,7,9,10
India,24.75000063578288,72.75001271565755,Millet,169,203,253,294,6,7,9,10
India,25.25000063578288,71.25001271565755,Millet,169,203,253,294,6,7,9,10
India,25.25000063578288,71.75001271565755,Millet,169,203,253,294,6,7,9,10
India,25.25000063578288,72.25001271565755,Millet,169,203,253,294,6,7,9,10
India,25.25000063578288,72.75001271565755,Millet,169,203,253,294,6,7,9,10
India,25.25000063578288,73.25001271565755,Millet,169,203,253,294,6,7,9,10
India,25.75000063578288,70.25001271565755,Millet,162,233,252,313,6,8,9,11
India,25.75000063578288,70.75001271565755,Millet,169,203,253,294,6,7,9,10
India,25.75000063578288,71.25001271565755,Millet,169,203,253,294,6,7,9,10
India,25.75000063578288,71.75001271565755,Millet,169,203,253,294,6,7,9,10
India,25.75000063578288,72.25001271565755,Millet,169,203,253,294,6,7,9,10
India,25.75000063578288,72.75001271565755,Millet,169,203,253,294,6,7,9,10
India,25.75000063578288,73.25001271565755,Millet,169,203,253,294,6,7,9,10
India,25.75000063578288,73.75001271565755,Millet,169,203,253,294,6,7,9,10
India,25.75000063578288,75.25001271565755,Millet,183,196,260,294,7,7,9,10
India,25.75000063578288,75.75001271565755,Millet,183,196,260,294,7,7,9,10
India,25.75000063578288,76.25001271565755,Millet,183,203,267,308,7,7,9,11
India,26.25000063578288,70.25001271565755,Millet,183,196,260,294,7,7,9,10
India,26.25000063578288,70.75001271565755,Millet,183,196,260,294,7,7,9,10
India,26.25000063578288,71.25001271565755,Millet,169,203,253,294,6,7,9,10
India,26.25000063578288,71.75001271565755,Millet,169,203,253,294,6,7,9,10
India,26.25000063578288,72.25001271565755,Millet,169,203,253,294,6,7,9,10
India,26.25000063578288,72.75001271565755,Millet,176,200,257,294,6,7,9,10
India,26.25000063578288,73.25001271565755,Millet,176,200,257,294,6,7,9,10
India,26.25000063578288,73.75001271565755,Millet,169,203,253,294,6,7,9,10
India,26.25000063578288,74.25001271565755,Millet,169,203,253,294,6,7,9,10
India,26.25000063578288,74.75001271565755,Millet,162,189,239,273,6,7,8,9
India,26.25000063578288,75.25001271565755,Millet,183,196,260,294,7,7,9,10
India,26.25000063578288,75.75001271565755,Millet,183,196,260,294,7,7,9,10
India,26.25000063578288,76.25001271565755,Millet,183,203,267,308,7,7,9,11
India,26.25000063578288,76.75001271565755,Millet,183,203,267,308,7,7,9,11
India,26.75000063578288,69.75001271565755,Millet,183,196,260,294,7,7,9,10
India,26.75000063578288,70.25001271565755,Millet,183,196,260,294,7,7,9,10
India,26.75000063578288,70.75001271565755,Millet,183,196,260,294,7,7,9,10
India,26.75000063578288,71.25001271565755,Millet,183,196,260,294,7,7,9,10
India,26.75000063578288,71.75001271565755,Millet,183,196,260,294,7,7,9,10
India,26.75000063578288,72.25001271565755,Millet,176,200,257,294,6,7,9,10
India,26.75000063578288,72.75001271565755,Millet,176,200,257,294,6,7,9,10
India,26.75000063578288,73.25001271565755,Millet,176,200,257,294,6,7,9,10
India,26.75000063578288,73.75001271565755,Millet,169,203,253,294,6,7,9,10
India,26.75000063578288,74.25001271565755,Millet,169,203,253,294,6,7,9,10
India,26.75000063578288,74.75001271565755,Millet,162,189,239,273,6,7,8,9
India,26.75000063578288,75.25001271565755,Millet,176,196,267,294,6,7,9,10
India,26.75000063578288,75.75001271565755,Millet,176,196,267,294,6,7,9,10
India,26.75000063578288,76.25001271565755,Millet,176,196,267,294,6,7,9,10
India,26.75000063578288,76.75001271565755,Millet,183,203,267,308,7,7,9,11
India,26.75000063578288,77.25001271565755,Millet,183,203,267,308,7,7,9,11
India,27.25000063578288,69.75001271565755,Millet,183,196,260,294,7,7,9,10
India,27.25000063578288,70.25001271565755,Millet,183,196,260,294,7,7,9,10
India,27.25000063578288,70.75001271565755,Millet,183,196,260,294,7,7,9,10
India,27.25000063578288,71.25001271565755,Millet,183,196,260,294,7,7,9,10
India,27.25000063578288,71.75001271565755,Millet,183,196,260,294,7,7,9,10
India,27.25000063578288,72.25001271565755,Millet,176,200,257,294,6,7,9,10
India,27.25000063578288,72.75001271565755,Millet,176,200,257,294,6,7,9,10
India,27.25000063578288,73.25001271565755,Millet,169,203,253,294,6,7,9,10
India,27.25000063578288,73.75001271565755,Millet,169,203,253,294,6,7,9,10
India,27.25000063578288,74.25001271565755,Millet,169,203,253,294,6,7,9,10
India,27.25000063578288,74.75001271565755,Millet,169,203,253,294,6,7,9,10
India,27.25000063578288,75.25001271565755,Millet,169,196,274,294,6,7,9,10
India,27.25000063578288,75.75001271565755,Millet,176,196,267,294,6,7,9,10
India,27.25000063578288,76.25001271565755,Millet,169,196,274,294,6,7,9,10
India,27.25000063578288,76.75001271565755,Millet,169,196,274,294,6,7,9,10
India,27.25000063578288,77.25001271565755,Millet,183,203,267,308,7,7,9,11
India,27.75000127156576,70.25001271565755,Millet,183,196,260,294,7,7,9,10
India,27.75000127156576,71.25001271565755,Millet,183,196,260,294,7,7,9,10
India,27.75000127156576,71.75001271565755,Millet,183,196,260,294,7,7,9,10
India,27.75000127156576,72.25001271565755,Millet,162,189,260,280,6,7,9,10
India,27.75000127156576,72.75001271565755,Millet,162,189,260,280,6,7,9,10
India,27.75000127156576,73.25001271565755,Millet,162,189,260,280,6,7,9,10
India,27.75000127156576,73.75001271565755,Millet,162,189,260,280,6,7,9,10
India,27.75000127156576,74.25001271565755,Millet,176,196,274,294,6,7,9,10
India,27.75000127156576,74.75001271565755,Millet,169,196,274,294,6,7,9,10
India,27.75000127156576,75.25001271565755,Millet,169,196,274,294,6,7,9,10
India,27.75000127156576,75.75001271565755,Millet,169,196,274,294,6,7,9,10
India,27.75000127156576,76.25001271565755,Millet,169,196,274,294,6,7,9,10
India,27.75000127156576,76.75001271565755,Millet,169,196,274,294,6,7,9,10
India,28.25000127156576,72.25001271565755,Millet,162,189,260,280,6,7,9,10
India,28.25000127156576,72.75001271565755,Millet,162,189,260,280,6,7,9,10
India,28.25000127156576,73.25001271565755,Millet,162,189,260,280,6,7,9,10
India,28.25000127156576,73.75001271565755,Millet,162,189,260,280,6,7,9,10
India,28.25000127156576,74.25001271565755,Millet,176,196,274,294,6,7,9,10
India,28.25000127156576,74.75001271565755,Millet,176,196,274,294,6,7,9,10
India,28.25000127156576,75.25001271565755,Millet,169,203,253,294,6,7,9,10
India,28.25000127156576,75.75001271565755,Millet,169,203,253,294,6,7,9,10
India,28.75000127156576,72.75001271565755,Millet,162,189,260,280,6,7,9,10
India,28.75000127156576,73.25001271565755,Millet,162,189,260,280,6,7,9,10
India,28.75000127156576,73.75001271565755,Millet,162,189,260,280,6,7,9,10
India,28.75000127156576,74.25001271565755,Millet,176,196,274,294,6,7,9,10
India,28.75000127156576,74.75001271565755,Millet,176,196,274,294,6,7,9,10
India,28.75000127156576,75.25001271565755,Millet,176,196,274,294,6,7,9,10
India,29.25000127156576,80.25001271565755,Millet,161,223,263,354,6,8,9,12
India,34.75000127156576,74.25001271565755,Millet,162,233,252,313,6,8,9,11
India,34.75000127156576,76.75001271565755,Millet,162,233,252,313,6,8,9,11
India,22.75000063578288,87.75001271565755,Potatoes,316,350,50,84,11,12,2,3
India,22.75000063578288,88.25001271565755,Potatoes,316,350,50,84,11,12,2,3
India,23.25000063578288,87.75001271565755,Potatoes,316,350,50,84,11,12,2,3
India,23.25000063578288,88.25001271565755,Potatoes,316,350,50,84,11,12,2,3
India,24.25000063578288,68.75001271565755,Potatoes,10,70,101,162,1,3,4,6
India,24.25000063578288,69.25001271565755,Potatoes,10,70,101,162,1,3,4,6
India,24.75000063578288,92.25001271565756,Potatoes,274,365,80,141,9,12,3,5
India,25.75000063578288,70.25001271565755,Potatoes,10,70,101,162,1,3,4,6
India,30.75000127156576,77.25001271565755,Potatoes,99,147,253,301,4,5,9,10
India,30.75000127156576,77.75001271565755,Potatoes,71,119,225,280,3,4,8,10
India,31.25000127156576,77.75001271565755,Potatoes,71,119,225,280,3,4,8,10
India,31.25000127156576,78.25001271565755,Potatoes,99,147,253,301,4,5,9,10
India,31.25000127156576,78.75001271565755,Potatoes,99,147,253,301,4,5,9,10
India,31.75000127156576,78.25001271565755,Potatoes,99,147,253,301,4,5,9,10
India,32.25000127156576,77.75001271565755,Potatoes,99,147,253,301,4,5,9,10
India,32.25000127156576,78.25001271565755,Potatoes,99,147,253,301,4,5,9,10
India,32.75000127156576,76.75001271565755,Potatoes,99,147,253,301,4,5,9,10
India,32.75000127156576,77.25001271565755,Potatoes,99,147,253,301,4,5,9,10
India,32.75000127156576,77.75001271565755,Potatoes,99,147,253,301,4,5,9,10
India,34.75000127156576,74.25001271565755,Potatoes,10,70,101,162,1,3,4,6
India,34.75000127156576,76.75001271565755,Potatoes,10,70,101,162,1,3,4,6
India,11.750000635782875,78.75001271565755,Pulses,183,259,267,343,7,9,9,12
India,11.750000635782875,79.25001271565755,Pulses,183,259,267,343,7,9,9,12
India,11.750000635782875,79.75001271565755,Pulses,183,259,267,343,7,9,9,12
India,12.250000635782875,77.75001271565755,Pulses,183,259,267,343,7,9,9,12
India,12.250000635782875,78.25001271565755,Pulses,183,259,267,343,7,9,9,12
India,12.250000635782875,79.75001271565755,Pulses,183,259,267,343,7,9,9,12
India,19.75000063578288,82.75001271565755,Pulses,267,315,351,21,9,11,12,1
India,19.75000063578288,83.25001271565755,Pulses,267,315,351,21,9,11,12,1
India,20.25000063578288,82.75001271565755,Pulses,267,315,351,21,9,11,12,1
India,20.75000063578288,86.75001271565755,Pulses,281,322,8,49,10,11,1,2
India,21.25000063578288,86.75001271565755,Pulses,281,322,8,49,10,11,1,2
India,21.75000063578288,84.75001271565755,Pulses,218,245,288,322,8,9,10,11
India,22.25000063578288,84.25001271565755,Pulses,218,245,288,322,8,9,10,11
India,22.25000063578288,84.75001271565755,Pulses,218,245,288,322,8,9,10,11
India,23.75000063578288,74.75001271565755,Pulses,288,308,43,70,10,11,2,3
India,24.25000063578288,75.75001271565755,Pulses,288,308,43,70,10,11,2,3
India,24.25000063578288,76.25001271565755,Pulses,288,308,43,70,10,11,2,3
India,24.75000063578288,74.25001271565755,Pulses,288,308,43,70,10,11,2,3
India,24.75000063578288,74.75001271565755,Pulses,288,308,43,70,10,11,2,3
India,25.25000063578288,73.25001271565755,Pulses,288,301,43,63,10,10,2,3
India,25.75000063578288,73.25001271565755,Pulses,288,301,43,63,10,10,2,3
India,25.75000063578288,73.75001271565755,Pulses,288,301,43,63,10,10,2,3
India,25.75000063578288,75.75001271565755,Pulses,288,308,43,70,10,11,2,3
India,26.25000063578288,75.25001271565755,Pulses,288,308,43,70,10,11,2,3
India,26.25000063578288,75.75001271565755,Pulses,288,308,43,70,10,11,2,3
India,27.75000127156576,74.25001271565755,Pulses,281,301,43,77,10,10,2,3
India,28.25000127156576,74.25001271565755,Pulses,281,301,43,77,10,10,2,3
India,28.25000127156576,74.75001271565755,Pulses,281,301,43,77,10,10,2,3
India,28.75000127156576,74.25001271565755,Pulses,281,301,43,77,10,10,2,3
India,28.75000127156576,74.75001271565755,Pulses,281,301,43,77,10,10,2,3
India,28.75000127156576,75.25001271565755,Pulses,281,301,43,77,10,10,2,3
India,8.25000031789144,77.25001271565755,Rapeseed Winter,274,360,75,141,9,12,3,5
India,8.25000031789144,77.75001271565755,Rapeseed Winter,274,360,75,141,9,12,3,5
India,8.75000031789144,76.75001271565755,Rapeseed Winter,274,360,75,141,9,12,3,5
India,8.75000031789144,77.25001271565755,Rapeseed Winter,274,360,75,141,9,12,3,5
India,8.75000031789144,77.75001271565755,Rapeseed Winter,274,360,75,141,9,12,3,5
India,9.25000031789144,76.75001271565755,Rapeseed Winter,274,360,75,141,9,12,3,5
India,9.25000031789144,77.25001271565755,Rapeseed Winter,274,360,75,141,9,12,3,5
India,9.25000031789144,77.75001271565755,Rapeseed Winter,274,360,75,141,9,12,3,5
India,9.25000031789144,78.25001271565755,Rapeseed Winter,274,360,75,141,9,12,3,5
India,9.25000031789144,78.75001271565755,Rapeseed Winter,274,360,75,141,9,12,3,5
India,9.75000031789144,76.75001271565755,Rapeseed Winter,274,360,75,141,9,12,3,5
India,9.75000031789144,77.25001271565755,Rapeseed Winter,274,360,75,141,9,12,3,5
India,9.75000031789144,77.75001271565755,Rapeseed Winter,274,360,75,141,9,12,3,5
India,9.75000031789144,78.25001271565755,Rapeseed Winter,274,360,75,141,9,12,3,5
India,9.75000031789144,78.75001271565755,Rapeseed Winter,274,360,75,141,9,12,3,5
India,10.25000031789144,76.25001271565755,Rapeseed Winter,274,360,75,141,9,12,3,5
India,10.25000031789144,76.75001271565755,Rapeseed Winter,274,360,75,141,9,12,3,5
India,10.25000031789144,77.25001271565755,Rapeseed Winter,274,360,75,141,9,12,3,5
India,10.25000031789144,77.75001271565755,Rapeseed Winter,274,360,75,141,9,12,3,5
India,10.25000031789144,78.25001271565755,Rapeseed Winter,274,360,75,141,9,12,3,5
India,10.25000031789144,78.75001271565755,Rapeseed Winter,274,360,75,141,9,12,3,5
India,10.25000031789144,79.25001271565755,Rapeseed Winter,274,360,75,141,9,12,3,5
India,10.75000031789144,76.25001271565755,Rapeseed Winter,274,360,75,141,9,12,3,5
India,10.75000031789144,76.75001271565755,Rapeseed Winter,274,360,75,141,9,12,3,5
India,10.75000031789144,77.25001271565755,Rapeseed Winter,274,360,75,141,9,12,3,5
India,10.75000031789144,77.75001271565755,Rapeseed Winter,274,360,75,141,9,12,3,5
India,10.75000031789144,78.25001271565755,Rapeseed Winter,274,360,75,141,9,12,3,5
India,10.75000031789144,78.75001271565755,Rapeseed Winter,274,360,75,141,9,12,3,5
India,10.75000031789144,79.25001271565755,Rapeseed Winter,274,360,75,141,9,12,3,5
India,10.75000031789144,79.75001271565755,Rapeseed Winter,274,360,75,141,9,12,3,5
India,11.25000031789144,76.25001271565755,Rapeseed Winter,274,360,75,141,9,12,3,5
India,11.25000031789144,76.75001271565755,Rapeseed Winter,274,360,75,141,9,12,3,5
India,11.25000031789144,77.25001271565755,Rapeseed Winter,274,360,75,141,9,12,3,5
India,11.25000031789144,77.75001271565755,Rapeseed Winter,274,360,75,141,9,12,3,5
India,11.25000031789144,78.25001271565755,Rapeseed Winter,274,360,75,141,9,12,3,5
India,11.25000031789144,78.75001271565755,Rapeseed Winter,274,360,75,141,9,12,3,5
India,11.25000031789144,79.25001271565755,Rapeseed Winter,274,360,75,141,9,12,3,5
India,11.25000031789144,79.75001271565755,Rapeseed Winter,274,360,75,141,9,12,3,5
India,11.750000635782875,75.75001271565755,Rapeseed Winter,274,360,75,141,9,12,3,5
India,11.750000635782875,76.25001271565755,Rapeseed Winter,274,360,75,141,9,12,3,5
India,11.750000635782875,76.75001271565755,Rapeseed Winter,274,360,75,141,9,12,3,5
India,11.750000635782875,77.25001271565755,Rapeseed Winter,274,360,75,141,9,12,3,5
India,11.750000635782875,77.75001271565755,Rapeseed Winter,274,360,75,141,9,12,3,5
India,11.750000635782875,78.25001271565755,Rapeseed Winter,274,360,75,141,9,12,3,5
India,11.750000635782875,78.75001271565755,Rapeseed Winter,274,360,75,141,9,12,3,5
India,11.750000635782875,79.25001271565755,Rapeseed Winter,274,360,75,141,9,12,3,5
India,11.750000635782875,79.75001271565755,Rapeseed Winter,274,360,75,141,9,12,3,5
India,11.750000635782875,92.75001271565756,Rapeseed Winter,274,360,75,141,9,12,3,5
India,12.250000635782875,75.25001271565755,Rapeseed Winter,274,360,75,141,9,12,3,5
India,12.250000635782875,75.75001271565755,Rapeseed Winter,274,360,75,141,9,12,3,5
India,12.250000635782875,76.25001271565755,Rapeseed Winter,274,360,75,141,9,12,3,5
India,12.250000635782875,76.75001271565755,Rapeseed Winter,274,360,75,141,9,12,3,5
India,12.250000635782875,77.25001271565755,Rapeseed Winter,274,360,75,141,9,12,3,5
India,12.250000635782875,77.75001271565755,Rapeseed Winter,274,360,75,141,9,12,3,5
India,12.250000635782875,78.25001271565755,Rapeseed Winter,274,360,75,141,9,12,3,5
India,12.250000635782875,78.75001271565755,Rapeseed Winter,274,360,75,141,9,12,3,5
India,12.250000635782875,79.25001271565755,Rapeseed Winter,274,360,75,141,9,12,3,5
India,12.250000635782875,79.75001271565755,Rapeseed Winter,274,360,75,141,9,12,3,5
India,12.750000635782875,75.25001271565755,Rapeseed Winter,274,360,75,141,9,12,3,5
India,12.750000635782875,75.75001271565755,Rapeseed Winter,274,360,75,141,9,12,3,5
India,12.750000635782875,76.25001271565755,Rapeseed Winter,274,360,75,141,9,12,3,5
India,12.750000635782875,76.75001271565755,Rapeseed Winter,274,360,75,141,9,12,3,5
India,12.750000635782875,77.25001271565755,Rapeseed Winter,274,360,75,141,9,12,3,5
India,12.750000635782875,77.75001271565755,Rapeseed Winter,274,360,75,141,9,12,3,5
India,12.750000635782875,78.25001271565755,Rapeseed Winter,274,360,75,141,9,12,3,5
India,12.750000635782875,78.75001271565755,Rapeseed Winter,274,360,75,141,9,12,3,5
India,12.750000635782875,79.25001271565755,Rapeseed Winter,274,360,75,141,9,12,3,5
India,12.750000635782875,79.75001271565755,Rapeseed Winter,274,360,75,141,9,12,3,5
India,12.750000635782875,92.75001271565756,Rapeseed Winter,274,360,75,141,9,12,3,5
India,13.250000635782875,74.75001271565755,Rapeseed Winter,274,360,75,141,9,12,3,5
India,13.250000635782875,75.25001271565755,Rapeseed Winter,274,360,75,141,9,12,3,5
India,13.250000635782875,75.75001271565755,Rapeseed Winter,274,360,75,141,9,12,3,5
India,13.250000635782875,76.25001271565755,Rapeseed Winter,274,360,75,141,9,12,3,5
India,13.250000635782875,76.75001271565755,Rapeseed Winter,274,360,75,141,9,12,3,5
India,13.250000635782875,77.25001271565755,Rapeseed Winter,274,360,75,141,9,12,3,5
India,13.250000635782875,77.75001271565755,Rapeseed Winter,274,360,75,141,9,12,3,5
India,13.250000635782875,78.25001271565755,Rapeseed Winter,274,360,75,141,9,12,3,5
India,13.250000635782875,78.75001271565755,Rapeseed Winter,274,360,75,141,9,12,3,5
India,13.250000635782875,79.25001271565755,Rapeseed Winter,274,360,75,141,9,12,3,5
India,13.250000635782875,79.75001271565755,Rapeseed Winter,274,360,75,141,9,12,3,5
India,13.250000635782875,80.25001271565755,Rapeseed Winter,274,360,75,141,9,12,3,5
India,13.750000635782875,74.75001271565755,Rapeseed Winter,274,360,75,141,9,12,3,5
India,13.750000635782875,75.25001271565755,Rapeseed Winter,274,360,75,141,9,12,3,5
India,13.750000635782875,75.75001271565755,Rapeseed Winter,274,360,75,141,9,12,3,5
India,13.750000635782875,76.25001271565755,Rapeseed Winter,274,360,75,141,9,12,3,5
India,13.750000635782875,76.75001271565755,Rapeseed Winter,274,360,75,141,9,12,3,5
India,13.750000635782875,77.25001271565755,Rapeseed Winter,274,360,75,141,9,12,3,5
India,13.750000635782875,77.75001271565755,Rapeseed Winter,274,360,75,141,9,12,3,5
India,13.750000635782875,78.25001271565755,Rapeseed Winter,274,360,75,141,9,12,3,5
India,13.750000635782875,78.75001271565755,Rapeseed Winter,274,360,75,141,9,12,3,5
India,13.750000635782875,79.25001271565755,Rapeseed Winter,274,360,75,141,9,12,3,5
India,13.750000635782875,79.75001271565755,Rapeseed Winter,274,360,75,141,9,12,3,5
India,14.250000635782875,74.75001271565755,Rapeseed Winter,274,360,75,141,9,12,3,5
India,14.250000635782875,75.25001271565755,Rapeseed Winter,274,360,75,141,9,12,3,5
India,14.250000635782875,75.75001271565755,Rapeseed Winter,274,360,75,141,9,12,3,5
India,14.250000635782875,76.25001271565755,Rapeseed Winter,274,360,75,141,9,12,3,5
India,14.250000635782875,76.75001271565755,Rapeseed Winter,274,360,75,141,9,12,3,5
India,14.250000635782875,77.25001271565755,Rapeseed Winter,274,360,75,141,9,12,3,5
India,14.250000635782875,77.75001271565755,Rapeseed Winter,274,360,75,141,9,12,3,5
India,14.250000635782875,78.25001271565755,Rapeseed Winter,274,360,75,141,9,12,3,5
India,14.250000635782875,78.75001271565755,Rapeseed Winter,274,360,75,141,9,12,3,5
India,14.250000635782875,79.25001271565755,Rapeseed Winter,274,360,75,141,9,12,3,5
India,14.250000635782875,79.75001271565755,Rapeseed Winter,274,360,75,141,9,12,3,5
India,14.750000635782875,74.25001271565755,Rapeseed Winter,274,360,75,141,9,12,3,5
India,14.750000635782875,74.75001271565755,Rapeseed Winter,274,360,75,141,9,12,3,5
India,14.750000635782875,75.25001271565755,Rapeseed Winter,274,360,75,141,9,12,3,5
India,14.750000635782875,75.75001271565755,Rapeseed Winter,274,360,75,141,9,12,3,5
India,14.750000635782875,76.25001271565755,Rapeseed Winter,274,360,75,141,9,12,3,5
India,14.750000635782875,76.75001271565755,Rapeseed Winter,274,360,75,141,9,12,3,5
India,14.750000635782875,77.25001271565755,Rapeseed Winter,274,360,75,141,9,12,3,5
India,14.750000635782875,77.75001271565755,Rapeseed Winter,274,360,75,141,9,12,3,5
India,14.750000635782875,78.25001271565755,Rapeseed Winter,274,360,75,141,9,12,3,5
India,14.750000635782875,78.75001271565755,Rapeseed Winter,274,360,75,141,9,12,3,5
India,14.750000635782875,79.25001271565755,Rapeseed Winter,274,360,75,141,9,12,3,5
India,14.750000635782875,79.75001271565755,Rapeseed Winter,274,360,75,141,9,12,3,5
India,15.250000635782875,74.25001271565755,Rapeseed Winter,274,360,75,141,9,12,3,5
India,15.250000635782875,74.75001271565755,Rapeseed Winter,274,360,75,141,9,12,3,5
India,15.250000635782875,75.25001271565755,Rapeseed Winter,274,360,75,141,9,12,3,5
India,15.250000635782875,75.75001271565755,Rapeseed Winter,274,360,75,141,9,12,3,5
India,15.250000635782875,76.25001271565755,Rapeseed Winter,274,360,75,141,9,12,3,5
India,15.250000635782875,76.75001271565755,Rapeseed Winter,274,360,75,141,9,12,3,5
India,15.250000635782875,77.25001271565755,Rapeseed Winter,274,360,75,141,9,12,3,5
India,15.250000635782875,77.75001271565755,Rapeseed Winter,274,360,75,141,9,12,3,5
India,15.250000635782875,78.25001271565755,Rapeseed Winter,274,360,75,141,9,12,3,5
India,15.250000635782875,78.75001271565755,Rapeseed Winter,274,360,75,141,9,12,3,5
India,15.250000635782875,79.25001271565755,Rapeseed Winter,274,360,75,141,9,12,3,5
India,15.250000635782875,79.75001271565755,Rapeseed Winter,274,360,75,141,9,12,3,5
India,15.750000635782875,73.75001271565755,Rapeseed Winter,274,360,75,141,9,12,3,5
India,15.750000635782875,74.25001271565755,Rapeseed Winter,274,360,75,141,9,12,3,5
India,15.750000635782875,74.75001271565755,Rapeseed Winter,274,360,75,141,9,12,3,5
India,15.750000635782875,75.25001271565755,Rapeseed Winter,274,360,75,141,9,12,3,5
India,15.750000635782875,75.75001271565755,Rapeseed Winter,274,360,75,141,9,12,3,5
India,15.750000635782875,76.25001271565755,Rapeseed Winter,274,360,75,141,9,12,3,5
India,15.750000635782875,76.75001271565755,Rapeseed Winter,274,360,75,141,9,12,3,5
India,15.750000635782875,77.25001271565755,Rapeseed Winter,274,360,75,141,9,12,3,5
India,15.750000635782875,77.75001271565755,Rapeseed Winter,274,360,75,141,9,12,3,5
India,15.750000635782875,78.25001271565755,Rapeseed Winter,274,360,75,141,9,12,3,5
India,15.750000635782875,78.75001271565755,Rapeseed Winter,274,360,75,141,9,12,3,5
India,15.750000635782875,79.25001271565755,Rapeseed Winter,274,360,75,141,9,12,3,5
India,15.750000635782875,79.75001271565755,Rapeseed Winter,274,360,75,141,9,12,3,5
India,15.750000635782875,80.25001271565755,Rapeseed Winter,274,360,75,141,9,12,3,5
India,16.25000063578288,73.75001271565755,Rapeseed Winter,274,360,75,141,9,12,3,5
India,16.25000063578288,74.25001271565755,Rapeseed Winter,274,360,75,141,9,12,3,5
India,16.25000063578288,74.75001271565755,Rapeseed Winter,274,360,75,141,9,12,3,5
India,16.25000063578288,75.25001271565755,Rapeseed Winter,274,360,75,141,9,12,3,5
India,16.25000063578288,75.75001271565755,Rapeseed Winter,274,360,75,141,9,12,3,5
India,16.25000063578288,76.25001271565755,Rapeseed Winter,274,360,75,141,9,12,3,5
India,16.25000063578288,76.75001271565755,Rapeseed Winter,274,360,75,141,9,12,3,5
India,16.25000063578288,77.25001271565755,Rapeseed Winter,274,360,75,141,9,12,3,5
India,16.25000063578288,77.75001271565755,Rapeseed Winter,274,360,75,141,9,12,3,5
India,16.25000063578288,78.25001271565755,Rapeseed Winter,274,360,75,141,9,12,3,5
India,16.25000063578288,78.75001271565755,Rapeseed Winter,274,360,75,141,9,12,3,5
India,16.25000063578288,79.25001271565755,Rapeseed Winter,274,360,75,141,9,12,3,5
India,16.25000063578288,79.75001271565755,Rapeseed Winter,274,360,75,141,9,12,3,5
India,16.25000063578288,80.25001271565755,Rapeseed Winter,274,360,75,141,9,12,3,5
India,16.25000063578288,80.75001271565755,Rapeseed Winter,274,360,75,141,9,12,3,5
India,16.75000063578288,73.75001271565755,Rapeseed Winter,274,360,75,141,9,12,3,5
India,16.75000063578288,74.25001271565755,Rapeseed Winter,274,360,75,141,9,12,3,5
India,16.75000063578288,74.75001271565755,Rapeseed Winter,274,360,75,141,9,12,3,5
India,16.75000063578288,75.25001271565755,Rapeseed Winter,274,360,75,141,9,12,3,5
India,16.75000063578288,75.75001271565755,Rapeseed Winter,274,360,75,141,9,12,3,5
India,16.75000063578288,76.25001271565755,Rapeseed Winter,274,360,75,141,9,12,3,5
India,16.75000063578288,76.75001271565755,Rapeseed Winter,274,360,75,141,9,12,3,5
India,16.75000063578288,77.25001271565755,Rapeseed Winter,274,360,75,141,9,12,3,5
India,16.75000063578288,77.75001271565755,Rapeseed Winter,274,360,75,141,9,12,3,5
India,16.75000063578288,78.25001271565755,Rapeseed Winter,274,360,75,141,9,12,3,5
India,16.75000063578288,78.75001271565755,Rapeseed Winter,274,360,75,141,9,12,3,5
India,16.75000063578288,79.25001271565755,Rapeseed Winter,274,360,75,141,9,12,3,5
India,16.75000063578288,79.75001271565755,Rapeseed Winter,274,360,75,141,9,12,3,5
India,16.75000063578288,80.25001271565755,Rapeseed Winter,274,360,75,141,9,12,3,5
India,16.75000063578288,80.75001271565755,Rapeseed Winter,274,360,75,141,9,12,3,5
India,16.75000063578288,81.25001271565755,Rapeseed Winter,274,360,75,141,9,12,3,5
India,16.75000063578288,81.75001271565755,Rapeseed Winter,274,360,75,141,9,12,3,5
India,16.75000063578288,82.25001271565755,Rapeseed Winter,274,360,75,141,9,12,3,5
India,17.25000063578288,73.25001271565755,Rapeseed Winter,274,360,75,141,9,12,3,5
India,17.25000063578288,73.75001271565755,Rapeseed Winter,274,360,75,141,9,12,3,5
India,17.25000063578288,74.25001271565755,Rapeseed Winter,274,360,75,141,9,12,3,5
India,17.25000063578288,74.75001271565755,Rapeseed Winter,274,360,75,141,9,12,3,5
India,17.25000063578288,75.25001271565755,Rapeseed Winter,274,360,75,141,9,12,3,5
India,17.25000063578288,75.75001271565755,Rapeseed Winter,274,360,75,141,9,12,3,5
India,17.25000063578288,76.25001271565755,Rapeseed Winter,274,360,75,141,9,12,3,5
India,17.25000063578288,76.75001271565755,Rapeseed Winter,274,360,75,141,9,12,3,5
India,17.25000063578288,77.25001271565755,Rapeseed Winter,274,360,75,141,9,12,3,5
India,17.25000063578288,77.75001271565755,Rapeseed Winter,274,360,75,141,9,12,3,5
India,17.25000063578288,78.25001271565755,Rapeseed Winter,274,360,75,141,9,12,3,5
India,17.25000063578288,78.75001271565755,Rapeseed Winter,274,360,75,141,9,12,3,5
India,17.25000063578288,79.25001271565755,Rapeseed Winter,274,360,75,141,9,12,3,5
India,17.25000063578288,79.75001271565755,Rapeseed Winter,274,360,75,141,9,12,3,5
India,17.25000063578288,80.25001271565755,Rapeseed Winter,274,360,75,141,9,12,3,5
India,17.25000063578288,80.75001271565755,Rapeseed Winter,274,360,75,141,9,12,3,5
India,17.25000063578288,81.25001271565755,Rapeseed Winter,274,360,75,141,9,12,3,5
India,17.25000063578288,81.75001271565755,Rapeseed Winter,274,360,75,141,9,12,3,5
India,17.25000063578288,82.25001271565755,Rapeseed Winter,274,360,75,141,9,12,3,5
India,17.75000063578288,73.25001271565755,Rapeseed Winter,274,360,75,141,9,12,3,5
India,17.75000063578288,73.75001271565755,Rapeseed Winter,274,360,75,141,9,12,3,5
India,17.75000063578288,74.25001271565755,Rapeseed Winter,274,360,75,141,9,12,3,5
India,17.75000063578288,74.75001271565755,Rapeseed Winter,274,360,75,141,9,12,3,5
India,17.75000063578288,75.25001271565755,Rapeseed Winter,274,360,75,141,9,12,3,5
India,17.75000063578288,75.75001271565755,Rapeseed Winter,274,360,75,141,9,12,3,5
India,17.75000063578288,76.25001271565755,Rapeseed Winter,274,360,75,141,9,12,3,5
India,17.75000063578288,76.75001271565755,Rapeseed Winter,274,360,75,141,9,12,3,5
India,17.75000063578288,77.25001271565755,Rapeseed Winter,274,360,75,141,9,12,3,5
India,17.75000063578288,77.75001271565755,Rapeseed Winter,274,360,75,141,9,12,3,5
India,17.75000063578288,78.25001271565755,Rapeseed Winter,274,360,75,141,9,12,3,5
India,17.75000063578288,78.75001271565755,Rapeseed Winter,274,360,75,141,9,12,3,5
India,17.75000063578288,79.25001271565755,Rapeseed Winter,274,360,75,141,9,12,3,5
India,17.75000063578288,79.75001271565755,Rapeseed Winter,274,360,75,141,9,12,3,5
India,17.75000063578288,80.25001271565755,Rapeseed Winter,274,360,75,141,9,12,3,5
India,17.75000063578288,80.75001271565755,Rapeseed Winter,274,360,75,141,9,12,3,5
India,17.75000063578288,81.25001271565755,Rapeseed Winter,274,360,75,141,9,12,3,5
India,17.75000063578288,81.75001271565755,Rapeseed Winter,274,360,75,141,9,12,3,5
India,17.75000063578288,82.25001271565755,Rapeseed Winter,274,360,75,141,9,12,3,5
India,17.75000063578288,82.75001271565755,Rapeseed Winter,274,360,75,141,9,12,3,5
India,17.75000063578288,83.25001271565755,Rapeseed Winter,274,360,75,141,9,12,3,5
India,18.25000063578288,73.25001271565755,Rapeseed Winter,274,360,75,141,9,12,3,5
India,18.25000063578288,73.75001271565755,Rapeseed Winter,274,360,75,141,9,12,3,5
India,18.25000063578288,74.25001271565755,Rapeseed Winter,274,360,75,141,9,12,3,5
India,18.25000063578288,74.75001271565755,Rapeseed Winter,274,360,75,141,9,12,3,5
India,18.25000063578288,75.25001271565755,Rapeseed Winter,274,360,75,141,9,12,3,5
India,18.25000063578288,75.75001271565755,Rapeseed Winter,274,360,75,141,9,12,3,5
India,18.25000063578288,76.25001271565755,Rapeseed Winter,274,360,75,141,9,12,3,5
India,18.25000063578288,76.75001271565755,Rapeseed Winter,274,360,75,141,9,12,3,5
India,18.25000063578288,77.25001271565755,Rapeseed Winter,274,360,75,141,9,12,3,5
India,18.25000063578288,77.75001271565755,Rapeseed Winter,274,360,75,141,9,12,3,5
India,18.25000063578288,78.25001271565755,Rapeseed Winter,274,360,75,141,9,12,3,5
India,18.25000063578288,78.75001271565755,Rapeseed Winter,274,360,75,141,9,12,3,5
India,18.25000063578288,79.25001271565755,Rapeseed Winter,274,360,75,141,9,12,3,5
India,18.25000063578288,79.75001271565755,Rapeseed Winter,274,360,75,141,9,12,3,5
India,18.25000063578288,80.25001271565755,Rapeseed Winter,274,360,75,141,9,12,3,5
India,18.25000063578288,80.75001271565755,Rapeseed Winter,274,360,75,141,9,12,3,5
India,18.25000063578288,81.25001271565755,Rapeseed Winter,274,360,75,141,9,12,3,5
India,18.25000063578288,81.75001271565755,Rapeseed Winter,274,360,75,141,9,12,3,5
India,18.25000063578288,82.25001271565755,Rapeseed Winter,274,360,75,141,9,12,3,5
India,18.25000063578288,82.75001271565755,Rapeseed Winter,274,360,75,141,9,12,3,5
India,18.25000063578288,83.25001271565755,Rapeseed Winter,274,360,75,141,9,12,3,5
India,18.25000063578288,83.75001271565755,Rapeseed Winter,274,360,75,141,9,12,3,5
India,18.75000063578288,73.25001271565755,Rapeseed Winter,274,360,75,141,9,12,3,5
India,18.75000063578288,73.75001271565755,Rapeseed Winter,274,360,75,141,9,12,3,5
India,18.75000063578288,74.25001271565755,Rapeseed Winter,274,360,75,141,9,12,3,5
India,18.75000063578288,74.75001271565755,Rapeseed Winter,274,360,75,141,9,12,3,5
India,18.75000063578288,75.25001271565755,Rapeseed Winter,274,360,75,141,9,12,3,5
India,18.75000063578288,75.75001271565755,Rapeseed Winter,274,360,75,141,9,12,3,5
India,18.75000063578288,76.25001271565755,Rapeseed Winter,274,360,75,141,9,12,3,5
India,18.75000063578288,76.75001271565755,Rapeseed Winter,274,360,75,141,9,12,3,5
India,18.75000063578288,77.25001271565755,Rapeseed Winter,274,360,75,141,9,12,3,5
India,18.75000063578288,77.75001271565755,Rapeseed Winter,274,360,75,141,9,12,3,5
India,18.75000063578288,78.25001271565755,Rapeseed Winter,274,360,75,141,9,12,3,5
India,18.75000063578288,78.75001271565755,Rapeseed Winter,274,360,75,141,9,12,3,5
India,18.75000063578288,79.25001271565755,Rapeseed Winter,274,360,75,141,9,12,3,5
India,18.75000063578288,79.75001271565755,Rapeseed Winter,274,360,75,141,9,12,3,5
India,18.75000063578288,80.25001271565755,Rapeseed Winter,274,360,75,141,9,12,3,5
India,18.75000063578288,80.75001271565755,Rapeseed Winter,274,360,75,141,9,12,3,5
India,18.75000063578288,81.25001271565755,Rapeseed Winter,274,360,75,141,9,12,3,5
India,18.75000063578288,81.75001271565755,Rapeseed Winter,274,360,75,141,9,12,3,5
India,18.75000063578288,82.25001271565755,Rapeseed Winter,274,360,75,141,9,12,3,5
India,18.75000063578288,82.75001271565755,Rapeseed Winter,274,360,75,141,9,12,3,5
India,18.75000063578288,83.25001271565755,Rapeseed Winter,274,360,75,141,9,12,3,5
India,18.75000063578288,83.75001271565755,Rapeseed Winter,274,360,75,141,9,12,3,5
India,18.75000063578288,84.25001271565755,Rapeseed Winter,274,360,75,141,9,12,3,5
India,19.25000063578288,73.25001271565755,Rapeseed Winter,274,360,75,141,9,12,3,5
India,19.25000063578288,73.75001271565755,Rapeseed Winter,274,360,75,141,9,12,3,5
India,19.25000063578288,74.25001271565755,Rapeseed Winter,274,360,75,141,9,12,3,5
India,19.25000063578288,74.75001271565755,Rapeseed Winter,274,360,75,141,9,12,3,5
India,19.25000063578288,75.25001271565755,Rapeseed Winter,274,360,75,141,9,12,3,5
India,19.25000063578288,75.75001271565755,Rapeseed Winter,274,360,75,141,9,12,3,5
India,19.25000063578288,76.25001271565755,Rapeseed Winter,274,360,75,141,9,12,3,5
India,19.25000063578288,76.75001271565755,Rapeseed Winter,274,360,75,141,9,12,3,5
India,19.25000063578288,77.25001271565755,Rapeseed Winter,274,360,75,141,9,12,3,5
India,19.25000063578288,77.75001271565755,Rapeseed Winter,274,360,75,141,9,12,3,5
India,19.25000063578288,78.25001271565755,Rapeseed Winter,274,360,75,141,9,12,3,5
India,19.25000063578288,78.75001271565755,Rapeseed Winter,274,360,75,141,9,12,3,5
India,19.25000063578288,79.25001271565755,Rapeseed Winter,274,360,75,141,9,12,3,5
India,19.25000063578288,79.75001271565755,Rapeseed Winter,274,360,75,141,9,12,3,5
India,19.25000063578288,80.25001271565755,Rapeseed Winter,274,360,75,141,9,12,3,5
India,19.25000063578288,80.75001271565755,Rapeseed Winter,274,360,75,141,9,12,3,5
India,19.25000063578288,81.25001271565755,Rapeseed Winter,274,360,75,141,9,12,3,5
India,19.25000063578288,81.75001271565755,Rapeseed Winter,274,360,75,141,9,12,3,5
India,19.25000063578288,82.25001271565755,Rapeseed Winter,274,360,75,141,9,12,3,5
India,19.25000063578288,82.75001271565755,Rapeseed Winter,274,360,75,141,9,12,3,5
India,19.25000063578288,83.25001271565755,Rapeseed Winter,274,360,75,141,9,12,3,5
India,19.25000063578288,83.75001271565755,Rapeseed Winter,274,360,75,141,9,12,3,5
India,19.25000063578288,84.25001271565755,Rapeseed Winter,274,360,75,141,9,12,3,5
India,19.25000063578288,84.75001271565755,Rapeseed Winter,274,360,75,141,9,12,3,5
India,19.75000063578288,72.75001271565755,Rapeseed Winter,274,360,75,141,9,12,3,5
India,19.75000063578288,73.25001271565755,Rapeseed Winter,274,360,75,141,9,12,3,5
India,19.75000063578288,73.75001271565755,Rapeseed Winter,274,360,75,141,9,12,3,5
India,19.75000063578288,74.25001271565755,Rapeseed Winter,274,360,75,141,9,12,3,5
India,19.75000063578288,74.75001271565755,Rapeseed Winter,274,360,75,141,9,12,3,5
India,19.75000063578288,75.25001271565755,Rapeseed Winter,274,360,75,141,9,12,3,5
India,19.75000063578288,75.75001271565755,Rapeseed Winter,274,360,75,141,9,12,3,5
India,19.75000063578288,76.25001271565755,Rapeseed Winter,274,360,75,141,9,12,3,5
India,19.75000063578288,76.75001271565755,Rapeseed Winter,274,360,75,141,9,12,3,5
India,19.75000063578288,77.25001271565755,Rapeseed Winter,274,360,75,141,9,12,3,5
India,19.75000063578288,77.75001271565755,Rapeseed Winter,274,360,75,141,9,12,3,5
India,19.75000063578288,78.25001271565755,Rapeseed Winter,274,360,75,141,9,12,3,5
India,19.75000063578288,78.75001271565755,Rapeseed Winter,274,360,75,141,9,12,3,5
India,19.75000063578288,79.25001271565755,Rapeseed Winter,274,360,75,141,9,12,3,5
India,19.75000063578288,79.75001271565755,Rapeseed Winter,274,360,75,141,9,12,3,5
India,19.75000063578288,80.25001271565755,Rapeseed Winter,274,360,75,141,9,12,3,5
India,19.75000063578288,80.75001271565755,Rapeseed Winter,274,360,75,141,9,12,3,5
India,19.75000063578288,81.25001271565755,Rapeseed Winter,274,360,75,141,9,12,3,5
India,19.75000063578288,81.75001271565755,Rapeseed Winter,274,360,75,141,9,12,3,5
India,19.75000063578288,82.25001271565755,Rapeseed Winter,274,360,75,141,9,12,3,5
India,19.75000063578288,82.75001271565755,Rapeseed Winter,274,360,75,141,9,12,3,5
India,19.75000063578288,83.25001271565755,Rapeseed Winter,274,360,75,141,9,12,3,5
India,19.75000063578288,83.75001271565755,Rapeseed Winter,274,360,75,141,9,12,3,5
India,19.75000063578288,84.25001271565755,Rapeseed Winter,274,360,75,141,9,12,3,5
India,19.75000063578288,84.75001271565755,Rapeseed Winter,274,360,75,141,9,12,3,5
India,20.25000063578288,72.75001271565755,Rapeseed Winter,274,360,75,141,9,12,3,5
India,20.25000063578288,73.25001271565755,Rapeseed Winter,274,360,75,141,9,12,3,5
India,20.25000063578288,73.75001271565755,Rapeseed Winter,274,360,75,141,9,12,3,5
India,20.25000063578288,74.25001271565755,Rapeseed Winter,274,360,75,141,9,12,3,5
India,20.25000063578288,74.75001271565755,Rapeseed Winter,274,360,75,141,9,12,3,5
India,20.25000063578288,75.25001271565755,Rapeseed Winter,274,360,75,141,9,12,3,5
India,20.25000063578288,75.75001271565755,Rapeseed Winter,274,360,75,141,9,12,3,5
India,20.25000063578288,76.25001271565755,Rapeseed Winter,274,360,75,141,9,12,3,5
India,20.25000063578288,76.75001271565755,Rapeseed Winter,274,360,75,141,9,12,3,5
India,20.25000063578288,77.25001271565755,Rapeseed Winter,274,360,75,141,9,12,3,5
India,20.25000063578288,77.75001271565755,Rapeseed Winter,274,360,75,141,9,12,3,5
India,20.25000063578288,78.25001271565755,Rapeseed Winter,274,360,75,141,9,12,3,5
India,20.25000063578288,78.75001271565755,Rapeseed Winter,274,360,75,141,9,12,3,5
India,20.25000063578288,79.25001271565755,Rapeseed Winter,274,360,75,141,9,12,3,5
India,20.25000063578288,79.75001271565755,Rapeseed Winter,274,360,75,141,9,12,3,5
India,20.25000063578288,80.25001271565755,Rapeseed Winter,274,360,75,141,9,12,3,5
India,20.25000063578288,80.75001271565755,Rapeseed Winter,274,360,75,141,9,12,3,5
India,20.25000063578288,81.25001271565755,Rapeseed Winter,274,360,75,141,9,12,3,5
India,20.25000063578288,81.75001271565755,Rapeseed Winter,274,360,75,141,9,12,3,5
India,20.25000063578288,82.25001271565755,Rapeseed Winter,274,360,75,141,9,12,3,5
India,20.25000063578288,82.75001271565755,Rapeseed Winter,274,360,75,141,9,12,3,5
India,20.25000063578288,83.25001271565755,Rapeseed Winter,274,360,75,141,9,12,3,5
India,20.25000063578288,83.75001271565755,Rapeseed Winter,274,360,75,141,9,12,3,5
India,20.25000063578288,84.25001271565755,Rapeseed Winter,274,360,75,141,9,12,3,5
India,20.25000063578288,84.75001271565755,Rapeseed Winter,274,360,75,141,9,12,3,5
India,20.25000063578288,85.25001271565755,Rapeseed Winter,274,360,75,141,9,12,3,5
India,20.25000063578288,85.75001271565755,Rapeseed Winter,274,360,75,141,9,12,3,5
India,20.25000063578288,86.25001271565755,Rapeseed Winter,274,360,75,141,9,12,3,5
India,20.75000063578288,70.75001271565755,Rapeseed Winter,274,360,75,141,9,12,3,5
India,20.75000063578288,73.25001271565755,Rapeseed Winter,274,360,75,141,9,12,3,5
India,20.75000063578288,73.75001271565755,Rapeseed Winter,274,360,75,141,9,12,3,5
India,20.75000063578288,74.25001271565755,Rapeseed Winter,274,360,75,141,9,12,3,5
India,20.75000063578288,74.75001271565755,Rapeseed Winter,274,360,75,141,9,12,3,5
India,20.75000063578288,75.25001271565755,Rapeseed Winter,274,360,75,141,9,12,3,5
India,20.75000063578288,75.75001271565755,Rapeseed Winter,274,360,75,141,9,12,3,5
India,20.75000063578288,76.25001271565755,Rapeseed Winter,274,360,75,141,9,12,3,5
India,20.75000063578288,76.75001271565755,Rapeseed Winter,274,360,75,141,9,12,3,5
India,20.75000063578288,77.25001271565755,Rapeseed Winter,274,360,75,141,9,12,3,5
India,20.75000063578288,77.75001271565755,Rapeseed Winter,274,360,75,141,9,12,3,5
India,20.75000063578288,78.25001271565755,Rapeseed Winter,274,360,75,141,9,12,3,5
India,20.75000063578288,78.75001271565755,Rapeseed Winter,274,360,75,141,9,12,3,5
India,20.75000063578288,79.25001271565755,Rapeseed Winter,274,360,75,141,9,12,3,5
India,20.75000063578288,79.75001271565755,Rapeseed Winter,274,360,75,141,9,12,3,5
India,20.75000063578288,80.25001271565755,Rapeseed Winter,274,360,75,141,9,12,3,5
India,20.75000063578288,80.75001271565755,Rapeseed Winter,274,360,75,141,9,12,3,5
India,20.75000063578288,81.25001271565755,Rapeseed Winter,274,360,75,141,9,12,3,5
India,20.75000063578288,81.75001271565755,Rapeseed Winter,274,360,75,141,9,12,3,5
India,20.75000063578288,82.25001271565755,Rapeseed Winter,274,360,75,141,9,12,3,5
India,20.75000063578288,82.75001271565755,Rapeseed Winter,274,360,75,141,9,12,3,5
India,20.75000063578288,83.25001271565755,Rapeseed Winter,274,360,75,141,9,12,3,5
India,20.75000063578288,83.75001271565755,Rapeseed Winter,274,360,75,141,9,12,3,5
India,20.75000063578288,84.25001271565755,Rapeseed Winter,274,360,75,141,9,12,3,5
India,20.75000063578288,84.75001271565755,Rapeseed Winter,274,360,75,141,9,12,3,5
India,20.75000063578288,85.25001271565755,Rapeseed Winter,274,360,75,141,9,12,3,5
India,20.75000063578288,85.75001271565755,Rapeseed Winter,274,360,75,141,9,12,3,5
India,20.75000063578288,86.25001271565755,Rapeseed Winter,274,360,75,141,9,12,3,5
India,20.75000063578288,86.75001271565755,Rapeseed Winter,274,360,75,141,9,12,3,5
India,21.25000063578288,70.25001271565755,Rapeseed Winter,274,360,75,141,9,12,3,5
India,21.25000063578288,70.75001271565755,Rapeseed Winter,274,360,75,141,9,12,3,5
India,21.25000063578288,71.25001271565755,Rapeseed Winter,274,360,75,141,9,12,3,5
India,21.25000063578288,71.75001271565755,Rapeseed Winter,274,360,75,141,9,12,3,5
India,21.25000063578288,72.75001271565755,Rapeseed Winter,274,360,75,141,9,12,3,5
India,21.25000063578288,73.25001271565755,Rapeseed Winter,274,360,75,141,9,12,3,5
India,21.25000063578288,73.75001271565755,Rapeseed Winter,274,360,75,141,9,12,3,5
India,21.25000063578288,74.25001271565755,Rapeseed Winter,274,360,75,141,9,12,3,5
India,21.25000063578288,74.75001271565755,Rapeseed Winter,274,360,75,141,9,12,3,5
India,21.25000063578288,75.25001271565755,Rapeseed Winter,274,360,75,141,9,12,3,5
India,21.25000063578288,75.75001271565755,Rapeseed Winter,274,360,75,141,9,12,3,5
India,21.25000063578288,76.25001271565755,Rapeseed Winter,274,360,75,141,9,12,3,5
India,21.25000063578288,76.75001271565755,Rapeseed Winter,274,360,75,141,9,12,3,5
India,21.25000063578288,77.25001271565755,Rapeseed Winter,274,360,75,141,9,12,3,5
India,21.25000063578288,77.75001271565755,Rapeseed Winter,274,360,75,141,9,12,3,5
India,21.25000063578288,78.25001271565755,Rapeseed Winter,274,360,75,141,9,12,3,5
India,21.25000063578288,78.75001271565755,Rapeseed Winter,274,360,75,141,9,12,3,5
India,21.25000063578288,79.25001271565755,Rapeseed Winter,274,360,75,141,9,12,3,5
India,21.25000063578288,79.75001271565755,Rapeseed Winter,274,360,75,141,9,12,3,5
India,21.25000063578288,80.25001271565755,Rapeseed Winter,274,360,75,141,9,12,3,5
India,21.25000063578288,80.75001271565755,Rapeseed Winter,274,360,75,141,9,12,3,5
India,21.25000063578288,81.25001271565755,Rapeseed Winter,274,360,75,141,9,12,3,5
India,21.25000063578288,81.75001271565755,Rapeseed Winter,274,360,75,141,9,12,3,5
India,21.25000063578288,82.25001271565755,Rapeseed Winter,274,360,75,141,9,12,3,5
India,21.25000063578288,82.75001271565755,Rapeseed Winter,274,360,75,141,9,12,3,5
India,21.25000063578288,83.25001271565755,Rapeseed Winter,274,360,75,141,9,12,3,5
India,21.25000063578288,83.75001271565755,Rapeseed Winter,274,360,75,141,9,12,3,5
India,21.25000063578288,84.25001271565755,Rapeseed Winter,274,360,75,141,9,12,3,5
India,21.25000063578288,84.75001271565755,Rapeseed Winter,274,360,75,141,9,12,3,5
India,21.25000063578288,85.25001271565755,Rapeseed Winter,274,360,75,141,9,12,3,5
India,21.25000063578288,85.75001271565755,Rapeseed Winter,274,360,75,141,9,12,3,5
India,21.25000063578288,86.25001271565755,Rapeseed Winter,274,360,75,141,9,12,3,5
India,21.25000063578288,86.75001271565755,Rapeseed Winter,274,360,75,141,9,12,3,5
India,21.75000063578288,69.75001271565755,Rapeseed Winter,274,360,75,141,9,12,3,5
India,21.75000063578288,70.25001271565755,Rapeseed Winter,274,360,75,141,9,12,3,5
India,21.75000063578288,70.75001271565755,Rapeseed Winter,274,360,75,141,9,12,3,5
India,21.75000063578288,71.25001271565755,Rapeseed Winter,274,360,75,141,9,12,3,5
India,21.75000063578288,71.75001271565755,Rapeseed Winter,274,360,75,141,9,12,3,5
India,21.75000063578288,72.75001271565755,Rapeseed Winter,274,360,75,141,9,12,3,5
India,21.75000063578288,73.25001271565755,Rapeseed Winter,274,360,75,141,9,12,3,5
India,21.75000063578288,73.75001271565755,Rapeseed Winter,274,360,75,141,9,12,3,5
India,21.75000063578288,74.25001271565755,Rapeseed Winter,274,360,75,141,9,12,3,5
India,21.75000063578288,74.75001271565755,Rapeseed Winter,274,360,75,141,9,12,3,5
India,21.75000063578288,75.25001271565755,Rapeseed Winter,274,360,75,141,9,12,3,5
India,21.75000063578288,75.75001271565755,Rapeseed Winter,274,360,75,141,9,12,3,5
India,21.75000063578288,76.25001271565755,Rapeseed Winter,274,360,75,141,9,12,3,5
India,21.75000063578288,76.75001271565755,Rapeseed Winter,274,360,75,141,9,12,3,5
India,21.75000063578288,77.25001271565755,Rapeseed Winter,274,360,75,141,9,12,3,5
India,21.75000063578288,77.75001271565755,Rapeseed Winter,274,360,75,141,9,12,3,5
India,21.75000063578288,78.25001271565755,Rapeseed Winter,274,360,75,141,9,12,3,5
India,21.75000063578288,78.75001271565755,Rapeseed Winter,274,360,75,141,9,12,3,5
India,21.75000063578288,79.25001271565755,Rapeseed Winter,274,360,75,141,9,12,3,5
India,21.75000063578288,79.75001271565755,Rapeseed Winter,274,360,75,141,9,12,3,5
India,21.75000063578288,80.25001271565755,Rapeseed Winter,274,360,75,141,9,12,3,5
India,21.75000063578288,80.75001271565755,Rapeseed Winter,274,360,75,141,9,12,3,5
India,21.75000063578288,81.25001271565755,Rapeseed Winter,274,360,75,141,9,12,3,5
India,21.75000063578288,81.75001271565755,Rapeseed Winter,274,360,75,141,9,12,3,5
India,21.75000063578288,82.25001271565755,Rapeseed Winter,274,360,75,141,9,12,3,5
India,21.75000063578288,82.75001271565755,Rapeseed Winter,274,360,75,141,9,12,3,5
India,21.75000063578288,83.25001271565755,Rapeseed Winter,274,360,75,141,9,12,3,5
India,21.75000063578288,83.75001271565755,Rapeseed Winter,274,360,75,141,9,12,3,5
India,21.75000063578288,84.25001271565755,Rapeseed Winter,274,360,75,141,9,12,3,5
India,21.75000063578288,84.75001271565755,Rapeseed Winter,274,360,75,141,9,12,3,5
India,21.75000063578288,85.25001271565755,Rapeseed Winter,274,360,75,141,9,12,3,5
India,21.75000063578288,85.75001271565755,Rapeseed Winter,274,360,75,141,9,12,3,5
India,21.75000063578288,86.25001271565755,Rapeseed Winter,274,360,75,141,9,12,3,5
India,21.75000063578288,86.75001271565755,Rapeseed Winter,274,360,75,141,9,12,3,5
India,21.75000063578288,87.25001271565755,Rapeseed Winter,274,360,75,141,9,12,3,5
India,21.75000063578288,87.75001271565755,Rapeseed Winter,274,360,75,141,9,12,3,5
India,21.75000063578288,88.25001271565755,Rapeseed Winter,274,360,75,141,9,12,3,5
India,21.75000063578288,88.75001271565755,Rapeseed Winter,274,360,75,141,9,12,3,5
India,22.25000063578288,69.25001271565755,Rapeseed Winter,274,360,75,141,9,12,3,5
India,22.25000063578288,69.75001271565755,Rapeseed Winter,274,360,75,141,9,12,3,5
India,22.25000063578288,70.25001271565755,Rapeseed Winter,274,360,75,141,9,12,3,5
India,22.25000063578288,70.75001271565755,Rapeseed Winter,274,360,75,141,9,12,3,5
India,22.25000063578288,71.25001271565755,Rapeseed Winter,274,360,75,141,9,12,3,5
India,22.25000063578288,71.75001271565755,Rapeseed Winter,274,360,75,141,9,12,3,5
India,22.25000063578288,72.75001271565755,Rapeseed Winter,274,360,75,141,9,12,3,5
India,22.25000063578288,73.25001271565755,Rapeseed Winter,274,360,75,141,9,12,3,5
India,22.25000063578288,73.75001271565755,Rapeseed Winter,274,360,75,141,9,12,3,5
India,22.25000063578288,74.25001271565755,Rapeseed Winter,274,360,75,141,9,12,3,5
India,22.25000063578288,74.75001271565755,Rapeseed Winter,274,360,75,141,9,12,3,5
India,22.25000063578288,75.25001271565755,Rapeseed Winter,274,360,75,141,9,12,3,5
India,22.25000063578288,75.75001271565755,Rapeseed Winter,274,360,75,141,9,12,3,5
India,22.25000063578288,76.25001271565755,Rapeseed Winter,274,360,75,141,9,12,3,5
India,22.25000063578288,76.75001271565755,Rapeseed Winter,274,360,75,141,9,12,3,5
India,22.25000063578288,77.25001271565755,Rapeseed Winter,274,360,75,141,9,12,3,5
India,22.25000063578288,77.75001271565755,Rapeseed Winter,274,360,75,141,9,12,3,5
India,22.25000063578288,78.25001271565755,Rapeseed Winter,274,360,75,141,9,12,3,5
India,22.25000063578288,78.75001271565755,Rapeseed Winter,274,360,75,141,9,12,3,5
India,22.25000063578288,79.25001271565755,Rapeseed Winter,274,360,75,141,9,12,3,5
India,22.25000063578288,79.75001271565755,Rapeseed Winter,274,360,75,141,9,12,3,5
India,22.25000063578288,80.25001271565755,Rapeseed Winter,274,360,75,141,9,12,3,5
India,22.25000063578288,80.75001271565755,Rapeseed Winter,274,360,75,141,9,12,3,5
India,22.25000063578288,81.25001271565755,Rapeseed Winter,274,360,75,141,9,12,3,5
India,22.25000063578288,81.75001271565755,Rapeseed Winter,274,360,75,141,9,12,3,5
India,22.25000063578288,82.25001271565755,Rapeseed Winter,274,360,75,141,9,12,3,5
India,22.25000063578288,82.75001271565755,Rapeseed Winter,274,360,75,141,9,12,3,5
India,22.25000063578288,83.25001271565755,Rapeseed Winter,274,360,75,141,9,12,3,5
India,22.25000063578288,83.75001271565755,Rapeseed Winter,274,360,75,141,9,12,3,5
India,22.25000063578288,84.25001271565755,Rapeseed Winter,274,360,75,141,9,12,3,5
India,22.25000063578288,84.75001271565755,Rapeseed Winter,274,360,75,141,9,12,3,5
India,22.25000063578288,85.25001271565755,Rapeseed Winter,274,360,75,141,9,12,3,5
India,22.25000063578288,85.75001271565755,Rapeseed Winter,274,360,75,141,9,12,3,5
India,22.25000063578288,86.25001271565755,Rapeseed Winter,274,360,75,141,9,12,3,5
India,22.25000063578288,86.75001271565755,Rapeseed Winter,274,360,75,141,9,12,3,5
India,22.25000063578288,87.25001271565755,Rapeseed Winter,274,360,75,141,9,12,3,5
India,22.25000063578288,87.75001271565755,Rapeseed Winter,274,360,75,141,9,12,3,5
India,22.25000063578288,88.25001271565755,Rapeseed Winter,274,360,75,141,9,12,3,5
India,22.25000063578288,88.75001271565755,Rapeseed Winter,274,360,75,141,9,12,3,5
India,22.25000063578288,92.75001271565756,Rapeseed Winter,274,360,75,141,9,12,3,5
India,22.75000063578288,70.75001271565755,Rapeseed Winter,274,360,75,141,9,12,3,5
India,22.75000063578288,71.25001271565755,Rapeseed Winter,274,360,75,141,9,12,3,5
India,22.75000063578288,71.75001271565755,Rapeseed Winter,274,360,75,141,9,12,3,5
India,22.75000063578288,72.25001271565755,Rapeseed Winter,274,360,75,141,9,12,3,5
India,22.75000063578288,72.75001271565755,Rapeseed Winter,274,360,75,141,9,12,3,5
India,22.75000063578288,73.25001271565755,Rapeseed Winter,274,360,75,141,9,12,3,5
India,22.75000063578288,73.75001271565755,Rapeseed Winter,274,360,75,141,9,12,3,5
India,22.75000063578288,74.25001271565755,Rapeseed Winter,274,360,75,141,9,12,3,5
India,22.75000063578288,74.75001271565755,Rapeseed Winter,274,360,75,141,9,12,3,5
India,22.75000063578288,75.25001271565755,Rapeseed Winter,274,360,75,141,9,12,3,5
India,22.75000063578288,75.75001271565755,Rapeseed Winter,274,360,75,141,9,12,3,5
India,22.75000063578288,76.25001271565755,Rapeseed Winter,274,360,75,141,9,12,3,5
India,22.75000063578288,76.75001271565755,Rapeseed Winter,274,360,75,141,9,12,3,5
India,22.75000063578288,77.25001271565755,Rapeseed Winter,274,360,75,141,9,12,3,5
India,22.75000063578288,77.75001271565755,Rapeseed Winter,274,360,75,141,9,12,3,5
India,22.75000063578288,78.25001271565755,Rapeseed Winter,274,360,75,141,9,12,3,5
India,22.75000063578288,78.75001271565755,Rapeseed Winter,274,360,75,141,9,12,3,5
India,22.75000063578288,79.25001271565755,Rapeseed Winter,274,360,75,141,9,12,3,5
India,22.75000063578288,79.75001271565755,Rapeseed Winter,274,360,75,141,9,12,3,5
India,22.75000063578288,80.25001271565755,Rapeseed Winter,274,360,75,141,9,12,3,5
India,22.75000063578288,80.75001271565755,Rapeseed Winter,274,360,75,141,9,12,3,5
India,22.75000063578288,81.25001271565755,Rapeseed Winter,274,360,75,141,9,12,3,5
India,22.75000063578288,81.75001271565755,Rapeseed Winter,274,360,75,141,9,12,3,5
India,22.75000063578288,82.25001271565755,Rapeseed Winter,274,360,75,141,9,12,3,5
India,22.75000063578288,82.75001271565755,Rapeseed Winter,274,360,75,141,9,12,3,5
India,22.75000063578288,83.25001271565755,Rapeseed Winter,274,360,75,141,9,12,3,5
India,22.75000063578288,83.75001271565755,Rapeseed Winter,274,360,75,141,9,12,3,5
India,22.75000063578288,84.25001271565755,Rapeseed Winter,274,360,75,141,9,12,3,5
India,22.75000063578288,84.75001271565755,Rapeseed Winter,274,360,75,141,9,12,3,5
India,22.75000063578288,85.25001271565755,Rapeseed Winter,274,360,75,141,9,12,3,5
India,22.75000063578288,85.75001271565755,Rapeseed Winter,274,360,75,141,9,12,3,5
India,22.75000063578288,86.25001271565755,Rapeseed Winter,274,360,75,141,9,12,3,5
India,22.75000063578288,86.75001271565755,Rapeseed Winter,274,360,75,141,9,12,3,5
India,22.75000063578288,87.25001271565755,Rapeseed Winter,274,360,75,141,9,12,3,5
India,22.75000063578288,87.75001271565755,Rapeseed Winter,274,360,75,141,9,12,3,5
India,22.75000063578288,88.25001271565755,Rapeseed Winter,274,360,75,141,9,12,3,5
India,22.75000063578288,88.75001271565755,Rapeseed Winter,274,360,75,141,9,12,3,5
India,22.75000063578288,92.75001271565756,Rapeseed Winter,274,360,75,141,9,12,3,5
India,23.25000063578288,68.75001271565755,Rapeseed Winter,274,360,75,141,9,12,3,5
India,23.25000063578288,69.25001271565755,Rapeseed Winter,274,360,75,141,9,12,3,5
India,23.25000063578288,69.75001271565755,Rapeseed Winter,274,360,75,141,9,12,3,5
India,23.25000063578288,70.25001271565755,Rapeseed Winter,274,360,75,141,9,12,3,5
India,23.25000063578288,70.75001271565755,Rapeseed Winter,274,360,75,141,9,12,3,5
India,23.25000063578288,71.25001271565755,Rapeseed Winter,274,360,75,141,9,12,3,5
India,23.25000063578288,71.75001271565755,Rapeseed Winter,274,360,75,141,9,12,3,5
India,23.25000063578288,72.25001271565755,Rapeseed Winter,274,360,75,141,9,12,3,5
India,23.25000063578288,72.75001271565755,Rapeseed Winter,274,360,75,141,9,12,3,5
India,23.25000063578288,73.25001271565755,Rapeseed Winter,274,360,75,141,9,12,3,5
India,23.25000063578288,73.75001271565755,Rapeseed Winter,274,360,75,141,9,12,3,5
India,23.25000063578288,74.25001271565755,Rapeseed Winter,274,360,75,141,9,12,3,5
India,23.25000063578288,74.75001271565755,Rapeseed Winter,274,360,75,141,9,12,3,5
India,23.25000063578288,75.25001271565755,Rapeseed Winter,274,360,75,141,9,12,3,5
India,23.25000063578288,75.75001271565755,Rapeseed Winter,274,360,75,141,9,12,3,5
India,23.25000063578288,76.25001271565755,Rapeseed Winter,274,360,75,141,9,12,3,5
India,23.25000063578288,76.75001271565755,Rapeseed Winter,274,360,75,141,9,12,3,5
India,23.25000063578288,77.25001271565755,Rapeseed Winter,274,360,75,141,9,12,3,5
India,23.25000063578288,77.75001271565755,Rapeseed Winter,274,360,75,141,9,12,3,5
India,23.25000063578288,78.25001271565755,Rapeseed Winter,274,360,75,141,9,12,3,5
India,23.25000063578288,78.75001271565755,Rapeseed Winter,274,360,75,141,9,12,3,5
India,23.25000063578288,79.25001271565755,Rapeseed Winter,274,360,75,141,9,12,3,5
India,23.25000063578288,79.75001271565755,Rapeseed Winter,274,360,75,141,9,12,3,5
India,23.25000063578288,80.25001271565755,Rapeseed Winter,274,360,75,141,9,12,3,5
India,23.25000063578288,80.75001271565755,Rapeseed Winter,274,360,75,141,9,12,3,5
India,23.25000063578288,81.25001271565755,Rapeseed Winter,274,360,75,141,9,12,3,5
India,23.25000063578288,81.75001271565755,Rapeseed Winter,274,360,75,141,9,12,3,5
India,23.25000063578288,82.25001271565755,Rapeseed Winter,274,360,75,141,9,12,3,5
India,23.25000063578288,82.75001271565755,Rapeseed Winter,274,360,75,141,9,12,3,5
India,23.25000063578288,83.25001271565755,Rapeseed Winter,274,360,75,141,9,12,3,5
India,23.25000063578288,83.75001271565755,Rapeseed Winter,274,360,75,141,9,12,3,5
India,23.25000063578288,84.25001271565755,Rapeseed Winter,274,360,75,141,9,12,3,5
India,23.25000063578288,84.75001271565755,Rapeseed Winter,274,360,75,141,9,12,3,5
India,23.25000063578288,85.25001271565755,Rapeseed Winter,274,360,75,141,9,12,3,5
India,23.25000063578288,85.75001271565755,Rapeseed Winter,274,360,75,141,9,12,3,5
India,23.25000063578288,86.25001271565755,Rapeseed Winter,274,360,75,141,9,12,3,5
India,23.25000063578288,86.75001271565755,Rapeseed Winter,274,360,75,141,9,12,3,5
India,23.25000063578288,87.25001271565755,Rapeseed Winter,274,360,75,141,9,12,3,5
India,23.25000063578288,87.75001271565755,Rapeseed Winter,274,360,75,141,9,12,3,5
India,23.25000063578288,88.25001271565755,Rapeseed Winter,274,360,75,141,9,12,3,5
India,23.25000063578288,92.75001271565756,Rapeseed Winter,274,360,75,141,9,12,3,5
India,23.25000063578288,93.25001271565756,Rapeseed Winter,274,360,75,141,9,12,3,5
India,23.75000063578288,68.25001271565755,Rapeseed Winter,274,360,75,141,9,12,3,5
India,23.75000063578288,68.75001271565755,Rapeseed Winter,274,360,75,141,9,12,3,5
India,23.75000063578288,69.25001271565755,Rapeseed Winter,274,360,75,141,9,12,3,5
India,23.75000063578288,69.75001271565755,Rapeseed Winter,274,360,75,141,9,12,3,5
India,23.75000063578288,70.25001271565755,Rapeseed Winter,274,360,75,141,9,12,3,5
India,23.75000063578288,70.75001271565755,Rapeseed Winter,274,360,75,141,9,12,3,5
India,23.75000063578288,71.25001271565755,Rapeseed Winter,274,360,75,141,9,12,3,5
India,23.75000063578288,71.75001271565755,Rapeseed Winter,274,360,75,141,9,12,3,5
India,23.75000063578288,72.25001271565755,Rapeseed Winter,274,360,75,141,9,12,3,5
India,23.75000063578288,72.75001271565755,Rapeseed Winter,274,360,75,141,9,12,3,5
India,23.75000063578288,73.25001271565755,Rapeseed Winter,274,360,75,141,9,12,3,5
India,23.75000063578288,73.75001271565755,Rapeseed Winter,274,360,75,141,9,12,3,5
India,23.75000063578288,74.25001271565755,Rapeseed Winter,274,360,75,141,9,12,3,5
India,23.75000063578288,74.75001271565755,Rapeseed Winter,274,360,75,141,9,12,3,5
India,23.75000063578288,75.25001271565755,Rapeseed Winter,274,360,75,141,9,12,3,5
India,23.75000063578288,75.75001271565755,Rapeseed Winter,274,360,75,141,9,12,3,5
India,23.75000063578288,76.25001271565755,Rapeseed Winter,274,360,75,141,9,12,3,5
India,23.75000063578288,76.75001271565755,Rapeseed Winter,274,360,75,141,9,12,3,5
India,23.75000063578288,77.25001271565755,Rapeseed Winter,274,360,75,141,9,12,3,5
India,23.75000063578288,77.75001271565755,Rapeseed Winter,274,360,75,141,9,12,3,5
India,23.75000063578288,78.25001271565755,Rapeseed Winter,274,360,75,141,9,12,3,5
India,23.75000063578288,78.75001271565755,Rapeseed Winter,274,360,75,141,9,12,3,5
India,23.75000063578288,79.25001271565755,Rapeseed Winter,274,360,75,141,9,12,3,5
India,23.75000063578288,79.75001271565755,Rapeseed Winter,274,360,75,141,9,12,3,5
India,23.75000063578288,80.25001271565755,Rapeseed Winter,274,360,75,141,9,12,3,5
India,23.75000063578288,80.75001271565755,Rapeseed Winter,274,360,75,141,9,12,3,5
India,23.75000063578288,81.25001271565755,Rapeseed Winter,274,360,75,141,9,12,3,5
India,23.75000063578288,81.75001271565755,Rapeseed Winter,274,360,75,141,9,12,3,5
India,23.75000063578288,82.25001271565755,Rapeseed Winter,274,360,75,141,9,12,3,5
India,23.75000063578288,82.75001271565755,Rapeseed Winter,274,360,75,141,9,12,3,5
India,23.75000063578288,83.25001271565755,Rapeseed Winter,274,360,75,141,9,12,3,5
India,23.75000063578288,83.75001271565755,Rapeseed Winter,274,360,75,141,9,12,3,5
India,23.75000063578288,84.25001271565755,Rapeseed Winter,274,360,75,141,9,12,3,5
India,23.75000063578288,84.75001271565755,Rapeseed Winter,274,360,75,141,9,12,3,5
India,23.75000063578288,85.25001271565755,Rapeseed Winter,274,360,75,141,9,12,3,5
India,23.75000063578288,85.75001271565755,Rapeseed Winter,274,360,75,141,9,12,3,5
India,23.75000063578288,86.25001271565755,Rapeseed Winter,274,360,75,141,9,12,3,5
India,23.75000063578288,86.75001271565755,Rapeseed Winter,274,360,75,141,9,12,3,5
India,23.75000063578288,87.25001271565755,Rapeseed Winter,274,360,75,141,9,12,3,5
India,23.75000063578288,87.75001271565755,Rapeseed Winter,274,360,75,141,9,12,3,5
India,23.75000063578288,88.25001271565755,Rapeseed Winter,274,360,75,141,9,12,3,5
India,23.75000063578288,91.25001271565756,Rapeseed Winter,274,360,75,141,9,12,3,5
India,23.75000063578288,91.75001271565756,Rapeseed Winter,274,360,75,141,9,12,3,5
India,23.75000063578288,92.25001271565756,Rapeseed Winter,274,360,75,141,9,12,3,5
India,23.75000063578288,92.75001271565756,Rapeseed Winter,274,360,75,141,9,12,3,5
India,23.75000063578288,93.25001271565756,Rapeseed Winter,274,360,75,141,9,12,3,5
India,24.25000063578288,71.25001271565755,Rapeseed Winter,274,360,75,141,9,12,3,5
India,24.25000063578288,71.75001271565755,Rapeseed Winter,274,360,75,141,9,12,3,5
India,24.25000063578288,72.25001271565755,Rapeseed Winter,274,360,75,141,9,12,3,5
India,24.25000063578288,72.75001271565755,Rapeseed Winter,274,360,75,141,9,12,3,5
India,24.25000063578288,73.25001271565755,Rapeseed Winter,274,360,75,141,9,12,3,5
India,24.25000063578288,73.75001271565755,Rapeseed Winter,274,360,75,141,9,12,3,5
India,24.25000063578288,74.25001271565755,Rapeseed Winter,274,360,75,141,9,12,3,5
India,24.25000063578288,74.75001271565755,Rapeseed Winter,274,360,75,141,9,12,3,5
India,24.25000063578288,75.25001271565755,Rapeseed Winter,274,360,75,141,9,12,3,5
India,24.25000063578288,75.75001271565755,Rapeseed Winter,274,360,75,141,9,12,3,5
India,24.25000063578288,76.25001271565755,Rapeseed Winter,274,360,75,141,9,12,3,5
India,24.25000063578288,76.75001271565755,Rapeseed Winter,274,360,75,141,9,12,3,5
India,24.25000063578288,77.25001271565755,Rapeseed Winter,274,360,75,141,9,12,3,5
India,24.25000063578288,77.75001271565755,Rapeseed Winter,274,360,75,141,9,12,3,5
India,24.25000063578288,78.25001271565755,Rapeseed Winter,274,360,75,141,9,12,3,5
India,24.25000063578288,78.75001271565755,Rapeseed Winter,274,360,75,141,9,12,3,5
India,24.25000063578288,79.25001271565755,Rapeseed Winter,274,360,75,141,9,12,3,5
India,24.25000063578288,79.75001271565755,Rapeseed Winter,274,360,75,141,9,12,3,5
India,24.25000063578288,80.25001271565755,Rapeseed Winter,274,360,75,141,9,12,3,5
India,24.25000063578288,80.75001271565755,Rapeseed Winter,274,360,75,141,9,12,3,5
India,24.25000063578288,81.25001271565755,Rapeseed Winter,274,360,75,141,9,12,3,5
India,24.25000063578288,81.75001271565755,Rapeseed Winter,274,360,75,141,9,12,3,5
India,24.25000063578288,82.25001271565755,Rapeseed Winter,274,360,75,141,9,12,3,5
India,24.25000063578288,82.75001271565755,Rapeseed Winter,274,360,75,141,9,12,3,5
India,24.25000063578288,83.25001271565755,Rapeseed Winter,274,360,75,141,9,12,3,5
India,24.25000063578288,83.75001271565755,Rapeseed Winter,274,360,75,141,9,12,3,5
India,24.25000063578288,84.25001271565755,Rapeseed Winter,274,360,75,141,9,12,3,5
India,24.25000063578288,84.75001271565755,Rapeseed Winter,274,360,75,141,9,12,3,5
India,24.25000063578288,85.25001271565755,Rapeseed Winter,274,360,75,141,9,12,3,5
India,24.25000063578288,85.75001271565755,Rapeseed Winter,274,360,75,141,9,12,3,5
India,24.25000063578288,86.25001271565755,Rapeseed Winter,274,360,75,141,9,12,3,5
India,24.25000063578288,86.75001271565755,Rapeseed Winter,274,360,75,141,9,12,3,5
India,24.25000063578288,87.25001271565755,Rapeseed Winter,274,360,75,141,9,12,3,5
India,24.25000063578288,87.75001271565755,Rapeseed Winter,274,360,75,141,9,12,3,5
India,24.25000063578288,88.25001271565755,Rapeseed Winter,274,360,75,141,9,12,3,5
India,24.25000063578288,92.25001271565756,Rapeseed Winter,274,360,75,141,9,12,3,5
India,24.25000063578288,92.75001271565756,Rapeseed Winter,274,360,75,141,9,12,3,5
India,24.25000063578288,93.25001271565756,Rapeseed Winter,274,360,75,141,9,12,3,5
India,24.25000063578288,93.75001271565756,Rapeseed Winter,274,360,75,141,9,12,3,5
India,24.25000063578288,94.25001271565756,Rapeseed Winter,274,360,75,141,9,12,3,5
India,24.75000063578288,71.25001271565755,Rapeseed Winter,274,360,75,141,9,12,3,5
India,24.75000063578288,71.75001271565755,Rapeseed Winter,274,360,75,141,9,12,3,5
India,24.75000063578288,72.25001271565755,Rapeseed Winter,274,360,75,141,9,12,3,5
India,24.75000063578288,72.75001271565755,Rapeseed Winter,274,360,75,141,9,12,3,5
India,24.75000063578288,73.25001271565755,Rapeseed Winter,274,360,75,141,9,12,3,5
India,24.75000063578288,73.75001271565755,Rapeseed Winter,274,360,75,141,9,12,3,5
India,24.75000063578288,74.25001271565755,Rapeseed Winter,274,360,75,141,9,12,3,5
India,24.75000063578288,74.75001271565755,Rapeseed Winter,274,360,75,141,9,12,3,5
India,24.75000063578288,75.25001271565755,Rapeseed Winter,274,360,75,141,9,12,3,5
India,24.75000063578288,75.75001271565755,Rapeseed Winter,274,360,75,141,9,12,3,5
India,24.75000063578288,76.25001271565755,Rapeseed Winter,274,360,75,141,9,12,3,5
India,24.75000063578288,76.75001271565755,Rapeseed Winter,274,360,75,141,9,12,3,5
India,24.75000063578288,77.25001271565755,Rapeseed Winter,274,360,75,141,9,12,3,5
India,24.75000063578288,77.75001271565755,Rapeseed Winter,274,360,75,141,9,12,3,5
India,24.75000063578288,78.25001271565755,Rapeseed Winter,274,360,75,141,9,12,3,5
India,24.75000063578288,78.75001271565755,Rapeseed Winter,274,360,75,141,9,12,3,5
India,24.75000063578288,79.25001271565755,Rapeseed Winter,274,360,75,141,9,12,3,5
India,24.75000063578288,79.75001271565755,Rapeseed Winter,274,360,75,141,9,12,3,5
India,24.75000063578288,80.25001271565755,Rapeseed Winter,274,360,75,141,9,12,3,5
India,24.75000063578288,80.75001271565755,Rapeseed Winter,274,360,75,141,9,12,3,5
India,24.75000063578288,81.25001271565755,Rapeseed Winter,274,360,75,141,9,12,3,5
India,24.75000063578288,81.75001271565755,Rapeseed Winter,274,360,75,141,9,12,3,5
India,24.75000063578288,82.25001271565755,Rapeseed Winter,274,360,75,141,9,12,3,5
India,24.75000063578288,82.75001271565755,Rapeseed Winter,274,360,75,141,9,12,3,5
India,24.75000063578288,83.25001271565755,Rapeseed Winter,274,360,75,141,9,12,3,5
India,24.75000063578288,83.75001271565755,Rapeseed Winter,274,360,75,141,9,12,3,5
India,24.75000063578288,84.25001271565755,Rapeseed Winter,274,360,75,141,9,12,3,5
India,24.75000063578288,84.75001271565755,Rapeseed Winter,274,360,75,141,9,12,3,5
India,24.75000063578288,85.25001271565755,Rapeseed Winter,274,360,75,141,9,12,3,5
India,24.75000063578288,85.75001271565755,Rapeseed Winter,274,360,75,141,9,12,3,5
India,24.75000063578288,86.25001271565755,Rapeseed Winter,274,360,75,141,9,12,3,5
India,24.75000063578288,86.75001271565755,Rapeseed Winter,274,360,75,141,9,12,3,5
India,24.75000063578288,87.25001271565755,Rapeseed Winter,274,360,75,141,9,12,3,5
India,24.75000063578288,87.75001271565755,Rapeseed Winter,274,360,75,141,9,12,3,5
India,24.75000063578288,92.75001271565756,Rapeseed Winter,274,360,75,141,9,12,3,5
India,24.75000063578288,93.25001271565756,Rapeseed Winter,274,360,75,141,9,12,3,5
India,24.75000063578288,93.75001271565756,Rapeseed Winter,274,360,75,141,9,12,3,5
India,24.75000063578288,94.25001271565756,Rapeseed Winter,274,360,75,141,9,12,3,5
India,25.25000063578288,71.25001271565755,Rapeseed Winter,274,360,75,141,9,12,3,5
India,25.25000063578288,71.75001271565755,Rapeseed Winter,274,360,75,141,9,12,3,5
India,25.25000063578288,72.25001271565755,Rapeseed Winter,274,360,75,141,9,12,3,5
India,25.25000063578288,72.75001271565755,Rapeseed Winter,274,360,75,141,9,12,3,5
India,25.25000063578288,73.25001271565755,Rapeseed Winter,274,360,75,141,9,12,3,5
India,25.25000063578288,73.75001271565755,Rapeseed Winter,274,360,75,141,9,12,3,5
India,25.25000063578288,74.25001271565755,Rapeseed Winter,274,360,75,141,9,12,3,5
India,25.25000063578288,74.75001271565755,Rapeseed Winter,274,360,75,141,9,12,3,5
India,25.25000063578288,75.25001271565755,Rapeseed Winter,274,360,75,141,9,12,3,5
India,25.25000063578288,75.75001271565755,Rapeseed Winter,274,360,75,141,9,12,3,5
India,25.25000063578288,76.25001271565755,Rapeseed Winter,274,360,75,141,9,12,3,5
India,25.25000063578288,76.75001271565755,Rapeseed Winter,274,360,75,141,9,12,3,5
India,25.25000063578288,77.25001271565755,Rapeseed Winter,274,360,75,141,9,12,3,5
India,25.25000063578288,77.75001271565755,Rapeseed Winter,274,360,75,141,9,12,3,5
India,25.25000063578288,78.25001271565755,Rapeseed Winter,274,360,75,141,9,12,3,5
India,25.25000063578288,78.75001271565755,Rapeseed Winter,274,360,75,141,9,12,3,5
India,25.25000063578288,79.25001271565755,Rapeseed Winter,274,360,75,141,9,12,3,5
India,25.25000063578288,79.75001271565755,Rapeseed Winter,274,360,75,141,9,12,3,5
India,25.25000063578288,80.25001271565755,Rapeseed Winter,274,360,75,141,9,12,3,5
India,25.25000063578288,80.75001271565755,Rapeseed Winter,274,360,75,141,9,12,3,5
India,25.25000063578288,81.25001271565755,Rapeseed Winter,274,360,75,141,9,12,3,5
India,25.25000063578288,81.75001271565755,Rapeseed Winter,274,360,75,141,9,12,3,5
India,25.25000063578288,82.25001271565755,Rapeseed Winter,274,360,75,141,9,12,3,5
India,25.25000063578288,82.75001271565755,Rapeseed Winter,274,360,75,141,9,12,3,5
India,25.25000063578288,83.25001271565755,Rapeseed Winter,274,360,75,141,9,12,3,5
India,25.25000063578288,83.75001271565755,Rapeseed Winter,274,360,75,141,9,12,3,5
India,25.25000063578288,84.25001271565755,Rapeseed Winter,274,360,75,141,9,12,3,5
India,25.25000063578288,84.75001271565755,Rapeseed Winter,274,360,75,141,9,12,3,5
India,25.25000063578288,85.25001271565755,Rapeseed Winter,274,360,75,141,9,12,3,5
India,25.25000063578288,85.75001271565755,Rapeseed Winter,274,360,75,141,9,12,3,5
India,25.25000063578288,86.25001271565755,Rapeseed Winter,274,360,75,141,9,12,3,5
India,25.25000063578288,86.75001271565755,Rapeseed Winter,274,360,75,141,9,12,3,5
India,25.25000063578288,87.25001271565755,Rapeseed Winter,274,360,75,141,9,12,3,5
India,25.25000063578288,87.75001271565755,Rapeseed Winter,274,360,75,141,9,12,3,5
India,25.25000063578288,88.25001271565755,Rapeseed Winter,274,360,75,141,9,12,3,5
India,25.25000063578288,88.75001271565755,Rapeseed Winter,274,360,75,141,9,12,3,5
India,25.25000063578288,90.25001271565756,Rapeseed Winter,274,360,75,141,9,12,3,5
India,25.25000063578288,90.75001271565756,Rapeseed Winter,274,360,75,141,9,12,3,5
India,25.25000063578288,91.25001271565756,Rapeseed Winter,274,360,75,141,9,12,3,5
India,25.25000063578288,91.75001271565756,Rapeseed Winter,274,360,75,141,9,12,3,5
India,25.25000063578288,92.25001271565756,Rapeseed Winter,274,360,75,141,9,12,3,5
India,25.25000063578288,92.75001271565756,Rapeseed Winter,274,360,75,141,9,12,3,5
India,25.25000063578288,93.25001271565756,Rapeseed Winter,274,360,75,141,9,12,3,5
India,25.25000063578288,93.75001271565756,Rapeseed Winter,274,360,75,141,9,12,3,5
India,25.25000063578288,94.25001271565756,Rapeseed Winter,274,360,75,141,9,12,3,5
India,25.75000063578288,70.75001271565755,Rapeseed Winter,274,360,75,141,9,12,3,5
India,25.75000063578288,71.25001271565755,Rapeseed Winter,274,360,75,141,9,12,3,5
India,25.75000063578288,71.75001271565755,Rapeseed Winter,274,360,75,141,9,12,3,5
India,25.75000063578288,72.25001271565755,Rapeseed Winter,274,360,75,141,9,12,3,5
India,25.75000063578288,72.75001271565755,Rapeseed Winter,274,360,75,141,9,12,3,5
India,25.75000063578288,73.25001271565755,Rapeseed Winter,274,360,75,141,9,12,3,5
India,25.75000063578288,73.75001271565755,Rapeseed Winter,274,360,75,141,9,12,3,5
India,25.75000063578288,74.25001271565755,Rapeseed Winter,274,360,75,141,9,12,3,5
India,25.75000063578288,74.75001271565755,Rapeseed Winter,274,360,75,141,9,12,3,5
India,25.75000063578288,75.25001271565755,Rapeseed Winter,274,360,75,141,9,12,3,5
India,25.75000063578288,75.75001271565755,Rapeseed Winter,274,360,75,141,9,12,3,5
India,25.75000063578288,76.25001271565755,Rapeseed Winter,274,360,75,141,9,12,3,5
India,25.75000063578288,76.75001271565755,Rapeseed Winter,274,360,75,141,9,12,3,5
India,25.75000063578288,77.25001271565755,Rapeseed Winter,274,360,75,141,9,12,3,5
India,25.75000063578288,77.75001271565755,Rapeseed Winter,274,360,75,141,9,12,3,5
India,25.75000063578288,78.25001271565755,Rapeseed Winter,274,360,75,141,9,12,3,5
India,25.75000063578288,78.75001271565755,Rapeseed Winter,274,360,75,141,9,12,3,5
India,25.75000063578288,79.25001271565755,Rapeseed Winter,274,360,75,141,9,12,3,5
India,25.75000063578288,79.75001271565755,Rapeseed Winter,274,360,75,141,9,12,3,5
India,25.75000063578288,80.25001271565755,Rapeseed Winter,274,360,75,141,9,12,3,5
India,25.75000063578288,80.75001271565755,Rapeseed Winter,274,360,75,141,9,12,3,5
India,25.75000063578288,81.25001271565755,Rapeseed Winter,274,360,75,141,9,12,3,5
India,25.75000063578288,81.75001271565755,Rapeseed Winter,274,360,75,141,9,12,3,5
India,25.75000063578288,82.25001271565755,Rapeseed Winter,274,360,75,141,9,12,3,5
India,25.75000063578288,82.75001271565755,Rapeseed Winter,274,360,75,141,9,12,3,5
India,25.75000063578288,83.25001271565755,Rapeseed Winter,274,360,75,141,9,12,3,5
India,25.75000063578288,83.75001271565755,Rapeseed Winter,274,360,75,141,9,12,3,5
India,25.75000063578288,84.25001271565755,Rapeseed Winter,274,360,75,141,9,12,3,5
India,25.75000063578288,84.75001271565755,Rapeseed Winter,274,360,75,141,9,12,3,5
India,25.75000063578288,85.25001271565755,Rapeseed Winter,274,360,75,141,9,12,3,5
India,25.75000063578288,85.75001271565755,Rapeseed Winter,274,360,75,141,9,12,3,5
India,25.75000063578288,86.25001271565755,Rapeseed Winter,274,360,75,141,9,12,3,5
India,25.75000063578288,86.75001271565755,Rapeseed Winter,274,360,75,141,9,12,3,5
India,25.75000063578288,87.25001271565755,Rapeseed Winter,274,360,75,141,9,12,3,5
India,25.75000063578288,87.75001271565755,Rapeseed Winter,274,360,75,141,9,12,3,5
India,25.75000063578288,88.25001271565755,Rapeseed Winter,274,360,75,141,9,12,3,5
India,25.75000063578288,90.25001271565756,Rapeseed Winter,274,360,75,141,9,12,3,5
India,25.75000063578288,90.75001271565756,Rapeseed Winter,274,360,75,141,9,12,3,5
India,25.75000063578288,91.25001271565756,Rapeseed Winter,274,360,75,141,9,12,3,5
India,25.75000063578288,91.75001271565756,Rapeseed Winter,274,360,75,141,9,12,3,5
India,25.75000063578288,92.25001271565756,Rapeseed Winter,274,360,75,141,9,12,3,5
India,25.75000063578288,92.75001271565756,Rapeseed Winter,274,360,75,141,9,12,3,5
India,25.75000063578288,93.25001271565756,Rapeseed Winter,274,360,75,141,9,12,3,5
India,25.75000063578288,93.75001271565756,Rapeseed Winter,274,360,75,141,9,12,3,5
India,25.75000063578288,94.25001271565756,Rapeseed Winter,274,360,75,141,9,12,3,5
India,25.75000063578288,94.75001271565756,Rapeseed Winter,274,360,75,141,9,12,3,5
India,26.25000063578288,70.25001271565755,Rapeseed Winter,274,360,75,141,9,12,3,5
India,26.25000063578288,70.75001271565755,Rapeseed Winter,274,360,75,141,9,12,3,5
India,26.25000063578288,71.25001271565755,Rapeseed Winter,274,360,75,141,9,12,3,5
India,26.25000063578288,71.75001271565755,Rapeseed Winter,274,360,75,141,9,12,3,5
India,26.25000063578288,72.25001271565755,Rapeseed Winter,274,360,75,141,9,12,3,5
India,26.25000063578288,72.75001271565755,Rapeseed Winter,274,360,75,141,9,12,3,5
India,26.25000063578288,73.25001271565755,Rapeseed Winter,274,360,75,141,9,12,3,5
India,26.25000063578288,73.75001271565755,Rapeseed Winter,274,360,75,141,9,12,3,5
India,26.25000063578288,74.25001271565755,Rapeseed Winter,274,360,75,141,9,12,3,5
India,26.25000063578288,74.75001271565755,Rapeseed Winter,274,360,75,141,9,12,3,5
India,26.25000063578288,75.25001271565755,Rapeseed Winter,274,360,75,141,9,12,3,5
India,26.25000063578288,75.75001271565755,Rapeseed Winter,274,360,75,141,9,12,3,5
India,26.25000063578288,76.25001271565755,Rapeseed Winter,274,360,75,141,9,12,3,5
India,26.25000063578288,76.75001271565755,Rapeseed Winter,274,360,75,141,9,12,3,5
India,26.25000063578288,77.25001271565755,Rapeseed Winter,274,360,75,141,9,12,3,5
India,26.25000063578288,77.75001271565755,Rapeseed Winter,274,360,75,141,9,12,3,5
India,26.25000063578288,78.25001271565755,Rapeseed Winter,274,360,75,141,9,12,3,5
India,26.25000063578288,78.75001271565755,Rapeseed Winter,274,360,75,141,9,12,3,5
India,26.25000063578288,79.25001271565755,Rapeseed Winter,274,360,75,141,9,12,3,5
India,26.25000063578288,79.75001271565755,Rapeseed Winter,274,360,75,141,9,12,3,5
India,26.25000063578288,80.25001271565755,Rapeseed Winter,274,360,75,141,9,12,3,5
India,26.25000063578288,80.75001271565755,Rapeseed Winter,274,360,75,141,9,12,3,5
India,26.25000063578288,81.25001271565755,Rapeseed Winter,274,360,75,141,9,12,3,5
India,26.25000063578288,81.75001271565755,Rapeseed Winter,274,360,75,141,9,12,3,5
India,26.25000063578288,82.25001271565755,Rapeseed Winter,274,360,75,141,9,12,3,5
India,26.25000063578288,82.75001271565755,Rapeseed Winter,274,360,75,141,9,12,3,5
India,26.25000063578288,83.25001271565755,Rapeseed Winter,274,360,75,141,9,12,3,5
India,26.25000063578288,83.75001271565755,Rapeseed Winter,274,360,75,141,9,12,3,5
India,26.25000063578288,84.25001271565755,Rapeseed Winter,274,360,75,141,9,12,3,5
India,26.25000063578288,84.75001271565755,Rapeseed Winter,274,360,75,141,9,12,3,5
India,26.25000063578288,85.25001271565755,Rapeseed Winter,274,360,75,141,9,12,3,5
India,26.25000063578288,85.75001271565755,Rapeseed Winter,274,360,75,141,9,12,3,5
India,26.25000063578288,86.25001271565755,Rapeseed Winter,274,360,75,141,9,12,3,5
India,26.25000063578288,86.75001271565755,Rapeseed Winter,274,360,75,141,9,12,3,5
India,26.25000063578288,87.25001271565755,Rapeseed Winter,274,360,75,141,9,12,3,5
India,26.25000063578288,87.75001271565755,Rapeseed Winter,274,360,75,141,9,12,3,5
India,26.25000063578288,88.25001271565755,Rapeseed Winter,274,360,75,141,9,12,3,5
India,26.25000063578288,89.25001271565755,Rapeseed Winter,274,360,75,141,9,12,3,5
India,26.25000063578288,89.75001271565755,Rapeseed Winter,274,360,75,141,9,12,3,5
India,26.25000063578288,90.25001271565756,Rapeseed Winter,274,360,75,141,9,12,3,5
India,26.25000063578288,90.75001271565756,Rapeseed Winter,274,360,75,141,9,12,3,5
India,26.25000063578288,91.25001271565756,Rapeseed Winter,274,360,75,141,9,12,3,5
India,26.25000063578288,91.75001271565756,Rapeseed Winter,274,360,75,141,9,12,3,5
India,26.25000063578288,92.25001271565756,Rapeseed Winter,274,360,75,141,9,12,3,5
India,26.25000063578288,92.75001271565756,Rapeseed Winter,274,360,75,141,9,12,3,5
India,26.25000063578288,93.25001271565756,Rapeseed Winter,274,360,75,141,9,12,3,5
India,26.25000063578288,93.75001271565756,Rapeseed Winter,274,360,75,141,9,12,3,5
India,26.25000063578288,94.25001271565756,Rapeseed Winter,274,360,75,141,9,12,3,5
India,26.25000063578288,94.75001271565756,Rapeseed Winter,274,360,75,141,9,12,3,5
India,26.75000063578288,69.75001271565755,Rapeseed Winter,274,360,75,141,9,12,3,5
India,26.75000063578288,70.25001271565755,Rapeseed Winter,274,360,75,141,9,12,3,5
India,26.75000063578288,70.75001271565755,Rapeseed Winter,274,360,75,141,9,12,3,5
India,26.75000063578288,71.25001271565755,Rapeseed Winter,274,360,75,141,9,12,3,5
India,26.75000063578288,71.75001271565755,Rapeseed Winter,274,360,75,141,9,12,3,5
India,26.75000063578288,72.25001271565755,Rapeseed Winter,274,360,75,141,9,12,3,5
India,26.75000063578288,72.75001271565755,Rapeseed Winter,274,360,75,141,9,12,3,5
India,26.75000063578288,73.25001271565755,Rapeseed Winter,274,360,75,141,9,12,3,5
India,26.75000063578288,73.75001271565755,Rapeseed Winter,274,360,75,141,9,12,3,5
India,26.75000063578288,74.25001271565755,Rapeseed Winter,274,360,75,141,9,12,3,5
India,26.75000063578288,74.75001271565755,Rapeseed Winter,274,360,75,141,9,12,3,5
India,26.75000063578288,75.25001271565755,Rapeseed Winter,274,360,75,141,9,12,3,5
India,26.75000063578288,75.75001271565755,Rapeseed Winter,274,360,75,141,9,12,3,5
India,26.75000063578288,76.25001271565755,Rapeseed Winter,274,360,75,141,9,12,3,5
India,26.75000063578288,76.75001271565755,Rapeseed Winter,274,360,75,141,9,12,3,5
India,26.75000063578288,77.25001271565755,Rapeseed Winter,274,360,75,141,9,12,3,5
India,26.75000063578288,77.75001271565755,Rapeseed Winter,274,360,75,141,9,12,3,5
India,26.75000063578288,78.25001271565755,Rapeseed Winter,274,360,75,141,9,12,3,5
India,26.75000063578288,78.75001271565755,Rapeseed Winter,274,360,75,141,9,12,3,5
India,26.75000063578288,79.25001271565755,Rapeseed Winter,274,360,75,141,9,12,3,5
India,26.75000063578288,79.75001271565755,Rapeseed Winter,274,360,75,141,9,12,3,5
India,26.75000063578288,80.25001271565755,Rapeseed Winter,274,360,75,141,9,12,3,5
India,26.75000063578288,80.75001271565755,Rapeseed Winter,274,360,75,141,9,12,3,5
India,26.75000063578288,81.25001271565755,Rapeseed Winter,274,360,75,141,9,12,3,5
India,26.75000063578288,81.75001271565755,Rapeseed Winter,274,360,75,141,9,12,3,5
India,26.75000063578288,82.25001271565755,Rapeseed Winter,274,360,75,141,9,12,3,5
India,26.75000063578288,82.75001271565755,Rapeseed Winter,274,360,75,141,9,12,3,5
India,26.75000063578288,83.25001271565755,Rapeseed Winter,274,360,75,141,9,12,3,5
India,26.75000063578288,83.75001271565755,Rapeseed Winter,274,360,75,141,9,12,3,5
India,26.75000063578288,84.25001271565755,Rapeseed Winter,274,360,75,141,9,12,3,5
India,26.75000063578288,84.75001271565755,Rapeseed Winter,274,360,75,141,9,12,3,5
India,26.75000063578288,88.25001271565755,Rapeseed Winter,274,360,75,141,9,12,3,5
India,26.75000063578288,88.75001271565755,Rapeseed Winter,274,360,75,141,9,12,3,5
India,26.75000063578288,89.25001271565755,Rapeseed Winter,274,360,75,141,9,12,3,5
India,26.75000063578288,90.25001271565756,Rapeseed Winter,274,360,75,141,9,12,3,5
India,26.75000063578288,90.75001271565756,Rapeseed Winter,274,360,75,141,9,12,3,5
India,26.75000063578288,91.25001271565756,Rapeseed Winter,274,360,75,141,9,12,3,5
India,26.75000063578288,91.75001271565756,Rapeseed Winter,274,360,75,141,9,12,3,5
India,26.75000063578288,92.25001271565756,Rapeseed Winter,274,360,75,141,9,12,3,5
India,26.75000063578288,92.75001271565756,Rapeseed Winter,274,360,75,141,9,12,3,5
India,26.75000063578288,93.25001271565756,Rapeseed Winter,274,360,75,141,9,12,3,5
India,26.75000063578288,93.75001271565756,Rapeseed Winter,274,360,75,141,9,12,3,5
India,26.75000063578288,94.25001271565756,Rapeseed Winter,274,360,75,141,9,12,3,5
India,26.75000063578288,94.75001271565756,Rapeseed Winter,274,360,75,141,9,12,3,5
India,26.75000063578288,95.25001271565756,Rapeseed Winter,274,360,75,141,9,12,3,5
India,27.25000063578288,69.75001271565755,Rapeseed Winter,274,360,75,141,9,12,3,5
India,27.25000063578288,70.25001271565755,Rapeseed Winter,274,360,75,141,9,12,3,5
India,27.25000063578288,70.75001271565755,Rapeseed Winter,274,360,75,141,9,12,3,5
India,27.25000063578288,71.25001271565755,Rapeseed Winter,274,360,75,141,9,12,3,5
India,27.25000063578288,71.75001271565755,Rapeseed Winter,274,360,75,141,9,12,3,5
India,27.25000063578288,72.25001271565755,Rapeseed Winter,274,360,75,141,9,12,3,5
India,27.25000063578288,72.75001271565755,Rapeseed Winter,274,360,75,141,9,12,3,5
India,27.25000063578288,73.25001271565755,Rapeseed Winter,274,360,75,141,9,12,3,5
India,27.25000063578288,73.75001271565755,Rapeseed Winter,274,360,75,141,9,12,3,5
India,27.25000063578288,74.25001271565755,Rapeseed Winter,274,360,75,141,9,12,3,5
India,27.25000063578288,74.75001271565755,Rapeseed Winter,274,360,75,141,9,12,3,5
India,27.25000063578288,75.25001271565755,Rapeseed Winter,274,360,75,141,9,12,3,5
India,27.25000063578288,75.75001271565755,Rapeseed Winter,274,360,75,141,9,12,3,5
India,27.25000063578288,76.25001271565755,Rapeseed Winter,274,360,75,141,9,12,3,5
India,27.25000063578288,76.75001271565755,Rapeseed Winter,274,360,75,141,9,12,3,5
India,27.25000063578288,77.25001271565755,Rapeseed Winter,274,360,75,141,9,12,3,5
India,27.25000063578288,77.75001271565755,Rapeseed Winter,274,360,75,141,9,12,3,5
India,27.25000063578288,78.25001271565755,Rapeseed Winter,274,360,75,141,9,12,3,5
India,27.25000063578288,78.75001271565755,Rapeseed Winter,274,360,75,141,9,12,3,5
India,27.25000063578288,79.25001271565755,Rapeseed Winter,274,360,75,141,9,12,3,5
India,27.25000063578288,79.75001271565755,Rapeseed Winter,274,360,75,141,9,12,3,5
India,27.25000063578288,80.25001271565755,Rapeseed Winter,274,360,75,141,9,12,3,5
India,27.25000063578288,80.75001271565755,Rapeseed Winter,274,360,75,141,9,12,3,5
India,27.25000063578288,81.25001271565755,Rapeseed Winter,274,360,75,141,9,12,3,5
India,27.25000063578288,81.75001271565755,Rapeseed Winter,274,360,75,141,9,12,3,5
India,27.25000063578288,82.25001271565755,Rapeseed Winter,274,360,75,141,9,12,3,5
India,27.25000063578288,82.75001271565755,Rapeseed Winter,274,360,75,141,9,12,3,5
India,27.25000063578288,83.25001271565755,Rapeseed Winter,274,360,75,141,9,12,3,5
India,27.25000063578288,83.75001271565755,Rapeseed Winter,274,360,75,141,9,12,3,5
India,27.25000063578288,84.25001271565755,Rapeseed Winter,274,360,75,141,9,12,3,5
India,27.25000063578288,88.25001271565755,Rapeseed Winter,274,360,75,141,9,12,3,5
India,27.25000063578288,88.75001271565755,Rapeseed Winter,274,360,75,141,9,12,3,5
India,27.25000063578288,92.25001271565756,Rapeseed Winter,274,360,75,141,9,12,3,5
India,27.25000063578288,92.75001271565756,Rapeseed Winter,274,360,75,141,9,12,3,5
India,27.25000063578288,93.25001271565756,Rapeseed Winter,274,360,75,141,9,12,3,5
India,27.25000063578288,93.75001271565756,Rapeseed Winter,274,360,75,141,9,12,3,5
India,27.25000063578288,94.25001271565756,Rapeseed Winter,288,336,15,56,10,12,1,2
India,27.25000063578288,94.75001271565756,Rapeseed Winter,274,360,75,141,9,12,3,5
India,27.25000063578288,95.25001271565756,Rapeseed Winter,288,336,15,56,10,12,1,2
India,27.25000063578288,95.75001271565756,Rapeseed Winter,274,360,75,141,9,12,3,5
India,27.75000127156576,70.25001271565755,Rapeseed Winter,274,360,75,141,9,12,3,5
India,27.75000127156576,71.25001271565755,Rapeseed Winter,274,360,75,141,9,12,3,5
India,27.75000127156576,71.75001271565755,Rapeseed Winter,274,360,75,141,9,12,3,5
India,27.75000127156576,72.25001271565755,Rapeseed Winter,274,360,75,141,9,12,3,5
India,27.75000127156576,72.75001271565755,Rapeseed Winter,274,360,75,141,9,12,3,5
India,27.75000127156576,73.25001271565755,Rapeseed Winter,274,360,75,141,9,12,3,5
India,27.75000127156576,73.75001271565755,Rapeseed Winter,274,360,75,141,9,12,3,5
India,27.75000127156576,74.25001271565755,Rapeseed Winter,274,360,75,141,9,12,3,5
India,27.75000127156576,74.75001271565755,Rapeseed Winter,274,360,75,141,9,12,3,5
India,27.75000127156576,75.25001271565755,Rapeseed Winter,274,360,75,141,9,12,3,5
India,27.75000127156576,75.75001271565755,Rapeseed Winter,274,360,75,141,9,12,3,5
India,27.75000127156576,76.25001271565755,Rapeseed Winter,274,360,75,141,9,12,3,5
India,27.75000127156576,76.75001271565755,Rapeseed Winter,274,360,75,141,9,12,3,5
India,27.75000127156576,77.25001271565755,Rapeseed Winter,274,360,75,141,9,12,3,5
India,27.75000127156576,77.75001271565755,Rapeseed Winter,274,360,75,141,9,12,3,5
India,27.75000127156576,78.25001271565755,Rapeseed Winter,274,360,75,141,9,12,3,5
India,27.75000127156576,78.75001271565755,Rapeseed Winter,274,360,75,141,9,12,3,5
India,27.75000127156576,79.25001271565755,Rapeseed Winter,274,360,75,141,9,12,3,5
India,27.75000127156576,79.75001271565755,Rapeseed Winter,274,360,75,141,9,12,3,5
India,27.75000127156576,80.25001271565755,Rapeseed Winter,274,360,75,141,9,12,3,5
India,27.75000127156576,80.75001271565755,Rapeseed Winter,274,360,75,141,9,12,3,5
India,27.75000127156576,81.25001271565755,Rapeseed Winter,274,360,75,141,9,12,3,5
India,27.75000127156576,81.75001271565755,Rapeseed Winter,274,360,75,141,9,12,3,5
India,27.75000127156576,82.25001271565755,Rapeseed Winter,274,360,75,141,9,12,3,5
India,27.75000127156576,88.25001271565755,Rapeseed Winter,274,360,75,141,9,12,3,5
India,27.75000127156576,88.75001271565755,Rapeseed Winter,274,360,75,141,9,12,3,5
India,27.75000127156576,91.75001271565756,Rapeseed Winter,274,360,75,141,9,12,3,5
India,27.75000127156576,92.25001271565756,Rapeseed Winter,274,360,75,141,9,12,3,5
India,27.75000127156576,92.75001271565756,Rapeseed Winter,274,360,75,141,9,12,3,5
India,27.75000127156576,93.25001271565756,Rapeseed Winter,274,360,75,141,9,12,3,5
India,27.75000127156576,93.75001271565756,Rapeseed Winter,274,360,75,141,9,12,3,5
India,27.75000127156576,94.25001271565756,Rapeseed Winter,274,360,75,141,9,12,3,5
India,27.75000127156576,94.75001271565756,Rapeseed Winter,274,360,75,141,9,12,3,5
India,27.75000127156576,95.25001271565756,Rapeseed Winter,288,336,15,56,10,12,1,2
India,27.75000127156576,95.75001271565756,Rapeseed Winter,274,360,75,141,9,12,3,5
India,27.75000127156576,96.25001271565756,Rapeseed Winter,274,360,75,141,9,12,3,5
India,27.75000127156576,96.75001271565756,Rapeseed Winter,274,360,75,141,9,12,3,5
India,28.25000127156576,72.25001271565755,Rapeseed Winter,274,360,75,141,9,12,3,5
India,28.25000127156576,72.75001271565755,Rapeseed Winter,274,360,75,141,9,12,3,5
India,28.25000127156576,73.25001271565755,Rapeseed Winter,274,360,75,141,9,12,3,5
India,28.25000127156576,73.75001271565755,Rapeseed Winter,274,360,75,141,9,12,3,5
India,28.25000127156576,74.25001271565755,Rapeseed Winter,274,360,75,141,9,12,3,5
India,28.25000127156576,74.75001271565755,Rapeseed Winter,274,360,75,141,9,12,3,5
India,28.25000127156576,75.25001271565755,Rapeseed Winter,274,360,75,141,9,12,3,5
India,28.25000127156576,75.75001271565755,Rapeseed Winter,274,360,75,141,9,12,3,5
India,28.25000127156576,76.25001271565755,Rapeseed Winter,274,360,75,141,9,12,3,5
India,28.25000127156576,76.75001271565755,Rapeseed Winter,274,360,75,141,9,12,3,5
India,28.25000127156576,77.25001271565755,Rapeseed Winter,274,360,75,141,9,12,3,5
India,28.25000127156576,77.75001271565755,Rapeseed Winter,274,360,75,141,9,12,3,5
India,28.25000127156576,78.25001271565755,Rapeseed Winter,274,360,75,141,9,12,3,5
India,28.25000127156576,78.75001271565755,Rapeseed Winter,274,360,75,141,9,12,3,5
India,28.25000127156576,79.25001271565755,Rapeseed Winter,274,360,75,141,9,12,3,5
India,28.25000127156576,79.75001271565755,Rapeseed Winter,274,360,75,141,9,12,3,5
India,28.25000127156576,80.25001271565755,Rapeseed Winter,274,360,75,141,9,12,3,5
India,28.25000127156576,80.75001271565755,Rapeseed Winter,274,360,75,141,9,12,3,5
India,28.25000127156576,93.25001271565756,Rapeseed Winter,274,360,75,141,9,12,3,5
India,28.25000127156576,93.75001271565756,Rapeseed Winter,274,360,75,141,9,12,3,5
India,28.25000127156576,94.25001271565756,Rapeseed Winter,274,360,75,141,9,12,3,5
India,28.25000127156576,94.75001271565756,Rapeseed Winter,274,360,75,141,9,12,3,5
India,28.25000127156576,95.25001271565756,Rapeseed Winter,274,360,75,141,9,12,3,5
India,28.25000127156576,95.75001271565756,Rapeseed Winter,274,360,75,141,9,12,3,5
India,28.25000127156576,96.25001271565756,Rapeseed Winter,274,360,75,141,9,12,3,5
India,28.25000127156576,96.75001271565756,Rapeseed Winter,274,360,75,141,9,12,3,5
India,28.25000127156576,97.25001271565756,Rapeseed Winter,274,360,75,141,9,12,3,5
India,28.75000127156576,72.75001271565755,Rapeseed Winter,274,360,75,141,9,12,3,5
India,28.75000127156576,73.25001271565755,Rapeseed Winter,274,360,75,141,9,12,3,5
India,28.75000127156576,73.75001271565755,Rapeseed Winter,274,360,75,141,9,12,3,5
India,28.75000127156576,74.25001271565755,Rapeseed Winter,274,360,75,141,9,12,3,5
India,28.75000127156576,74.75001271565755,Rapeseed Winter,274,360,75,141,9,12,3,5
India,28.75000127156576,75.25001271565755,Rapeseed Winter,274,360,75,141,9,12,3,5
India,28.75000127156576,75.75001271565755,Rapeseed Winter,274,360,75,141,9,12,3,5
India,28.75000127156576,76.25001271565755,Rapeseed Winter,274,360,75,141,9,12,3,5
India,28.75000127156576,76.75001271565755,Rapeseed Winter,274,360,75,141,9,12,3,5
India,28.75000127156576,77.25001271565755,Rapeseed Winter,274,360,75,141,9,12,3,5
India,28.75000127156576,77.75001271565755,Rapeseed Winter,274,360,75,141,9,12,3,5
India,28.75000127156576,78.25001271565755,Rapeseed Winter,274,360,75,141,9,12,3,5
India,28.75000127156576,78.75001271565755,Rapeseed Winter,274,360,75,141,9,12,3,5
India,28.75000127156576,79.25001271565755,Rapeseed Winter,274,360,75,141,9,12,3,5
India,28.75000127156576,79.75001271565755,Rapeseed Winter,274,360,75,141,9,12,3,5
India,28.75000127156576,94.25001271565756,Rapeseed Winter,274,360,75,141,9,12,3,5
India,28.75000127156576,94.75001271565756,Rapeseed Winter,274,360,75,141,9,12,3,5
India,28.75000127156576,95.25001271565756,Rapeseed Winter,274,360,75,141,9,12,3,5
India,28.75000127156576,95.75001271565756,Rapeseed Winter,274,360,75,141,9,12,3,5
India,28.75000127156576,96.25001271565756,Rapeseed Winter,274,360,75,141,9,12,3,5
India,29.25000127156576,73.25001271565755,Rapeseed Winter,274,360,75,141,9,12,3,5
India,29.25000127156576,73.75001271565755,Rapeseed Winter,274,360,75,141,9,12,3,5
India,29.25000127156576,74.25001271565755,Rapeseed Winter,274,360,75,141,9,12,3,5
India,29.25000127156576,74.75001271565755,Rapeseed Winter,274,360,75,141,9,12,3,5
India,29.25000127156576,75.25001271565755,Rapeseed Winter,274,360,75,141,9,12,3,5
India,29.25000127156576,75.75001271565755,Rapeseed Winter,274,360,75,141,9,12,3,5
India,29.25000127156576,76.25001271565755,Rapeseed Winter,274,360,75,141,9,12,3,5
India,29.25000127156576,76.75001271565755,Rapeseed Winter,274,360,75,141,9,12,3,5
India,29.25000127156576,77.25001271565755,Rapeseed Winter,274,360,75,141,9,12,3,5
India,29.25000127156576,77.75001271565755,Rapeseed Winter,274,360,75,141,9,12,3,5
India,29.25000127156576,78.25001271565755,Rapeseed Winter,274,360,75,141,9,12,3,5
India,29.25000127156576,78.75001271565755,Rapeseed Winter,274,360,75,141,9,12,3,5
India,29.25000127156576,79.25001271565755,Rapeseed Winter,274,360,75,141,9,12,3,5
India,29.25000127156576,79.75001271565755,Rapeseed Winter,274,360,75,141,9,12,3,5
India,29.25000127156576,95.75001271565756,Rapeseed Winter,274,360,75,141,9,12,3,5
India,29.75000127156576,73.75001271565755,Rapeseed Winter,274,360,75,141,9,12,3,5
India,29.75000127156576,74.25001271565755,Rapeseed Winter,274,360,75,141,9,12,3,5
India,29.75000127156576,74.75001271565755,Rapeseed Winter,274,360,75,141,9,12,3,5
India,29.75000127156576,75.25001271565755,Rapeseed Winter,274,360,75,141,9,12,3,5
India,29.75000127156576,75.75001271565755,Rapeseed Winter,274,360,75,141,9,12,3,5
India,29.75000127156576,76.25001271565755,Rapeseed Winter,274,360,75,141,9,12,3,5
India,29.75000127156576,76.75001271565755,Rapeseed Winter,274,360,75,141,9,12,3,5
India,29.75000127156576,77.25001271565755,Rapeseed Winter,274,360,75,141,9,12,3,5
India,29.75000127156576,77.75001271565755,Rapeseed Winter,274,360,75,141,9,12,3,5
India,29.75000127156576,78.25001271565755,Rapeseed Winter,274,360,75,141,9,12,3,5
India,29.75000127156576,78.75001271565755,Rapeseed Winter,274,360,75,141,9,12,3,5
India,29.75000127156576,79.25001271565755,Rapeseed Winter,274,360,75,141,9,12,3,5
India,29.75000127156576,79.75001271565755,Rapeseed Winter,274,360,75,141,9,12,3,5
India,29.75000127156576,80.25001271565755,Rapeseed Winter,274,360,75,141,9,12,3,5
India,30.25000127156576,74.25001271565755,Rapeseed Winter,274,360,75,141,9,12,3,5
India,30.25000127156576,74.75001271565755,Rapeseed Winter,274,360,75,141,9,12,3,5
India,30.25000127156576,75.25001271565755,Rapeseed Winter,274,360,75,141,9,12,3,5
India,30.25000127156576,75.75001271565755,Rapeseed Winter,274,360,75,141,9,12,3,5
India,30.25000127156576,76.25001271565755,Rapeseed Winter,274,360,75,141,9,12,3,5
India,30.25000127156576,76.75001271565755,Rapeseed Winter,274,360,75,141,9,12,3,5
India,30.25000127156576,77.25001271565755,Rapeseed Winter,274,360,75,141,9,12,3,5
India,30.25000127156576,77.75001271565755,Rapeseed Winter,274,360,75,141,9,12,3,5
India,30.25000127156576,78.25001271565755,Rapeseed Winter,274,360,75,141,9,12,3,5
India,30.25000127156576,78.75001271565755,Rapeseed Winter,274,360,75,141,9,12,3,5
India,30.25000127156576,79.25001271565755,Rapeseed Winter,274,360,75,141,9,12,3,5
India,30.25000127156576,79.75001271565755,Rapeseed Winter,274,360,75,141,9,12,3,5
India,30.25000127156576,80.25001271565755,Rapeseed Winter,274,360,75,141,9,12,3,5
India,30.25000127156576,80.75001271565755,Rapeseed Winter,274,360,75,141,9,12,3,5
India,30.75000127156576,74.25001271565755,Rapeseed Winter,274,360,75,141,9,12,3,5
India,30.75000127156576,74.75001271565755,Rapeseed Winter,274,360,75,141,9,12,3,5
India,30.75000127156576,75.25001271565755,Rapeseed Winter,274,360,75,141,9,12,3,5
India,30.75000127156576,75.75001271565755,Rapeseed Winter,274,360,75,141,9,12,3,5
India,30.75000127156576,76.25001271565755,Rapeseed Winter,274,360,75,141,9,12,3,5
India,30.75000127156576,76.75001271565755,Rapeseed Winter,274,360,75,141,9,12,3,5
India,30.75000127156576,77.25001271565755,Rapeseed Winter,274,360,75,141,9,12,3,5
India,30.75000127156576,77.75001271565755,Rapeseed Winter,274,360,75,141,9,12,3,5
India,30.75000127156576,78.25001271565755,Rapeseed Winter,274,360,75,141,9,12,3,5
India,30.75000127156576,78.75001271565755,Rapeseed Winter,274,360,75,141,9,12,3,5
India,30.75000127156576,79.25001271565755,Rapeseed Winter,274,360,75,141,9,12,3,5
India,30.75000127156576,79.75001271565755,Rapeseed Winter,274,360,75,141,9,12,3,5
India,31.25000127156576,74.75001271565755,Rapeseed Winter,274,360,75,141,9,12,3,5
India,31.25000127156576,75.25001271565755,Rapeseed Winter,274,360,75,141,9,12,3,5
India,31.25000127156576,75.75001271565755,Rapeseed Winter,274,360,75,141,9,12,3,5
India,31.25000127156576,76.25001271565755,Rapeseed Winter,274,360,75,141,9,12,3,5
India,31.25000127156576,76.75001271565755,Rapeseed Winter,274,360,75,141,9,12,3,5
India,31.25000127156576,77.25001271565755,Rapeseed Winter,274,360,75,141,9,12,3,5
India,31.25000127156576,77.75001271565755,Rapeseed Winter,274,360,75,141,9,12,3,5
India,31.25000127156576,78.25001271565755,Rapeseed Winter,274,360,75,141,9,12,3,5
India,31.25000127156576,78.75001271565755,Rapeseed Winter,274,360,75,141,9,12,3,5
India,31.25000127156576,79.25001271565755,Rapeseed Winter,305,364,88,149,10,12,3,5
India,31.75000127156576,74.75001271565755,Rapeseed Winter,274,360,75,141,9,12,3,5
India,31.75000127156576,75.25001271565755,Rapeseed Winter,274,360,75,141,9,12,3,5
India,31.75000127156576,75.75001271565755,Rapeseed Winter,274,360,75,141,9,12,3,5
India,31.75000127156576,76.25001271565755,Rapeseed Winter,274,360,75,141,9,12,3,5
India,31.75000127156576,76.75001271565755,Rapeseed Winter,274,360,75,141,9,12,3,5
India,31.75000127156576,77.25001271565755,Rapeseed Winter,274,360,75,141,9,12,3,5
India,31.75000127156576,77.75001271565755,Rapeseed Winter,274,360,75,141,9,12,3,5
India,31.75000127156576,78.25001271565755,Rapeseed Winter,274,360,75,141,9,12,3,5
India,32.25000127156576,75.75001271565755,Rapeseed Winter,274,360,75,141,9,12,3,5
India,32.25000127156576,76.25001271565755,Rapeseed Winter,274,360,75,141,9,12,3,5
India,32.25000127156576,76.75001271565755,Rapeseed Winter,274,360,75,141,9,12,3,5
India,32.25000127156576,77.25001271565755,Rapeseed Winter,274,360,75,141,9,12,3,5
India,32.25000127156576,77.75001271565755,Rapeseed Winter,274,360,75,141,9,12,3,5
India,32.25000127156576,78.25001271565755,Rapeseed Winter,274,360,75,141,9,12,3,5
India,32.75000127156576,74.75001271565755,Rapeseed Winter,274,360,75,141,9,12,3,5
India,32.75000127156576,75.25001271565755,Rapeseed Winter,274,360,75,141,9,12,3,5
India,32.75000127156576,75.75001271565755,Rapeseed Winter,274,360,75,141,9,12,3,5
India,32.75000127156576,76.25001271565755,Rapeseed Winter,274,360,75,141,9,12,3,5
India,32.75000127156576,76.75001271565755,Rapeseed Winter,274,360,75,141,9,12,3,5
India,32.75000127156576,77.25001271565755,Rapeseed Winter,274,360,75,141,9,12,3,5
India,32.75000127156576,77.75001271565755,Rapeseed Winter,274,360,75,141,9,12,3,5
India,32.75000127156576,78.25001271565755,Rapeseed Winter,274,360,75,141,9,12,3,5
India,32.75000127156576,78.75001271565755,Rapeseed Winter,274,360,75,141,9,12,3,5
India,32.75000127156576,79.25001271565755,Rapeseed Winter,274,360,75,141,9,12,3,5
India,33.25000127156576,74.25001271565755,Rapeseed Winter,274,360,75,141,9,12,3,5
India,33.25000127156576,74.75001271565755,Rapeseed Winter,274,360,75,141,9,12,3,5
India,33.25000127156576,75.25001271565755,Rapeseed Winter,274,360,75,141,9,12,3,5
India,33.25000127156576,75.75001271565755,Rapeseed Winter,274,360,75,141,9,12,3,5
India,33.25000127156576,76.25001271565755,Rapeseed Winter,274,360,75,141,9,12,3,5
India,33.25000127156576,76.75001271565755,Rapeseed Winter,274,360,75,141,9,12,3,5
India,33.25000127156576,77.25001271565755,Rapeseed Winter,274,360,75,141,9,12,3,5
India,33.25000127156576,77.75001271565755,Rapeseed Winter,274,360,75,141,9,12,3,5
India,33.25000127156576,78.25001271565755,Rapeseed Winter,274,360,75,141,9,12,3,5
India,33.25000127156576,78.75001271565755,Rapeseed Winter,274,360,75,141,9,12,3,5
India,33.25000127156576,79.25001271565755,Rapeseed Winter,305,364,88,149,10,12,3,5
India,33.75000127156576,74.25001271565755,Rapeseed Winter,274,360,75,141,9,12,3,5
India,33.75000127156576,74.75001271565755,Rapeseed Winter,274,360,75,141,9,12,3,5
India,33.75000127156576,75.25001271565755,Rapeseed Winter,274,360,75,141,9,12,3,5
India,33.75000127156576,75.75001271565755,Rapeseed Winter,274,360,75,141,9,12,3,5
India,33.75000127156576,76.25001271565755,Rapeseed Winter,274,360,75,141,9,12,3,5
India,33.75000127156576,76.75001271565755,Rapeseed Winter,274,360,75,141,9,12,3,5
India,33.75000127156576,77.25001271565755,Rapeseed Winter,274,360,75,141,9,12,3,5
India,33.75000127156576,77.75001271565755,Rapeseed Winter,274,360,75,141,9,12,3,5
India,33.75000127156576,78.25001271565755,Rapeseed Winter,274,360,75,141,9,12,3,5
India,33.75000127156576,78.75001271565755,Rapeseed Winter,274,360,75,141,9,12,3,5
India,34.25000127156576,74.25001271565755,Rapeseed Winter,274,360,75,141,9,12,3,5
India,34.25000127156576,74.75001271565755,Rapeseed Winter,274,360,75,141,9,12,3,5
India,34.25000127156576,75.25001271565755,Rapeseed Winter,274,360,75,141,9,12,3,5
India,34.25000127156576,75.75001271565755,Rapeseed Winter,274,360,75,141,9,12,3,5
India,34.25000127156576,76.25001271565755,Rapeseed Winter,274,360,75,141,9,12,3,5
India,34.25000127156576,76.75001271565755,Rapeseed Winter,274,360,75,141,9,12,3,5
India,34.25000127156576,77.25001271565755,Rapeseed Winter,274,360,75,141,9,12,3,5
India,34.25000127156576,77.75001271565755,Rapeseed Winter,274,360,75,141,9,12,3,5
India,34.25000127156576,78.25001271565755,Rapeseed Winter,274,360,75,141,9,12,3,5
India,34.25000127156576,78.75001271565755,Rapeseed Winter,274,360,75,141,9,12,3,5
India,34.75000127156576,77.25001271565755,Rapeseed Winter,274,360,75,141,9,12,3,5
India,34.75000127156576,77.75001271565755,Rapeseed Winter,274,360,75,141,9,12,3,5
India,35.25000127156576,77.75001271565755,Rapeseed Winter,274,360,75,141,9,12,3,5
India,8.25000031789144,77.25001271565755,Rice,120,182,225,287,4,6,8,10
India,8.25000031789144,77.75001271565755,Rice,120,182,225,287,4,6,8,10
India,8.75000031789144,76.75001271565755,Rice,92,147,218,273,4,5,8,9
India,8.75000031789144,77.25001271565755,Rice,120,182,225,287,4,6,8,10
India,8.75000031789144,77.75001271565755,Rice,155,182,253,280,6,6,9,10
India,9.25000031789144,76.75001271565755,Rice,92,147,218,273,4,5,8,9
India,9.25000031789144,77.25001271565755,Rice,120,182,225,287,4,6,8,10
India,9.75000031789144,76.75001271565755,Rice,113,147,232,273,4,5,8,9
India,9.75000031789144,77.25001271565755,Rice,162,203,260,329,6,7,9,11
India,9.75000031789144,77.75001271565755,Rice,162,203,260,329,6,7,9,11
India,9.75000031789144,78.25001271565755,Rice,197,238,323,7,7,8,11,1
India,9.75000031789144,78.75001271565755,Rice,197,238,323,7,7,8,11,1
India,10.25000031789144,76.75001271565755,Rice,113,147,232,273,4,5,8,9
India,10.25000031789144,77.25001271565755,Rice,162,203,260,329,6,7,9,11
India,10.25000031789144,77.75001271565755,Rice,162,203,260,329,6,7,9,11
India,10.25000031789144,78.25001271565755,Rice,162,203,260,329,6,7,9,11
India,10.75000031789144,76.25001271565755,Rice,113,147,232,273,4,5,8,9
India,10.75000031789144,76.75001271565755,Rice,113,147,232,273,4,5,8,9
India,10.75000031789144,77.75001271565755,Rice,120,210,218,308,4,7,8,11
India,10.75000031789144,78.25001271565755,Rice,120,210,218,308,4,7,8,11
India,10.75000031789144,78.75001271565755,Rice,120,210,218,308,4,7,8,11
India,10.75000031789144,79.25001271565755,Rice,99,168,197,266,4,6,7,9
India,10.75000031789144,79.75001271565755,Rice,99,168,197,266,4,6,7,9
India,11.25000031789144,76.25001271565755,Rice,113,168,232,294,4,6,8,10
India,11.25000031789144,78.75001271565755,Rice,120,210,218,308,4,7,8,11
India,11.25000031789144,79.25001271565755,Rice,120,210,218,308,4,7,8,11
India,11.750000635782875,76.25001271565755,Rice,169,224,330,364,6,8,11,12
India,11.750000635782875,76.75001271565755,Rice,169,224,330,364,6,8,11,12
India,11.750000635782875,77.25001271565755,Rice,169,224,330,364,6,8,11,12
India,12.250000635782875,75.25001271565755,Rice,113,168,232,294,4,6,8,10
India,12.250000635782875,75.75001271565755,Rice,141,196,295,336,5,7,10,12
India,12.250000635782875,76.25001271565755,Rice,169,224,330,364,6,8,11,12
India,12.250000635782875,76.75001271565755,Rice,169,224,330,364,6,8,11,12
India,12.250000635782875,77.25001271565755,Rice,169,224,330,364,6,8,11,12
India,12.250000635782875,77.75001271565755,Rice,99,168,204,266,4,6,7,9
India,12.250000635782875,78.25001271565755,Rice,99,168,204,266,4,6,7,9
India,12.750000635782875,75.25001271565755,Rice,134,182,267,315,5,6,9,11
India,12.750000635782875,75.75001271565755,Rice,134,189,274,322,5,7,9,11
India,12.750000635782875,76.25001271565755,Rice,134,189,274,322,5,7,9,11
India,12.750000635782875,77.25001271565755,Rice,176,231,313,354,6,8,11,12
India,12.750000635782875,77.75001271565755,Rice,176,231,313,354,6,8,11,12
India,12.750000635782875,78.25001271565755,Rice,99,168,204,266,4,6,7,9
India,12.750000635782875,78.75001271565755,Rice,99,168,204,266,4,6,7,9
India,12.750000635782875,79.25001271565755,Rice,99,168,204,266,4,6,7,9
India,12.750000635782875,79.75001271565755,Rice,99,168,197,266,4,6,7,9
India,13.250000635782875,74.75001271565755,Rice,134,182,267,315,5,6,9,11
India,13.250000635782875,76.25001271565755,Rice,134,189,274,322,5,7,9,11
India,13.250000635782875,76.75001271565755,Rice,148,217,330,35,5,8,11,2
India,13.250000635782875,77.25001271565755,Rice,176,231,313,354,6,8,11,12
India,13.250000635782875,77.75001271565755,Rice,176,231,313,354,6,8,11,12
India,13.250000635782875,78.25001271565755,Rice,176,231,313,354,6,8,11,12
India,13.250000635782875,78.75001271565755,Rice,134,168,239,273,5,6,8,9
India,13.250000635782875,79.25001271565755,Rice,134,168,239,273,5,6,8,9
India,13.250000635782875,79.75001271565755,Rice,134,168,239,273,5,6,8,9
India,13.250000635782875,80.25001271565755,Rice,99,168,197,266,4,6,7,9
India,13.750000635782875,74.75001271565755,Rice,134,182,267,315,5,6,9,11
India,13.750000635782875,76.75001271565755,Rice,148,217,330,35,5,8,11,2
India,13.750000635782875,77.25001271565755,Rice,148,217,330,35,5,8,11,2
India,13.750000635782875,77.75001271565755,Rice,176,231,313,354,6,8,11,12
India,13.750000635782875,78.25001271565755,Rice,134,168,239,273,5,6,8,9
India,13.750000635782875,78.75001271565755,Rice,134,168,239,273,5,6,8,9
India,13.750000635782875,79.75001271565755,Rice,134,168,239,273,5,6,8,9
India,14.250000635782875,74.75001271565755,Rice,148,196,302,364,5,7,10,12
India,14.250000635782875,77.25001271565755,Rice,183,231,337,364,7,8,12,12
India,14.250000635782875,77.75001271565755,Rice,183,231,337,364,7,8,12,12
India,14.250000635782875,78.25001271565755,Rice,183,231,337,364,7,8,12,12
India,14.250000635782875,78.75001271565755,Rice,183,231,337,364,7,8,12,12
India,14.250000635782875,79.25001271565755,Rice,183,231,337,364,7,8,12,12
India,14.250000635782875,79.75001271565755,Rice,134,168,239,273,5,6,8,9
India,14.750000635782875,74.25001271565755,Rice,148,196,302,364,5,7,10,12
India,14.750000635782875,74.75001271565755,Rice,148,196,302,364,5,7,10,12
India,14.750000635782875,75.25001271565755,Rice,127,175,316,364,5,6,11,12
India,14.750000635782875,75.75001271565755,Rice,155,182,309,364,6,6,11,12
India,14.750000635782875,76.25001271565755,Rice,155,182,309,364,6,6,11,12
India,14.750000635782875,76.75001271565755,Rice,183,231,337,364,7,8,12,12
India,14.750000635782875,77.25001271565755,Rice,183,231,337,364,7,8,12,12
India,14.750000635782875,77.75001271565755,Rice,183,231,337,364,7,8,12,12
India,14.750000635782875,78.25001271565755,Rice,183,231,337,364,7,8,12,12
India,14.750000635782875,78.75001271565755,Rice,183,231,337,364,7,8,12,12
India,14.750000635782875,79.25001271565755,Rice,134,168,239,273,5,6,8,9
India,14.750000635782875,79.75001271565755,Rice,134,168,239,273,5,6,8,9
India,15.250000635782875,74.75001271565755,Rice,148,196,302,364,5,7,10,12
India,15.250000635782875,75.25001271565755,Rice,127,175,316,364,5,6,11,12
India,15.250000635782875,75.75001271565755,Rice,127,175,316,364,5,6,11,12
India,15.250000635782875,76.75001271565755,Rice,155,182,309,364,6,6,11,12
India,15.250000635782875,77.25001271565755,Rice,183,231,337,364,7,8,12,12
India,15.250000635782875,77.75001271565755,Rice,183,231,337,364,7,8,12,12
India,15.250000635782875,78.25001271565755,Rice,183,231,337,364,7,8,12,12
India,15.250000635782875,78.75001271565755,Rice,183,231,337,364,7,8,12,12
India,15.250000635782875,79.25001271565755,Rice,134,168,239,273,5,6,8,9
India,15.250000635782875,79.75001271565755,Rice,134,168,239,273,5,6,8,9
India,15.750000635782875,73.75001271565755,Rice,134,175,281,329,5,6,10,11
India,15.750000635782875,75.75001271565755,Rice,127,175,316,364,5,6,11,12
India,15.750000635782875,77.25001271565755,Rice,183,231,337,364,7,8,12,12
India,15.750000635782875,77.75001271565755,Rice,183,231,337,364,7,8,12,12
India,15.750000635782875,78.25001271565755,Rice,183,231,337,364,7,8,12,12
India,15.750000635782875,78.75001271565755,Rice,183,231,337,364,7,8,12,12
India,15.750000635782875,79.25001271565755,Rice,134,168,239,273,5,6,8,9
India,15.750000635782875,79.75001271565755,Rice,134,168,239,273,5,6,8,9
India,15.750000635782875,80.25001271565755,Rice,134,168,239,273,5,6,8,9
India,16.25000063578288,73.75001271565755,Rice,134,175,281,329,5,6,10,11
India,16.25000063578288,77.75001271565755,Rice,148,182,260,287,5,6,9,10
India,16.25000063578288,78.25001271565755,Rice,148,182,260,287,5,6,9,10
India,16.25000063578288,78.75001271565755,Rice,148,182,260,287,5,6,9,10
India,16.25000063578288,79.25001271565755,Rice,148,182,260,287,5,6,9,10
India,16.25000063578288,79.75001271565755,Rice,127,175,288,322,5,6,10,11
India,16.25000063578288,80.25001271565755,Rice,127,175,288,322,5,6,10,11
India,16.25000063578288,80.75001271565755,Rice,127,175,288,322,5,6,10,11
India,16.75000063578288,73.75001271565755,Rice,134,175,281,329,5,6,10,11
India,16.75000063578288,77.75001271565755,Rice,148,182,260,287,5,6,9,10
India,16.75000063578288,78.25001271565755,Rice,148,182,260,287,5,6,9,10
India,16.75000063578288,78.75001271565755,Rice,148,182,260,287,5,6,9,10
India,16.75000063578288,79.25001271565755,Rice,148,182,260,287,5,6,9,10
India,16.75000063578288,79.75001271565755,Rice,148,182,260,287,5,6,9,10
India,16.75000063578288,80.25001271565755,Rice,127,175,288,322,5,6,10,11
India,16.75000063578288,80.75001271565755,Rice,127,175,288,322,5,6,10,11
India,16.75000063578288,81.25001271565755,Rice,127,175,288,322,5,6,10,11
India,16.75000063578288,81.75001271565755,Rice,127,175,288,322,5,6,10,11
India,17.25000063578288,73.25001271565755,Rice,134,175,281,329,5,6,10,11
India,17.25000063578288,77.75001271565755,Rice,148,182,260,287,5,6,9,10
India,17.25000063578288,78.25001271565755,Rice,148,182,260,287,5,6,9,10
India,17.25000063578288,78.75001271565755,Rice,148,182,260,287,5,6,9,10
India,17.25000063578288,79.25001271565755,Rice,148,182,260,287,5,6,9,10
India,17.25000063578288,79.75001271565755,Rice,148,182,260,287,5,6,9,10
India,17.25000063578288,80.25001271565755,Rice,148,175,295,315,5,6,10,11
India,17.25000063578288,80.75001271565755,Rice,148,175,295,315,5,6,10,11
India,17.75000063578288,73.25001271565755,Rice,134,175,281,329,5,6,10,11
India,17.75000063578288,77.75001271565755,Rice,148,182,260,287,5,6,9,10
India,17.75000063578288,78.25001271565755,Rice,148,182,260,287,5,6,9,10
India,17.75000063578288,78.75001271565755,Rice,148,182,260,287,5,6,9,10
India,17.75000063578288,79.25001271565755,Rice,141,224,288,7,5,8,10,1
India,17.75000063578288,79.75001271565755,Rice,141,224,288,7,5,8,10,1
India,17.75000063578288,80.25001271565755,Rice,148,175,295,315,5,6,10,11
India,17.75000063578288,80.75001271565755,Rice,148,175,295,315,5,6,10,11
India,17.75000063578288,81.25001271565755,Rice,148,175,295,315,5,6,10,11
India,17.75000063578288,81.75001271565755,Rice,148,175,295,315,5,6,10,11
India,17.75000063578288,82.25001271565755,Rice,162,203,309,336,6,7,11,12
India,17.75000063578288,82.75001271565755,Rice,162,203,309,336,6,7,11,12
India,17.75000063578288,83.25001271565755,Rice,162,203,309,336,6,7,11,12
India,18.25000063578288,73.25001271565755,Rice,134,175,281,329,5,6,10,11
India,18.25000063578288,77.75001271565755,Rice,148,175,295,315,5,6,10,11
India,18.25000063578288,78.25001271565755,Rice,148,175,295,315,5,6,10,11
India,18.25000063578288,79.75001271565755,Rice,141,224,288,7,5,8,10,1
India,18.25000063578288,80.25001271565755,Rice,141,224,288,7,5,8,10,1
India,18.25000063578288,80.75001271565755,Rice,148,175,295,315,5,6,10,11
India,18.25000063578288,81.75001271565755,Rice,162,203,260,308,6,7,9,11
India,18.25000063578288,82.25001271565755,Rice,162,203,260,308,6,7,9,11
India,18.25000063578288,82.75001271565755,Rice,162,203,309,336,6,7,11,12
India,18.25000063578288,83.25001271565755,Rice,162,203,309,336,6,7,11,12
India,18.75000063578288,73.25001271565755,Rice,134,175,281,329,5,6,10,11
India,18.75000063578288,78.25001271565755,Rice,148,175,295,315,5,6,10,11
India,18.75000063578288,79.75001271565755,Rice,148,175,295,315,5,6,10,11
India,18.75000063578288,82.25001271565755,Rice,162,203,260,308,6,7,9,11
India,18.75000063578288,82.75001271565755,Rice,162,203,260,308,6,7,9,11
India,18.75000063578288,83.75001271565755,Rice,162,203,309,336,6,7,11,12
India,19.25000063578288,73.25001271565755,Rice,134,175,281,329,5,6,10,11
India,19.25000063578288,78.25001271565755,Rice,148,175,295,315,5,6,10,11
India,19.25000063578288,78.75001271565755,Rice,148,175,295,315,5,6,10,11
India,19.25000063578288,79.25001271565755,Rice,148,175,295,315,5,6,10,11
India,19.25000063578288,79.75001271565755,Rice,148,175,295,315,5,6,10,11
India,19.25000063578288,80.25001271565755,Rice,169,210,302,336,6,7,10,12
India,19.25000063578288,82.25001271565755,Rice,162,203,260,308,6,7,9,11
India,19.25000063578288,82.75001271565755,Rice,162,203,260,308,6,7,9,11
India,19.25000063578288,83.25001271565755,Rice,162,203,260,308,6,7,9,11
India,19.25000063578288,83.75001271565755,Rice,162,203,260,308,6,7,9,11
India,19.25000063578288,84.25001271565755,Rice,141,189,288,350,5,7,10,12
India,19.25000063578288,84.75001271565755,Rice,141,189,288,350,5,7,10,12
India,19.75000063578288,72.75001271565755,Rice,134,175,281,329,5,6,10,11
India,19.75000063578288,73.25001271565755,Rice,134,175,281,329,5,6,10,11
India,19.75000063578288,79.25001271565755,Rice,169,210,302,336,6,7,10,12
India,19.75000063578288,79.75001271565755,Rice,169,210,302,336,6,7,10,12
India,19.75000063578288,80.25001271565755,Rice,169,210,302,336,6,7,10,12
India,19.75000063578288,82.25001271565755,Rice,162,203,260,308,6,7,9,11
India,19.75000063578288,82.75001271565755,Rice,155,210,309,357,6,7,11,12
India,19.75000063578288,83.25001271565755,Rice,155,210,309,357,6,7,11,12
India,19.75000063578288,84.75001271565755,Rice,141,189,288,350,5,7,10,12
India,20.25000063578288,72.75001271565755,Rice,134,175,281,329,5,6,10,11
India,20.25000063578288,73.25001271565755,Rice,148,189,267,308,5,7,9,11
India,20.25000063578288,79.25001271565755,Rice,169,210,302,336,6,7,10,12
India,20.25000063578288,79.75001271565755,Rice,169,210,302,336,6,7,10,12
India,20.25000063578288,80.25001271565755,Rice,169,210,302,336,6,7,10,12
India,20.25000063578288,82.75001271565755,Rice,155,210,309,357,6,7,11,12
India,20.25000063578288,83.25001271565755,Rice,162,203,260,308,6,7,9,11
India,20.25000063578288,84.75001271565755,Rice,141,175,316,343,5,6,11,12
India,20.25000063578288,85.25001271565755,Rice,141,175,316,343,5,6,11,12
India,20.25000063578288,85.75001271565755,Rice,141,175,316,343,5,6,11,12
India,20.25000063578288,86.25001271565755,Rice,169,196,302,350,6,7,10,12
India,20.75000063578288,73.25001271565755,Rice,148,189,267,308,5,7,9,11
India,20.75000063578288,79.25001271565755,Rice,169,210,302,336,6,7,10,12
India,20.75000063578288,79.75001271565755,Rice,169,210,302,336,6,7,10,12
India,20.75000063578288,80.25001271565755,Rice,169,210,302,336,6,7,10,12
India,20.75000063578288,82.75001271565755,Rice,155,210,309,357,6,7,11,12
India,20.75000063578288,83.25001271565755,Rice,162,203,260,308,6,7,9,11
India,20.75000063578288,83.75001271565755,Rice,162,203,260,308,6,7,9,11
India,20.75000063578288,84.75001271565755,Rice,162,203,260,308,6,7,9,11
India,20.75000063578288,85.25001271565755,Rice,162,203,260,308,6,7,9,11
India,20.75000063578288,85.75001271565755,Rice,162,203,260,308,6,7,9,11
India,20.75000063578288,86.25001271565755,Rice,169,196,302,350,6,7,10,12
India,20.75000063578288,86.75001271565755,Rice,155,196,302,350,6,7,10,12
India,21.25000063578288,72.75001271565755,Rice,148,189,267,308,5,7,9,11
India,21.25000063578288,73.25001271565755,Rice,148,189,267,308,5,7,9,11
India,21.25000063578288,73.75001271565755,Rice,148,189,267,308,5,7,9,11
India,21.25000063578288,78.75001271565755,Rice,169,210,302,336,6,7,10,12
India,21.25000063578288,79.25001271565755,Rice,169,210,302,336,6,7,10,12
India,21.25000063578288,79.75001271565755,Rice,169,210,302,336,6,7,10,12
India,21.25000063578288,80.25001271565755,Rice,169,210,302,336,6,7,10,12
India,21.25000063578288,83.25001271565755,Rice,155,210,309,357,6,7,11,12
India,21.25000063578288,83.75001271565755,Rice,155,210,309,357,6,7,11,12
India,21.25000063578288,84.25001271565755,Rice,155,210,309,357,6,7,11,12
India,21.25000063578288,84.75001271565755,Rice,155,210,309,357,6,7,11,12
India,21.25000063578288,85.25001271565755,Rice,162,203,260,308,6,7,9,11
India,21.25000063578288,85.75001271565755,Rice,141,175,260,315,5,6,9,11
India,21.25000063578288,86.25001271565755,Rice,141,175,260,315,5,6,9,11
India,21.25000063578288,86.75001271565755,Rice,155,196,302,350,6,7,10,12
India,21.75000063578288,72.75001271565755,Rice,148,189,267,308,5,7,9,11
India,21.75000063578288,73.25001271565755,Rice,148,189,267,308,5,7,9,11
India,21.75000063578288,73.75001271565755,Rice,148,189,267,308,5,7,9,11
India,21.75000063578288,83.75001271565755,Rice,155,210,309,357,6,7,11,12
India,21.75000063578288,84.25001271565755,Rice,155,210,309,357,6,7,11,12
India,21.75000063578288,84.75001271565755,Rice,148,189,274,301,5,7,9,10
India,21.75000063578288,85.25001271565755,Rice,141,175,260,315,5,6,9,11
India,21.75000063578288,85.75001271565755,Rice,141,175,260,315,5,6,9,11
India,21.75000063578288,87.25001271565755,Rice,162,203,302,336,6,7,10,12
India,21.75000063578288,87.75001271565755,Rice,162,203,302,336,6,7,10,12
India,21.75000063578288,88.25001271565755,Rice,162,210,309,350,6,7,11,12
India,21.75000063578288,88.75001271565755,Rice,162,210,309,350,6,7,11,12
India,22.25000063578288,84.25001271565755,Rice,148,189,274,301,5,7,9,10
India,22.25000063578288,84.75001271565755,Rice,148,189,274,301,5,7,9,10
India,22.25000063578288,86.75001271565755,Rice,162,203,302,336,6,7,10,12
India,22.25000063578288,87.25001271565755,Rice,162,203,302,336,6,7,10,12
India,22.25000063578288,87.75001271565755,Rice,162,203,302,336,6,7,10,12
India,22.25000063578288,88.25001271565755,Rice,162,210,309,350,6,7,11,12
India,22.25000063578288,88.75001271565755,Rice,162,210,309,350,6,7,11,12
India,22.75000063578288,86.75001271565755,Rice,162,203,288,329,6,7,10,11
India,22.75000063578288,87.25001271565755,Rice,162,203,302,336,6,7,10,12
India,22.75000063578288,87.75001271565755,Rice,162,203,302,336,6,7,10,12
India,22.75000063578288,88.25001271565755,Rice,162,203,302,336,6,7,10,12
India,22.75000063578288,88.75001271565755,Rice,162,210,309,350,6,7,11,12
India,23.25000063578288,74.25001271565755,Rice,204,224,302,329,7,8,10,11
India,23.25000063578288,86.25001271565755,Rice,162,203,288,329,6,7,10,11
India,23.25000063578288,86.75001271565755,Rice,162,203,288,329,6,7,10,11
India,23.25000063578288,87.25001271565755,Rice,162,203,288,329,6,7,10,11
India,23.25000063578288,87.75001271565755,Rice,162,203,288,329,6,7,10,11
India,23.25000063578288,88.25001271565755,Rice,162,203,288,329,6,7,10,11
India,23.75000063578288,87.25001271565755,Rice,169,203,302,343,6,7,10,12
India,23.75000063578288,87.75001271565755,Rice,169,203,302,343,6,7,10,12
India,23.75000063578288,88.25001271565755,Rice,169,203,302,343,6,7,10,12
India,24.25000063578288,68.75001271565755,Rice,139,204,264,352,5,7,9,12
India,24.25000063578288,69.25001271565755,Rice,139,204,264,352,5,7,9,12
India,24.25000063578288,88.25001271565755,Rice,169,203,302,343,6,7,10,12
India,24.75000063578288,92.25001271565756,Rice,151,222,303,360,5,8,10,12
India,24.75000063578288,92.75001271565756,Rice,162,203,302,343,6,7,10,12
India,25.25000063578288,88.25001271565755,Rice,169,203,302,343,6,7,10,12
India,25.25000063578288,88.75001271565755,Rice,176,210,302,336,6,7,10,12
India,25.25000063578288,92.75001271565756,Rice,162,203,302,343,6,7,10,12
India,25.25000063578288,93.25001271565756,Rice,162,203,302,343,6,7,10,12
India,25.75000063578288,70.25001271565755,Rice,139,204,264,352,5,7,9,12
India,25.75000063578288,88.25001271565755,Rice,176,210,302,336,6,7,10,12
India,25.75000063578288,92.75001271565756,Rice,141,189,288,329,5,7,10,11
India,25.75000063578288,93.25001271565756,Rice,141,189,288,329,5,7,10,11
India,26.25000063578288,88.25001271565755,Rice,151,222,303,360,5,8,10,12
India,26.25000063578288,89.25001271565755,Rice,176,210,302,336,6,7,10,12
India,26.25000063578288,89.75001271565755,Rice,176,210,302,336,6,7,10,12
India,26.25000063578288,90.25001271565756,Rice,155,203,267,343,6,7,9,12
India,26.25000063578288,90.75001271565756,Rice,148,196,281,336,5,7,10,12
India,26.25000063578288,91.25001271565756,Rice,148,196,281,336,5,7,10,12
India,26.25000063578288,91.75001271565756,Rice,148,196,281,336,5,7,10,12
India,26.25000063578288,92.25001271565756,Rice,148,196,281,336,5,7,10,12
India,26.25000063578288,92.75001271565756,Rice,141,189,288,329,5,7,10,11
India,26.25000063578288,93.25001271565756,Rice,141,189,288,329,5,7,10,11
India,26.25000063578288,93.75001271565756,Rice,141,189,288,329,5,7,10,11
India,26.75000063578288,88.75001271565755,Rice,176,210,302,336,6,7,10,12
India,26.75000063578288,89.25001271565755,Rice,176,210,302,336,6,7,10,12
India,26.75000063578288,90.25001271565756,Rice,155,203,267,343,6,7,9,12
India,26.75000063578288,91.25001271565756,Rice,148,196,281,336,5,7,10,12
India,26.75000063578288,91.75001271565756,Rice,148,196,281,336,5,7,10,12
India,26.75000063578288,92.25001271565756,Rice,148,196,281,336,5,7,10,12
India,26.75000063578288,92.75001271565756,Rice,176,217,316,343,6,8,11,12
India,26.75000063578288,93.25001271565756,Rice,176,217,316,343,6,8,11,12
India,26.75000063578288,93.75001271565756,Rice,176,217,316,343,6,8,11,12
India,26.75000063578288,94.25001271565756,Rice,141,189,288,329,5,7,10,11
India,27.25000063578288,94.25001271565756,Rice,141,175,288,322,5,6,10,11
India,27.25000063578288,94.75001271565756,Rice,141,175,288,322,5,6,10,11
India,27.25000063578288,95.25001271565756,Rice,141,175,288,322,5,6,10,11
India,27.75000127156576,95.25001271565756,Rice,141,175,288,322,5,6,10,11
India,28.25000127156576,97.25001271565756,Rice,90,153,215,276,3,6,8,10
India,29.25000127156576,80.25001271565755,Rice,141,223,294,353,5,8,10,12
India,31.25000127156576,76.75001271565755,Rice,169,203,288,322,6,7,10,11
India,31.25000127156576,77.25001271565755,Rice,169,203,288,322,6,7,10,11
India,31.25000127156576,79.25001271565755,Rice,90,153,215,276,3,6,8,10
India,31.75000127156576,76.75001271565755,Rice,169,203,288,322,6,7,10,11
India,33.25000127156576,79.25001271565755,Rice,90,153,215,276,3,6,8,10
India,34.75000127156576,74.25001271565755,Rice,139,204,264,352,5,7,9,12
India,34.75000127156576,76.75001271565755,Rice,139,204,264,352,5,7,9,12
India,8.25000031789144,77.25001271565755,Rice 2,225,301,358,70,8,10,12,3
India,8.75000031789144,77.25001271565755,Rice 2,225,301,358,70,8,10,12,3
India,9.25000031789144,77.75001271565755,Rice 2,218,259,351,21,8,9,12,1
India,9.25000031789144,78.25001271565755,Rice 2,225,301,358,70,8,10,12,3
India,9.25000031789144,78.75001271565755,Rice 2,225,301,358,70,8,10,12,3
India,9.75000031789144,77.25001271565755,Rice 2,218,287,344,49,8,10,12,2
India,9.75000031789144,77.75001271565755,Rice 2,218,287,344,49,8,10,12,2
India,9.75000031789144,78.25001271565755,Rice 2,246,301,8,70,9,10,1,3
India,9.75000031789144,78.75001271565755,Rice 2,246,301,8,70,9,10,1,3
India,10.25000031789144,76.25001271565755,Rice 2,260,294,15,49,9,10,1,2
India,10.25000031789144,77.25001271565755,Rice 2,218,287,344,49,8,10,12,2
India,10.25000031789144,77.75001271565755,Rice 2,218,287,344,49,8,10,12,2
India,10.25000031789144,78.25001271565755,Rice 2,218,287,344,49,8,10,12,2
India,10.25000031789144,78.75001271565755,Rice 2,218,259,351,21,8,9,12,1
India,10.25000031789144,79.25001271565755,Rice 2,215,287,351,53,8,10,12,2
India,10.75000031789144,76.25001271565755,Rice 2,260,294,15,49,9,10,1,2
India,10.75000031789144,77.25001271565755,Rice 2,218,287,344,49,8,10,12,2
India,10.75000031789144,77.75001271565755,Rice 2,218,287,344,49,8,10,12,2
India,10.75000031789144,78.25001271565755,Rice 2,218,294,351,56,8,10,12,2
India,10.75000031789144,78.75001271565755,Rice 2,218,294,351,56,8,10,12,2
India,10.75000031789144,79.25001271565755,Rice 2,215,287,351,53,8,10,12,2
India,10.75000031789144,79.75001271565755,Rice 2,215,287,351,53,8,10,12,2
India,11.25000031789144,76.75001271565755,Rice 2,218,287,344,49,8,10,12,2
India,11.25000031789144,77.25001271565755,Rice 2,218,287,344,49,8,10,12,2
India,11.25000031789144,77.75001271565755,Rice 2,218,287,344,49,8,10,12,2
India,11.25000031789144,78.75001271565755,Rice 2,218,294,351,56,8,10,12,2
India,11.25000031789144,79.25001271565755,Rice 2,218,294,351,56,8,10,12,2
India,11.25000031789144,79.75001271565755,Rice 2,215,287,351,53,8,10,12,2
India,11.750000635782875,78.75001271565755,Rice 2,215,287,351,53,8,10,12,2
India,11.750000635782875,79.25001271565755,Rice 2,215,287,351,53,8,10,12,2
India,11.750000635782875,79.75001271565755,Rice 2,215,287,351,53,8,10,12,2
India,12.250000635782875,75.25001271565755,Rice 2,232,287,337,56,8,10,12,2
India,12.250000635782875,77.75001271565755,Rice 2,162,238,295,7,6,8,10,1
India,12.250000635782875,78.25001271565755,Rice 2,162,238,295,7,6,8,10,1
India,12.250000635782875,79.75001271565755,Rice 2,215,287,351,53,8,10,12,2
India,12.750000635782875,77.75001271565755,Rice 2,162,238,295,7,6,8,10,1
India,12.750000635782875,78.25001271565755,Rice 2,162,238,295,7,6,8,10,1
India,12.750000635782875,78.75001271565755,Rice 2,162,238,295,7,6,8,10,1
India,12.750000635782875,79.25001271565755,Rice 2,162,238,295,7,6,8,10,1
India,12.750000635782875,79.75001271565755,Rice 2,211,280,351,49,7,10,12,2
India,13.250000635782875,77.75001271565755,Rice 2,358,14,148,182,12,1,5,6
India,13.250000635782875,78.25001271565755,Rice 2,358,14,148,182,12,1,5,6
India,13.250000635782875,79.75001271565755,Rice 2,211,280,351,49,7,10,12,2
India,13.250000635782875,80.25001271565755,Rice 2,211,280,351,49,7,10,12,2
India,13.750000635782875,77.75001271565755,Rice 2,358,14,148,182,12,1,5,6
India,20.25000063578288,86.25001271565755,Rice 2,330,357,85,119,11,12,3,4
India,20.75000063578288,86.25001271565755,Rice 2,330,357,85,119,11,12,3,4
India,21.75000063578288,87.25001271565755,Rice 2,323,357,92,147,11,12,4,5
India,21.75000063578288,87.75001271565755,Rice 2,323,357,92,147,11,12,4,5
India,21.75000063578288,88.25001271565755,Rice 2,344,7,92,126,12,1,4,5
India,21.75000063578288,88.75001271565755,Rice 2,344,7,92,126,12,1,4,5
India,22.25000063578288,86.75001271565755,Rice 2,323,357,92,147,11,12,4,5
India,22.25000063578288,87.25001271565755,Rice 2,323,357,92,147,11,12,4,5
India,22.25000063578288,87.75001271565755,Rice 2,323,357,92,147,11,12,4,5
India,22.25000063578288,88.25001271565755,Rice 2,344,7,92,126,12,1,4,5
India,22.25000063578288,88.75001271565755,Rice 2,344,7,92,126,12,1,4,5
India,22.75000063578288,87.25001271565755,Rice 2,323,357,92,147,11,12,4,5
India,22.75000063578288,87.75001271565755,Rice 2,323,357,92,147,11,12,4,5
India,22.75000063578288,88.25001271565755,Rice 2,323,357,92,147,11,12,4,5
India,22.75000063578288,88.75001271565755,Rice 2,344,7,92,126,12,1,4,5
India,23.25000063578288,88.25001271565755,Rice 2,344,7,92,126,12,1,4,5
India,23.75000063578288,87.75001271565755,Rice 2,330,357,85,126,11,12,3,5
India,23.75000063578288,88.25001271565755,Rice 2,330,357,85,126,11,12,3,5
India,24.25000063578288,88.25001271565755,Rice 2,330,357,85,126,11,12,3,5
India,24.75000063578288,92.25001271565756,Rice 2,311,30,107,148,11,1,4,5
India,25.25000063578288,88.25001271565755,Rice 2,330,357,85,126,11,12,3,5
India,25.25000063578288,88.75001271565755,Rice 2,302,343,71,112,10,12,3,4
India,25.75000063578288,88.25001271565755,Rice 2,302,343,71,112,10,12,3,4
India,26.25000063578288,88.25001271565755,Rice 2,311,30,107,148,11,1,4,5
India,26.25000063578288,89.25001271565755,Rice 2,302,343,71,112,10,12,3,4
India,26.25000063578288,89.75001271565755,Rice 2,302,343,71,112,10,12,3,4
India,26.75000063578288,88.75001271565755,Rice 2,302,343,71,112,10,12,3,4
India,26.75000063578288,89.25001271565755,Rice 2,302,343,71,112,10,12,3,4
India,11.750000635782875,76.75001271565755,Sorghum,134,182,253,308,5,6,9,11
India,11.750000635782875,77.25001271565755,Sorghum,134,182,253,308,5,6,9,11
India,12.250000635782875,76.25001271565755,Sorghum,134,182,253,308,5,6,9,11
India,12.250000635782875,76.75001271565755,Sorghum,134,182,253,308,5,6,9,11
India,14.750000635782875,75.75001271565755,Sorghum,134,182,253,308,5,6,9,11
India,14.750000635782875,76.25001271565755,Sorghum,134,182,253,308,5,6,9,11
India,15.250000635782875,76.75001271565755,Sorghum,134,182,253,308,5,6,9,11
India,15.250000635782875,77.25001271565755,Sorghum,183,210,295,329,7,7,10,11
India,15.250000635782875,77.75001271565755,Sorghum,183,210,295,329,7,7,10,11
India,15.250000635782875,78.25001271565755,Sorghum,183,210,295,329,7,7,10,11
India,15.250000635782875,78.75001271565755,Sorghum,183,210,295,329,7,7,10,11
India,15.250000635782875,79.25001271565755,Sorghum,162,189,253,273,6,7,9,9
India,15.250000635782875,79.75001271565755,Sorghum,162,189,253,273,6,7,9,9
India,15.750000635782875,77.25001271565755,Sorghum,183,210,295,329,7,7,10,11
India,15.750000635782875,77.75001271565755,Sorghum,183,210,295,329,7,7,10,11
India,15.750000635782875,78.25001271565755,Sorghum,183,210,295,329,7,7,10,11
India,15.750000635782875,78.75001271565755,Sorghum,183,210,295,329,7,7,10,11
India,15.750000635782875,79.25001271565755,Sorghum,162,189,253,273,6,7,9,9
India,15.750000635782875,79.75001271565755,Sorghum,162,189,253,273,6,7,9,9
India,15.750000635782875,80.25001271565755,Sorghum,162,189,253,273,6,7,9,9
India,16.25000063578288,74.25001271565755,Sorghum,148,203,260,322,5,7,9,11
India,16.25000063578288,77.75001271565755,Sorghum,155,196,260,308,6,7,9,11
India,16.25000063578288,78.25001271565755,Sorghum,155,196,260,308,6,7,9,11
India,16.25000063578288,78.75001271565755,Sorghum,155,196,260,308,6,7,9,11
India,16.25000063578288,79.25001271565755,Sorghum,155,196,260,308,6,7,9,11
India,16.75000063578288,74.25001271565755,Sorghum,148,203,260,322,5,7,9,11
India,16.75000063578288,74.75001271565755,Sorghum,148,203,260,322,5,7,9,11
India,16.75000063578288,77.75001271565755,Sorghum,155,196,260,308,6,7,9,11
India,16.75000063578288,78.25001271565755,Sorghum,155,196,260,308,6,7,9,11
India,16.75000063578288,78.75001271565755,Sorghum,155,196,260,308,6,7,9,11
India,16.75000063578288,79.25001271565755,Sorghum,155,196,260,308,6,7,9,11
India,16.75000063578288,79.75001271565755,Sorghum,155,196,260,308,6,7,9,11
India,17.25000063578288,73.75001271565755,Sorghum,148,203,260,322,5,7,9,11
India,17.25000063578288,74.25001271565755,Sorghum,148,203,260,322,5,7,9,11
India,17.25000063578288,74.75001271565755,Sorghum,148,203,260,322,5,7,9,11
India,17.25000063578288,77.75001271565755,Sorghum,155,189,267,301,6,7,9,10
India,17.25000063578288,78.25001271565755,Sorghum,155,189,267,301,6,7,9,10
India,17.25000063578288,78.75001271565755,Sorghum,155,189,267,301,6,7,9,10
India,17.25000063578288,79.25001271565755,Sorghum,155,196,260,308,6,7,9,11
India,17.25000063578288,79.75001271565755,Sorghum,155,196,260,308,6,7,9,11
India,17.75000063578288,73.75001271565755,Sorghum,148,203,260,322,5,7,9,11
India,17.75000063578288,74.25001271565755,Sorghum,148,203,260,322,5,7,9,11
India,17.75000063578288,74.75001271565755,Sorghum,148,203,260,322,5,7,9,11
India,17.75000063578288,76.25001271565755,Sorghum,148,196,274,322,5,7,9,11
India,17.75000063578288,76.75001271565755,Sorghum,148,196,274,322,5,7,9,11
India,17.75000063578288,77.25001271565755,Sorghum,134,182,253,308,5,6,9,11
India,17.75000063578288,77.75001271565755,Sorghum,155,196,260,308,6,7,9,11
India,17.75000063578288,78.25001271565755,Sorghum,155,196,260,308,6,7,9,11
India,17.75000063578288,78.75001271565755,Sorghum,155,196,260,308,6,7,9,11
India,18.25000063578288,73.75001271565755,Sorghum,148,196,274,322,5,7,9,11
India,18.25000063578288,74.25001271565755,Sorghum,148,196,274,322,5,7,9,11
India,18.25000063578288,74.75001271565755,Sorghum,148,196,274,322,5,7,9,11
India,18.25000063578288,76.25001271565755,Sorghum,148,196,274,322,5,7,9,11
India,18.25000063578288,76.75001271565755,Sorghum,148,203,260,322,5,7,9,11
India,18.25000063578288,77.25001271565755,Sorghum,134,182,253,308,5,6,9,11
India,18.75000063578288,73.75001271565755,Sorghum,148,196,274,322,5,7,9,11
India,18.75000063578288,74.25001271565755,Sorghum,148,196,274,322,5,7,9,11
India,18.75000063578288,75.25001271565755,Sorghum,148,196,274,322,5,7,9,11
India,18.75000063578288,75.75001271565755,Sorghum,148,196,274,322,5,7,9,11
India,18.75000063578288,76.25001271565755,Sorghum,148,196,274,322,5,7,9,11
India,18.75000063578288,76.75001271565755,Sorghum,134,189,274,308,5,7,9,11
India,18.75000063578288,79.75001271565755,Sorghum,155,189,267,301,6,7,9,10
India,19.25000063578288,75.75001271565755,Sorghum,148,196,274,322,5,7,9,11
India,19.25000063578288,76.25001271565755,Sorghum,134,189,274,308,5,7,9,11
India,19.25000063578288,76.75001271565755,Sorghum,134,189,274,308,5,7,9,11
India,19.25000063578288,77.25001271565755,Sorghum,134,189,274,308,5,7,9,11
India,19.25000063578288,78.25001271565755,Sorghum,155,189,267,301,6,7,9,10
India,19.25000063578288,78.75001271565755,Sorghum,155,189,267,301,6,7,9,10
India,19.25000063578288,79.25001271565755,Sorghum,155,189,267,301,6,7,9,10
India,19.25000063578288,79.75001271565755,Sorghum,155,189,267,301,6,7,9,10
India,19.75000063578288,75.25001271565755,Sorghum,134,189,274,308,5,7,9,11
India,19.75000063578288,75.75001271565755,Sorghum,134,189,274,308,5,7,9,11
India,19.75000063578288,76.25001271565755,Sorghum,134,189,274,308,5,7,9,11
India,19.75000063578288,76.75001271565755,Sorghum,134,189,274,308,5,7,9,11
India,19.75000063578288,77.25001271565755,Sorghum,134,189,274,308,5,7,9,11
India,19.75000063578288,77.75001271565755,Sorghum,162,196,274,294,6,7,9,10
India,19.75000063578288,78.25001271565755,Sorghum,162,196,274,294,6,7,9,10
India,19.75000063578288,78.75001271565755,Sorghum,162,196,274,294,6,7,9,10
India,20.25000063578288,75.25001271565755,Sorghum,134,189,274,308,5,7,9,11
India,20.25000063578288,75.75001271565755,Sorghum,134,189,274,308,5,7,9,11
India,20.25000063578288,76.25001271565755,Sorghum,134,189,274,308,5,7,9,11
India,20.25000063578288,77.25001271565755,Sorghum,162,196,274,308,6,7,9,11
India,20.25000063578288,77.75001271565755,Sorghum,162,196,274,294,6,7,9,10
India,20.25000063578288,78.25001271565755,Sorghum,162,196,274,294,6,7,9,10
India,20.25000063578288,78.75001271565755,Sorghum,162,196,274,294,6,7,9,10
India,20.75000063578288,74.75001271565755,Sorghum,148,196,274,322,5,7,9,11
India,20.75000063578288,75.25001271565755,Sorghum,162,196,274,308,6,7,9,11
India,20.75000063578288,75.75001271565755,Sorghum,162,196,274,308,6,7,9,11
India,20.75000063578288,76.25001271565755,Sorghum,134,189,274,308,5,7,9,11
India,20.75000063578288,76.75001271565755,Sorghum,134,189,274,308,5,7,9,11
India,20.75000063578288,77.25001271565755,Sorghum,162,196,274,308,6,7,9,11
India,20.75000063578288,77.75001271565755,Sorghum,162,196,274,308,6,7,9,11
India,20.75000063578288,78.25001271565755,Sorghum,162,196,274,294,6,7,9,10
India,20.75000063578288,78.75001271565755,Sorghum,162,196,274,294,6,7,9,10
India,20.75000063578288,79.25001271565755,Sorghum,162,196,274,294,6,7,9,10
India,21.25000063578288,74.25001271565755,Sorghum,148,196,274,322,5,7,9,11
India,21.25000063578288,74.75001271565755,Sorghum,148,196,274,322,5,7,9,11
India,21.25000063578288,75.25001271565755,Sorghum,162,196,274,308,6,7,9,11
India,21.25000063578288,75.75001271565755,Sorghum,162,196,274,308,6,7,9,11
India,21.25000063578288,76.75001271565755,Sorghum,162,196,274,308,6,7,9,11
India,21.25000063578288,77.25001271565755,Sorghum,162,196,274,308,6,7,9,11
India,21.25000063578288,77.75001271565755,Sorghum,162,196,274,308,6,7,9,11
India,21.25000063578288,78.25001271565755,Sorghum,162,196,274,308,6,7,9,11
India,21.25000063578288,78.75001271565755,Sorghum,162,196,274,294,6,7,9,10
India,21.25000063578288,79.25001271565755,Sorghum,162,196,274,294,6,7,9,10
India,21.75000063578288,74.25001271565755,Sorghum,148,196,274,322,5,7,9,11
India,23.75000063578288,74.75001271565755,Sorghum,176,196,267,294,6,7,9,10
India,24.25000063578288,68.75001271565755,Sorghum,162,212,244,304,6,7,8,10
India,24.25000063578288,69.25001271565755,Sorghum,162,212,244,304,6,7,8,10
India,24.75000063578288,74.25001271565755,Sorghum,176,196,267,294,6,7,9,10
India,24.75000063578288,74.75001271565755,Sorghum,176,196,267,294,6,7,9,10
India,24.75000063578288,92.25001271565756,Sorghum,132,283,324,365,5,10,11,12
India,25.25000063578288,75.25001271565755,Sorghum,176,196,281,315,6,7,10,11
India,25.25000063578288,75.75001271565755,Sorghum,176,196,281,315,6,7,10,11
India,25.75000063578288,70.25001271565755,Sorghum,162,212,244,304,6,7,8,10
India,25.75000063578288,75.25001271565755,Sorghum,176,196,281,315,6,7,10,11
India,25.75000063578288,75.75001271565755,Sorghum,176,196,281,315,6,7,10,11
India,26.25000063578288,74.75001271565755,Sorghum,162,182,246,266,6,6,9,9
India,26.25000063578288,75.25001271565755,Sorghum,176,196,281,315,6,7,10,11
India,26.25000063578288,75.75001271565755,Sorghum,176,196,281,315,6,7,10,11
India,26.75000063578288,74.75001271565755,Sorghum,162,182,246,266,6,6,9,9
India,34.75000127156576,74.25001271565755,Sorghum,162,212,244,304,6,7,8,10
India,34.75000127156576,76.75001271565755,Sorghum,162,212,244,304,6,7,8,10
India,14.250000635782875,79.75001271565755,Sorghum 2,295,329,36,70,10,11,2,3
India,14.750000635782875,75.25001271565755,Sorghum 2,246,308,1,77,9,11,1,3
India,14.750000635782875,79.25001271565755,Sorghum 2,295,329,36,70,10,11,2,3
India,14.750000635782875,79.75001271565755,Sorghum 2,295,329,36,70,10,11,2,3
India,15.250000635782875,75.25001271565755,Sorghum 2,246,308,1,77,9,11,1,3
India,15.250000635782875,75.75001271565755,Sorghum 2,246,308,1,77,9,11,1,3
India,15.250000635782875,77.25001271565755,Sorghum 2,260,287,1,28,9,10,1,1
India,15.250000635782875,77.75001271565755,Sorghum 2,260,287,1,28,9,10,1,1
India,15.250000635782875,78.25001271565755,Sorghum 2,260,287,1,28,9,10,1,1
India,15.250000635782875,78.75001271565755,Sorghum 2,260,287,1,28,9,10,1,1
India,15.750000635782875,75.75001271565755,Sorghum 2,246,308,1,77,9,11,1,3
India,15.750000635782875,77.25001271565755,Sorghum 2,260,287,1,28,9,10,1,1
India,15.750000635782875,77.75001271565755,Sorghum 2,260,287,1,28,9,10,1,1
India,15.750000635782875,78.25001271565755,Sorghum 2,260,287,1,28,9,10,1,1
India,15.750000635782875,78.75001271565755,Sorghum 2,260,287,1,28,9,10,1,1
India,16.25000063578288,74.25001271565755,Sorghum 2,267,315,22,70,9,11,1,3
India,16.75000063578288,74.25001271565755,Sorghum 2,267,315,22,70,9,11,1,3
India,16.75000063578288,74.75001271565755,Sorghum 2,267,315,22,70,9,11,1,3
India,17.25000063578288,73.75001271565755,Sorghum 2,267,315,22,70,9,11,1,3
India,17.25000063578288,74.25001271565755,Sorghum 2,267,315,22,70,9,11,1,3
India,17.25000063578288,74.75001271565755,Sorghum 2,267,315,22,70,9,11,1,3
India,17.25000063578288,75.25001271565755,Sorghum 2,267,315,22,70,9,11,1,3
India,17.25000063578288,75.75001271565755,Sorghum 2,267,315,22,70,9,11,1,3
India,17.75000063578288,73.75001271565755,Sorghum 2,267,315,22,70,9,11,1,3
India,17.75000063578288,74.25001271565755,Sorghum 2,267,315,22,70,9,11,1,3
India,17.75000063578288,74.75001271565755,Sorghum 2,267,315,22,70,9,11,1,3
India,17.75000063578288,75.25001271565755,Sorghum 2,267,315,22,70,9,11,1,3
India,17.75000063578288,75.75001271565755,Sorghum 2,267,315,22,70,9,11,1,3
India,18.25000063578288,73.75001271565755,Sorghum 2,239,280,358,77,8,10,12,3
India,18.25000063578288,74.25001271565755,Sorghum 2,239,280,358,77,8,10,12,3
India,18.25000063578288,74.75001271565755,Sorghum 2,239,280,358,77,8,10,12,3
India,18.25000063578288,75.25001271565755,Sorghum 2,267,315,22,70,9,11,1,3
India,18.25000063578288,75.75001271565755,Sorghum 2,267,315,22,70,9,11,1,3
India,18.75000063578288,73.75001271565755,Sorghum 2,239,280,358,77,8,10,12,3
India,18.75000063578288,74.25001271565755,Sorghum 2,239,280,358,77,8,10,12,3
India,18.75000063578288,74.75001271565755,Sorghum 2,239,280,358,77,8,10,12,3
India,18.75000063578288,75.25001271565755,Sorghum 2,239,280,358,77,8,10,12,3
India,18.75000063578288,75.75001271565755,Sorghum 2,239,280,358,77,8,10,12,3
India,18.75000063578288,76.25001271565755,Sorghum 2,239,280,358,77,8,10,12,3
India,18.75000063578288,76.75001271565755,Sorghum 2,246,280,29,77,9,10,1,3
India,18.75000063578288,77.25001271565755,Sorghum 2,239,280,358,77,8,10,12,3
India,18.75000063578288,77.75001271565755,Sorghum 2,239,280,358,77,8,10,12,3
India,19.25000063578288,73.75001271565755,Sorghum 2,239,280,358,77,8,10,12,3
India,19.25000063578288,74.25001271565755,Sorghum 2,239,280,358,77,8,10,12,3
India,19.25000063578288,74.75001271565755,Sorghum 2,239,280,358,77,8,10,12,3
India,19.25000063578288,75.25001271565755,Sorghum 2,239,280,358,77,8,10,12,3
India,19.25000063578288,75.75001271565755,Sorghum 2,239,280,358,77,8,10,12,3
India,19.25000063578288,76.25001271565755,Sorghum 2,246,280,29,77,9,10,1,3
India,19.25000063578288,76.75001271565755,Sorghum 2,246,280,29,77,9,10,1,3
India,19.25000063578288,77.25001271565755,Sorghum 2,246,280,29,77,9,10,1,3
India,19.25000063578288,77.75001271565755,Sorghum 2,239,280,358,77,8,10,12,3
India,19.75000063578288,74.25001271565755,Sorghum 2,239,280,358,77,8,10,12,3
India,19.75000063578288,75.25001271565755,Sorghum 2,246,280,29,77,9,10,1,3
India,19.75000063578288,75.75001271565755,Sorghum 2,246,280,29,77,9,10,1,3
India,19.75000063578288,76.25001271565755,Sorghum 2,246,280,29,77,9,10,1,3
India,19.75000063578288,76.75001271565755,Sorghum 2,246,280,29,77,9,10,1,3
India,19.75000063578288,77.25001271565755,Sorghum 2,246,280,29,77,9,10,1,3
India,20.25000063578288,75.25001271565755,Sorghum 2,246,280,29,77,9,10,1,3
India,20.25000063578288,75.75001271565755,Sorghum 2,246,280,29,77,9,10,1,3
India,20.75000063578288,75.25001271565755,Sorghum 2,246,280,29,77,9,10,1,3
India,20.75000063578288,75.75001271565755,Sorghum 2,246,280,29,77,9,10,1,3
India,21.25000063578288,75.25001271565755,Sorghum 2,246,280,29,77,9,10,1,3
India,21.25000063578288,75.75001271565755,Sorghum 2,246,280,29,77,9,10,1,3
India,8.25000031789144,77.25001271565755,Soybeans,152,212,255,362,5,7,9,12
India,8.25000031789144,77.75001271565755,Soybeans,152,212,255,362,5,7,9,12
India,8.75000031789144,76.75001271565755,Soybeans,152,212,255,362,5,7,9,12
India,8.75000031789144,77.25001271565755,Soybeans,152,212,255,362,5,7,9,12
India,8.75000031789144,77.75001271565755,Soybeans,152,212,255,362,5,7,9,12
India,9.25000031789144,76.75001271565755,Soybeans,152,212,255,362,5,7,9,12
India,9.25000031789144,77.25001271565755,Soybeans,152,212,255,362,5,7,9,12
India,9.25000031789144,77.75001271565755,Soybeans,152,212,255,362,5,7,9,12
India,9.25000031789144,78.25001271565755,Soybeans,152,212,255,362,5,7,9,12
India,9.25000031789144,78.75001271565755,Soybeans,152,212,255,362,5,7,9,12
India,9.75000031789144,76.75001271565755,Soybeans,152,212,255,362,5,7,9,12
India,9.75000031789144,77.25001271565755,Soybeans,152,212,255,362,5,7,9,12
India,9.75000031789144,77.75001271565755,Soybeans,152,212,255,362,5,7,9,12
India,9.75000031789144,78.25001271565755,Soybeans,152,212,255,362,5,7,9,12
India,9.75000031789144,78.75001271565755,Soybeans,152,212,255,362,5,7,9,12
India,10.25000031789144,76.25001271565755,Soybeans,152,212,255,362,5,7,9,12
India,10.25000031789144,76.75001271565755,Soybeans,152,212,255,362,5,7,9,12
India,10.25000031789144,77.25001271565755,Soybeans,152,212,255,362,5,7,9,12
India,10.25000031789144,77.75001271565755,Soybeans,152,212,255,362,5,7,9,12
India,10.25000031789144,78.25001271565755,Soybeans,152,212,255,362,5,7,9,12
India,10.25000031789144,78.75001271565755,Soybeans,152,212,255,362,5,7,9,12
India,10.25000031789144,79.25001271565755,Soybeans,152,212,255,362,5,7,9,12
India,10.75000031789144,76.25001271565755,Soybeans,152,212,255,362,5,7,9,12
India,10.75000031789144,76.75001271565755,Soybeans,152,212,255,362,5,7,9,12
India,10.75000031789144,77.25001271565755,Soybeans,152,212,255,362,5,7,9,12
India,10.75000031789144,77.75001271565755,Soybeans,152,212,255,362,5,7,9,12
India,10.75000031789144,78.25001271565755,Soybeans,152,212,255,362,5,7,9,12
India,10.75000031789144,78.75001271565755,Soybeans,152,212,255,362,5,7,9,12
India,10.75000031789144,79.25001271565755,Soybeans,152,212,255,362,5,7,9,12
India,10.75000031789144,79.75001271565755,Soybeans,152,212,255,362,5,7,9,12
India,11.25000031789144,76.25001271565755,Soybeans,152,212,255,362,5,7,9,12
India,11.25000031789144,76.75001271565755,Soybeans,152,212,255,362,5,7,9,12
India,11.25000031789144,77.25001271565755,Soybeans,152,212,255,362,5,7,9,12
India,11.25000031789144,77.75001271565755,Soybeans,152,212,255,362,5,7,9,12
India,11.25000031789144,78.25001271565755,Soybeans,152,212,255,362,5,7,9,12
India,11.25000031789144,78.75001271565755,Soybeans,152,212,255,362,5,7,9,12
India,11.25000031789144,79.25001271565755,Soybeans,152,212,255,362,5,7,9,12
India,11.25000031789144,79.75001271565755,Soybeans,152,212,255,362,5,7,9,12
India,11.750000635782875,75.75001271565755,Soybeans,152,212,255,362,5,7,9,12
India,11.750000635782875,76.25001271565755,Soybeans,152,212,255,362,5,7,9,12
India,11.750000635782875,76.75001271565755,Soybeans,152,212,255,362,5,7,9,12
India,11.750000635782875,77.25001271565755,Soybeans,152,212,255,362,5,7,9,12
India,11.750000635782875,77.75001271565755,Soybeans,152,212,255,362,5,7,9,12
India,11.750000635782875,78.25001271565755,Soybeans,152,212,255,362,5,7,9,12
India,11.750000635782875,78.75001271565755,Soybeans,152,212,255,362,5,7,9,12
India,11.750000635782875,79.25001271565755,Soybeans,152,212,255,362,5,7,9,12
India,11.750000635782875,79.75001271565755,Soybeans,152,212,255,362,5,7,9,12
India,11.750000635782875,92.75001271565756,Soybeans,152,212,255,362,5,7,9,12
India,12.250000635782875,75.25001271565755,Soybeans,152,212,255,362,5,7,9,12
India,12.250000635782875,75.75001271565755,Soybeans,152,212,255,362,5,7,9,12
India,12.250000635782875,76.25001271565755,Soybeans,152,212,255,362,5,7,9,12
India,12.250000635782875,76.75001271565755,Soybeans,152,212,255,362,5,7,9,12
India,12.250000635782875,77.25001271565755,Soybeans,152,212,255,362,5,7,9,12
India,12.250000635782875,77.75001271565755,Soybeans,152,212,255,362,5,7,9,12
India,12.250000635782875,78.25001271565755,Soybeans,152,212,255,362,5,7,9,12
India,12.250000635782875,78.75001271565755,Soybeans,152,212,255,362,5,7,9,12
India,12.250000635782875,79.25001271565755,Soybeans,152,212,255,362,5,7,9,12
India,12.250000635782875,79.75001271565755,Soybeans,152,212,255,362,5,7,9,12
India,12.750000635782875,75.25001271565755,Soybeans,152,212,255,362,5,7,9,12
India,12.750000635782875,75.75001271565755,Soybeans,152,212,255,362,5,7,9,12
India,12.750000635782875,76.25001271565755,Soybeans,152,212,255,362,5,7,9,12
India,12.750000635782875,76.75001271565755,Soybeans,152,212,255,362,5,7,9,12
India,12.750000635782875,77.25001271565755,Soybeans,152,212,255,362,5,7,9,12
India,12.750000635782875,77.75001271565755,Soybeans,152,212,255,362,5,7,9,12
India,12.750000635782875,78.25001271565755,Soybeans,152,212,255,362,5,7,9,12
India,12.750000635782875,78.75001271565755,Soybeans,152,212,255,362,5,7,9,12
India,12.750000635782875,79.25001271565755,Soybeans,152,212,255,362,5,7,9,12
India,12.750000635782875,79.75001271565755,Soybeans,152,212,255,362,5,7,9,12
India,12.750000635782875,92.75001271565756,Soybeans,152,212,255,362,5,7,9,12
India,13.250000635782875,74.75001271565755,Soybeans,152,212,255,362,5,7,9,12
India,13.250000635782875,75.25001271565755,Soybeans,152,212,255,362,5,7,9,12
India,13.250000635782875,75.75001271565755,Soybeans,152,212,255,362,5,7,9,12
India,13.250000635782875,76.25001271565755,Soybeans,152,212,255,362,5,7,9,12
India,13.250000635782875,76.75001271565755,Soybeans,152,212,255,362,5,7,9,12
India,13.250000635782875,77.25001271565755,Soybeans,152,212,255,362,5,7,9,12
India,13.250000635782875,77.75001271565755,Soybeans,152,212,255,362,5,7,9,12
India,13.250000635782875,78.25001271565755,Soybeans,152,212,255,362,5,7,9,12
India,13.250000635782875,78.75001271565755,Soybeans,152,212,255,362,5,7,9,12
India,13.250000635782875,79.25001271565755,Soybeans,152,212,255,362,5,7,9,12
India,13.250000635782875,79.75001271565755,Soybeans,152,212,255,362,5,7,9,12
India,13.250000635782875,80.25001271565755,Soybeans,152,212,255,362,5,7,9,12
India,13.750000635782875,74.75001271565755,Soybeans,152,212,255,362,5,7,9,12
India,13.750000635782875,75.25001271565755,Soybeans,152,212,255,362,5,7,9,12
India,13.750000635782875,75.75001271565755,Soybeans,152,212,255,362,5,7,9,12
India,13.750000635782875,76.25001271565755,Soybeans,152,212,255,362,5,7,9,12
India,13.750000635782875,76.75001271565755,Soybeans,152,212,255,362,5,7,9,12
India,13.750000635782875,77.25001271565755,Soybeans,152,212,255,362,5,7,9,12
India,13.750000635782875,77.75001271565755,Soybeans,152,212,255,362,5,7,9,12
India,13.750000635782875,78.25001271565755,Soybeans,152,212,255,362,5,7,9,12
India,13.750000635782875,78.75001271565755,Soybeans,152,212,255,362,5,7,9,12
India,13.750000635782875,79.25001271565755,Soybeans,152,212,255,362,5,7,9,12
India,13.750000635782875,79.75001271565755,Soybeans,152,212,255,362,5,7,9,12
India,14.250000635782875,74.75001271565755,Soybeans,152,212,255,362,5,7,9,12
India,14.250000635782875,75.25001271565755,Soybeans,152,212,255,362,5,7,9,12
India,14.250000635782875,75.75001271565755,Soybeans,152,212,255,362,5,7,9,12
India,14.250000635782875,76.25001271565755,Soybeans,152,212,255,362,5,7,9,12
India,14.250000635782875,76.75001271565755,Soybeans,152,212,255,362,5,7,9,12
India,14.250000635782875,77.25001271565755,Soybeans,152,212,255,362,5,7,9,12
India,14.250000635782875,77.75001271565755,Soybeans,152,212,255,362,5,7,9,12
India,14.250000635782875,78.25001271565755,Soybeans,152,212,255,362,5,7,9,12
India,14.250000635782875,78.75001271565755,Soybeans,152,212,255,362,5,7,9,12
India,14.250000635782875,79.25001271565755,Soybeans,152,212,255,362,5,7,9,12
India,14.250000635782875,79.75001271565755,Soybeans,152,212,255,362,5,7,9,12
India,14.750000635782875,74.25001271565755,Soybeans,152,212,255,362,5,7,9,12
India,14.750000635782875,74.75001271565755,Soybeans,152,212,255,362,5,7,9,12
India,14.750000635782875,75.25001271565755,Soybeans,152,212,255,362,5,7,9,12
India,14.750000635782875,75.75001271565755,Soybeans,152,212,255,362,5,7,9,12
India,14.750000635782875,76.25001271565755,Soybeans,152,212,255,362,5,7,9,12
India,14.750000635782875,76.75001271565755,Soybeans,152,212,255,362,5,7,9,12
India,14.750000635782875,77.25001271565755,Soybeans,152,212,255,362,5,7,9,12
India,14.750000635782875,77.75001271565755,Soybeans,152,212,255,362,5,7,9,12
India,14.750000635782875,78.25001271565755,Soybeans,152,212,255,362,5,7,9,12
India,14.750000635782875,78.75001271565755,Soybeans,152,212,255,362,5,7,9,12
India,14.750000635782875,79.25001271565755,Soybeans,152,212,255,362,5,7,9,12
India,14.750000635782875,79.75001271565755,Soybeans,152,212,255,362,5,7,9,12
India,15.250000635782875,74.25001271565755,Soybeans,152,212,255,362,5,7,9,12
India,15.250000635782875,74.75001271565755,Soybeans,152,212,255,362,5,7,9,12
India,15.250000635782875,75.25001271565755,Soybeans,152,212,255,362,5,7,9,12
India,15.250000635782875,75.75001271565755,Soybeans,152,212,255,362,5,7,9,12
India,15.250000635782875,76.25001271565755,Soybeans,152,212,255,362,5,7,9,12
India,15.250000635782875,76.75001271565755,Soybeans,152,212,255,362,5,7,9,12
India,15.250000635782875,77.25001271565755,Soybeans,152,212,255,362,5,7,9,12
India,15.250000635782875,77.75001271565755,Soybeans,152,212,255,362,5,7,9,12
India,15.250000635782875,78.25001271565755,Soybeans,152,212,255,362,5,7,9,12
India,15.250000635782875,78.75001271565755,Soybeans,152,212,255,362,5,7,9,12
India,15.250000635782875,79.25001271565755,Soybeans,152,212,255,362,5,7,9,12
India,15.250000635782875,79.75001271565755,Soybeans,152,212,255,362,5,7,9,12
India,15.750000635782875,73.75001271565755,Soybeans,152,212,255,362,5,7,9,12
India,15.750000635782875,74.25001271565755,Soybeans,152,212,255,362,5,7,9,12
India,15.750000635782875,74.75001271565755,Soybeans,152,212,255,362,5,7,9,12
India,15.750000635782875,75.25001271565755,Soybeans,152,212,255,362,5,7,9,12
India,15.750000635782875,75.75001271565755,Soybeans,152,212,255,362,5,7,9,12
India,15.750000635782875,76.25001271565755,Soybeans,152,212,255,362,5,7,9,12
India,15.750000635782875,76.75001271565755,Soybeans,152,212,255,362,5,7,9,12
India,15.750000635782875,77.25001271565755,Soybeans,152,212,255,362,5,7,9,12
India,15.750000635782875,77.75001271565755,Soybeans,152,212,255,362,5,7,9,12
India,15.750000635782875,78.25001271565755,Soybeans,152,212,255,362,5,7,9,12
India,15.750000635782875,78.75001271565755,Soybeans,152,212,255,362,5,7,9,12
India,15.750000635782875,79.25001271565755,Soybeans,152,212,255,362,5,7,9,12
India,15.750000635782875,79.75001271565755,Soybeans,152,212,255,362,5,7,9,12
India,15.750000635782875,80.25001271565755,Soybeans,152,212,255,362,5,7,9,12
India,16.25000063578288,73.75001271565755,Soybeans,152,212,255,362,5,7,9,12
India,16.25000063578288,74.25001271565755,Soybeans,162,196,288,329,6,7,10,11
India,16.25000063578288,74.75001271565755,Soybeans,152,212,255,362,5,7,9,12
India,16.25000063578288,75.25001271565755,Soybeans,152,212,255,362,5,7,9,12
India,16.25000063578288,75.75001271565755,Soybeans,152,212,255,362,5,7,9,12
India,16.25000063578288,76.25001271565755,Soybeans,152,212,255,362,5,7,9,12
India,16.25000063578288,76.75001271565755,Soybeans,152,212,255,362,5,7,9,12
India,16.25000063578288,77.25001271565755,Soybeans,152,212,255,362,5,7,9,12
India,16.25000063578288,77.75001271565755,Soybeans,152,212,255,362,5,7,9,12
India,16.25000063578288,78.25001271565755,Soybeans,152,212,255,362,5,7,9,12
India,16.25000063578288,78.75001271565755,Soybeans,152,212,255,362,5,7,9,12
India,16.25000063578288,79.25001271565755,Soybeans,152,212,255,362,5,7,9,12
India,16.25000063578288,79.75001271565755,Soybeans,152,212,255,362,5,7,9,12
India,16.25000063578288,80.25001271565755,Soybeans,152,212,255,362,5,7,9,12
India,16.25000063578288,80.75001271565755,Soybeans,152,212,255,362,5,7,9,12
India,16.75000063578288,73.75001271565755,Soybeans,152,212,255,362,5,7,9,12
India,16.75000063578288,74.25001271565755,Soybeans,162,196,288,329,6,7,10,11
India,16.75000063578288,74.75001271565755,Soybeans,152,212,255,362,5,7,9,12
India,16.75000063578288,75.25001271565755,Soybeans,152,212,255,362,5,7,9,12
India,16.75000063578288,75.75001271565755,Soybeans,152,212,255,362,5,7,9,12
India,16.75000063578288,76.25001271565755,Soybeans,152,212,255,362,5,7,9,12
India,16.75000063578288,76.75001271565755,Soybeans,152,212,255,362,5,7,9,12
India,16.75000063578288,77.25001271565755,Soybeans,152,212,255,362,5,7,9,12
India,16.75000063578288,77.75001271565755,Soybeans,152,212,255,362,5,7,9,12
India,16.75000063578288,78.25001271565755,Soybeans,152,212,255,362,5,7,9,12
India,16.75000063578288,78.75001271565755,Soybeans,152,212,255,362,5,7,9,12
India,16.75000063578288,79.25001271565755,Soybeans,152,212,255,362,5,7,9,12
India,16.75000063578288,79.75001271565755,Soybeans,152,212,255,362,5,7,9,12
India,16.75000063578288,80.25001271565755,Soybeans,152,212,255,362,5,7,9,12
India,16.75000063578288,80.75001271565755,Soybeans,152,212,255,362,5,7,9,12
India,16.75000063578288,81.25001271565755,Soybeans,152,212,255,362,5,7,9,12
India,16.75000063578288,81.75001271565755,Soybeans,152,212,255,362,5,7,9,12
India,16.75000063578288,82.25001271565755,Soybeans,152,212,255,362,5,7,9,12
India,17.25000063578288,73.25001271565755,Soybeans,152,212,255,362,5,7,9,12
India,17.25000063578288,73.75001271565755,Soybeans,152,212,255,362,5,7,9,12
India,17.25000063578288,74.25001271565755,Soybeans,152,212,255,362,5,7,9,12
India,17.25000063578288,74.75001271565755,Soybeans,152,212,255,362,5,7,9,12
India,17.25000063578288,75.25001271565755,Soybeans,152,212,255,362,5,7,9,12
India,17.25000063578288,75.75001271565755,Soybeans,152,212,255,362,5,7,9,12
India,17.25000063578288,76.25001271565755,Soybeans,152,212,255,362,5,7,9,12
India,17.25000063578288,76.75001271565755,Soybeans,152,212,255,362,5,7,9,12
India,17.25000063578288,77.25001271565755,Soybeans,152,212,255,362,5,7,9,12
India,17.25000063578288,77.75001271565755,Soybeans,152,212,255,362,5,7,9,12
India,17.25000063578288,78.25001271565755,Soybeans,152,212,255,362,5,7,9,12
India,17.25000063578288,78.75001271565755,Soybeans,152,212,255,362,5,7,9,12
India,17.25000063578288,79.25001271565755,Soybeans,152,212,255,362,5,7,9,12
India,17.25000063578288,79.75001271565755,Soybeans,152,212,255,362,5,7,9,12
India,17.25000063578288,80.25001271565755,Soybeans,152,212,255,362,5,7,9,12
India,17.25000063578288,80.75001271565755,Soybeans,152,212,255,362,5,7,9,12
India,17.25000063578288,81.25001271565755,Soybeans,152,212,255,362,5,7,9,12
India,17.25000063578288,81.75001271565755,Soybeans,152,212,255,362,5,7,9,12
India,17.25000063578288,82.25001271565755,Soybeans,152,212,255,362,5,7,9,12
India,17.75000063578288,73.25001271565755,Soybeans,152,212,255,362,5,7,9,12
India,17.75000063578288,73.75001271565755,Soybeans,152,212,255,362,5,7,9,12
India,17.75000063578288,74.25001271565755,Soybeans,152,212,255,362,5,7,9,12
India,17.75000063578288,74.75001271565755,Soybeans,152,212,255,362,5,7,9,12
India,17.75000063578288,75.25001271565755,Soybeans,152,212,255,362,5,7,9,12
India,17.75000063578288,75.75001271565755,Soybeans,152,212,255,362,5,7,9,12
India,17.75000063578288,76.25001271565755,Soybeans,152,212,255,362,5,7,9,12
India,17.75000063578288,76.75001271565755,Soybeans,152,212,255,362,5,7,9,12
India,17.75000063578288,77.25001271565755,Soybeans,152,212,255,362,5,7,9,12
India,17.75000063578288,77.75001271565755,Soybeans,152,212,255,362,5,7,9,12
India,17.75000063578288,78.25001271565755,Soybeans,152,212,255,362,5,7,9,12
India,17.75000063578288,78.75001271565755,Soybeans,152,212,255,362,5,7,9,12
India,17.75000063578288,79.25001271565755,Soybeans,152,212,255,362,5,7,9,12
India,17.75000063578288,79.75001271565755,Soybeans,152,212,255,362,5,7,9,12
India,17.75000063578288,80.25001271565755,Soybeans,152,212,255,362,5,7,9,12
India,17.75000063578288,80.75001271565755,Soybeans,152,212,255,362,5,7,9,12
India,17.75000063578288,81.25001271565755,Soybeans,152,212,255,362,5,7,9,12
India,17.75000063578288,81.75001271565755,Soybeans,152,212,255,362,5,7,9,12
India,17.75000063578288,82.25001271565755,Soybeans,152,212,255,362,5,7,9,12
India,17.75000063578288,82.75001271565755,Soybeans,152,212,255,362,5,7,9,12
India,17.75000063578288,83.25001271565755,Soybeans,152,212,255,362,5,7,9,12
India,18.25000063578288,73.25001271565755,Soybeans,152,212,255,362,5,7,9,12
India,18.25000063578288,73.75001271565755,Soybeans,152,212,255,362,5,7,9,12
India,18.25000063578288,74.25001271565755,Soybeans,152,212,255,362,5,7,9,12
India,18.25000063578288,74.75001271565755,Soybeans,152,212,255,362,5,7,9,12
India,18.25000063578288,75.25001271565755,Soybeans,152,212,255,362,5,7,9,12
India,18.25000063578288,75.75001271565755,Soybeans,152,212,255,362,5,7,9,12
India,18.25000063578288,76.25001271565755,Soybeans,152,212,255,362,5,7,9,12
India,18.25000063578288,76.75001271565755,Soybeans,152,212,255,362,5,7,9,12
India,18.25000063578288,77.25001271565755,Soybeans,152,212,255,362,5,7,9,12
India,18.25000063578288,77.75001271565755,Soybeans,152,212,255,362,5,7,9,12
India,18.25000063578288,78.25001271565755,Soybeans,152,212,255,362,5,7,9,12
India,18.25000063578288,78.75001271565755,Soybeans,152,212,255,362,5,7,9,12
India,18.25000063578288,79.25001271565755,Soybeans,152,212,255,362,5,7,9,12
India,18.25000063578288,79.75001271565755,Soybeans,152,212,255,362,5,7,9,12
India,18.25000063578288,80.25001271565755,Soybeans,152,212,255,362,5,7,9,12
India,18.25000063578288,80.75001271565755,Soybeans,152,212,255,362,5,7,9,12
India,18.25000063578288,81.25001271565755,Soybeans,152,212,255,362,5,7,9,12
India,18.25000063578288,81.75001271565755,Soybeans,152,212,255,362,5,7,9,12
India,18.25000063578288,82.25001271565755,Soybeans,152,212,255,362,5,7,9,12
India,18.25000063578288,82.75001271565755,Soybeans,152,212,255,362,5,7,9,12
India,18.25000063578288,83.25001271565755,Soybeans,152,212,255,362,5,7,9,12
India,18.25000063578288,83.75001271565755,Soybeans,152,212,255,362,5,7,9,12
India,18.75000063578288,73.25001271565755,Soybeans,152,212,255,362,5,7,9,12
India,18.75000063578288,73.75001271565755,Soybeans,152,212,255,362,5,7,9,12
India,18.75000063578288,74.25001271565755,Soybeans,152,212,255,362,5,7,9,12
India,18.75000063578288,74.75001271565755,Soybeans,152,212,255,362,5,7,9,12
India,18.75000063578288,75.25001271565755,Soybeans,152,212,255,362,5,7,9,12
India,18.75000063578288,75.75001271565755,Soybeans,152,212,255,362,5,7,9,12
India,18.75000063578288,76.25001271565755,Soybeans,152,212,255,362,5,7,9,12
India,18.75000063578288,76.75001271565755,Soybeans,152,212,255,362,5,7,9,12
India,18.75000063578288,77.25001271565755,Soybeans,152,212,255,362,5,7,9,12
India,18.75000063578288,77.75001271565755,Soybeans,152,212,255,362,5,7,9,12
India,18.75000063578288,78.25001271565755,Soybeans,152,212,255,362,5,7,9,12
India,18.75000063578288,78.75001271565755,Soybeans,152,212,255,362,5,7,9,12
India,18.75000063578288,79.25001271565755,Soybeans,152,212,255,362,5,7,9,12
India,18.75000063578288,79.75001271565755,Soybeans,152,212,255,362,5,7,9,12
India,18.75000063578288,80.25001271565755,Soybeans,152,212,255,362,5,7,9,12
India,18.75000063578288,80.75001271565755,Soybeans,152,212,255,362,5,7,9,12
India,18.75000063578288,81.25001271565755,Soybeans,152,212,255,362,5,7,9,12
India,18.75000063578288,81.75001271565755,Soybeans,152,212,255,362,5,7,9,12
India,18.75000063578288,82.25001271565755,Soybeans,152,212,255,362,5,7,9,12
India,18.75000063578288,82.75001271565755,Soybeans,152,212,255,362,5,7,9,12
India,18.75000063578288,83.25001271565755,Soybeans,152,212,255,362,5,7,9,12
India,18.75000063578288,83.75001271565755,Soybeans,152,212,255,362,5,7,9,12
India,18.75000063578288,84.25001271565755,Soybeans,152,212,255,362,5,7,9,12
India,19.25000063578288,73.25001271565755,Soybeans,152,212,255,362,5,7,9,12
India,19.25000063578288,73.75001271565755,Soybeans,152,212,255,362,5,7,9,12
India,19.25000063578288,74.25001271565755,Soybeans,152,212,255,362,5,7,9,12
India,19.25000063578288,74.75001271565755,Soybeans,152,212,255,362,5,7,9,12
India,19.25000063578288,75.25001271565755,Soybeans,152,212,255,362,5,7,9,12
India,19.25000063578288,75.75001271565755,Soybeans,152,212,255,362,5,7,9,12
India,19.25000063578288,76.25001271565755,Soybeans,152,212,255,362,5,7,9,12
India,19.25000063578288,76.75001271565755,Soybeans,152,212,255,362,5,7,9,12
India,19.25000063578288,77.25001271565755,Soybeans,152,212,255,362,5,7,9,12
India,19.25000063578288,77.75001271565755,Soybeans,152,212,255,362,5,7,9,12
India,19.25000063578288,78.25001271565755,Soybeans,152,212,255,362,5,7,9,12
India,19.25000063578288,78.75001271565755,Soybeans,152,212,255,362,5,7,9,12
India,19.25000063578288,79.25001271565755,Soybeans,152,212,255,362,5,7,9,12
India,19.25000063578288,79.75001271565755,Soybeans,152,212,255,362,5,7,9,12
India,19.25000063578288,80.25001271565755,Soybeans,152,212,255,362,5,7,9,12
India,19.25000063578288,80.75001271565755,Soybeans,152,212,255,362,5,7,9,12
India,19.25000063578288,81.25001271565755,Soybeans,152,212,255,362,5,7,9,12
India,19.25000063578288,81.75001271565755,Soybeans,152,212,255,362,5,7,9,12
India,19.25000063578288,82.25001271565755,Soybeans,152,212,255,362,5,7,9,12
India,19.25000063578288,82.75001271565755,Soybeans,152,212,255,362,5,7,9,12
India,19.25000063578288,83.25001271565755,Soybeans,152,212,255,362,5,7,9,12
India,19.25000063578288,83.75001271565755,Soybeans,152,212,255,362,5,7,9,12
India,19.25000063578288,84.25001271565755,Soybeans,152,212,255,362,5,7,9,12
India,19.25000063578288,84.75001271565755,Soybeans,152,212,255,362,5,7,9,12
India,19.75000063578288,72.75001271565755,Soybeans,152,212,255,362,5,7,9,12
India,19.75000063578288,73.25001271565755,Soybeans,152,212,255,362,5,7,9,12
India,19.75000063578288,73.75001271565755,Soybeans,152,212,255,362,5,7,9,12
India,19.75000063578288,74.25001271565755,Soybeans,152,212,255,362,5,7,9,12
India,19.75000063578288,74.75001271565755,Soybeans,152,212,255,362,5,7,9,12
India,19.75000063578288,75.25001271565755,Soybeans,152,212,255,362,5,7,9,12
India,19.75000063578288,75.75001271565755,Soybeans,152,212,255,362,5,7,9,12
India,19.75000063578288,76.25001271565755,Soybeans,152,212,255,362,5,7,9,12
India,19.75000063578288,76.75001271565755,Soybeans,152,212,255,362,5,7,9,12
India,19.75000063578288,77.25001271565755,Soybeans,152,212,255,362,5,7,9,12
India,19.75000063578288,77.75001271565755,Soybeans,152,212,255,362,5,7,9,12
India,19.75000063578288,78.25001271565755,Soybeans,152,212,255,362,5,7,9,12
India,19.75000063578288,78.75001271565755,Soybeans,152,212,255,362,5,7,9,12
India,19.75000063578288,79.25001271565755,Soybeans,152,212,255,362,5,7,9,12
India,19.75000063578288,79.75001271565755,Soybeans,152,212,255,362,5,7,9,12
India,19.75000063578288,80.25001271565755,Soybeans,152,212,255,362,5,7,9,12
India,19.75000063578288,80.75001271565755,Soybeans,152,212,255,362,5,7,9,12
India,19.75000063578288,81.25001271565755,Soybeans,152,212,255,362,5,7,9,12
India,19.75000063578288,81.75001271565755,Soybeans,152,212,255,362,5,7,9,12
India,19.75000063578288,82.25001271565755,Soybeans,152,212,255,362,5,7,9,12
India,19.75000063578288,82.75001271565755,Soybeans,152,212,255,362,5,7,9,12
India,19.75000063578288,83.25001271565755,Soybeans,152,212,255,362,5,7,9,12
India,19.75000063578288,83.75001271565755,Soybeans,152,212,255,362,5,7,9,12
India,19.75000063578288,84.25001271565755,Soybeans,152,212,255,362,5,7,9,12
India,19.75000063578288,84.75001271565755,Soybeans,152,212,255,362,5,7,9,12
India,20.25000063578288,72.75001271565755,Soybeans,152,212,255,362,5,7,9,12
India,20.25000063578288,73.25001271565755,Soybeans,152,212,255,362,5,7,9,12
India,20.25000063578288,73.75001271565755,Soybeans,152,212,255,362,5,7,9,12
India,20.25000063578288,74.25001271565755,Soybeans,152,212,255,362,5,7,9,12
India,20.25000063578288,74.75001271565755,Soybeans,152,212,255,362,5,7,9,12
India,20.25000063578288,75.25001271565755,Soybeans,152,212,255,362,5,7,9,12
India,20.25000063578288,75.75001271565755,Soybeans,152,212,255,362,5,7,9,12
India,20.25000063578288,76.25001271565755,Soybeans,152,212,255,362,5,7,9,12
India,20.25000063578288,76.75001271565755,Soybeans,152,212,255,362,5,7,9,12
India,20.25000063578288,77.25001271565755,Soybeans,152,212,255,362,5,7,9,12
India,20.25000063578288,77.75001271565755,Soybeans,152,212,255,362,5,7,9,12
India,20.25000063578288,78.25001271565755,Soybeans,152,212,255,362,5,7,9,12
India,20.25000063578288,78.75001271565755,Soybeans,152,212,255,362,5,7,9,12
India,20.25000063578288,79.25001271565755,Soybeans,152,212,255,362,5,7,9,12
India,20.25000063578288,79.75001271565755,Soybeans,152,212,255,362,5,7,9,12
India,20.25000063578288,80.25001271565755,Soybeans,152,212,255,362,5,7,9,12
India,20.25000063578288,80.75001271565755,Soybeans,152,212,255,362,5,7,9,12
India,20.25000063578288,81.25001271565755,Soybeans,152,212,255,362,5,7,9,12
India,20.25000063578288,81.75001271565755,Soybeans,152,212,255,362,5,7,9,12
India,20.25000063578288,82.25001271565755,Soybeans,152,212,255,362,5,7,9,12
India,20.25000063578288,82.75001271565755,Soybeans,152,212,255,362,5,7,9,12
India,20.25000063578288,83.25001271565755,Soybeans,152,212,255,362,5,7,9,12
India,20.25000063578288,83.75001271565755,Soybeans,152,212,255,362,5,7,9,12
India,20.25000063578288,84.25001271565755,Soybeans,152,212,255,362,5,7,9,12
India,20.25000063578288,84.75001271565755,Soybeans,152,212,255,362,5,7,9,12
India,20.25000063578288,85.25001271565755,Soybeans,152,212,255,362,5,7,9,12
India,20.25000063578288,85.75001271565755,Soybeans,152,212,255,362,5,7,9,12
India,20.25000063578288,86.25001271565755,Soybeans,152,212,255,362,5,7,9,12
India,20.75000063578288,70.75001271565755,Soybeans,152,212,255,362,5,7,9,12
India,20.75000063578288,73.25001271565755,Soybeans,152,212,255,362,5,7,9,12
India,20.75000063578288,73.75001271565755,Soybeans,152,212,255,362,5,7,9,12
India,20.75000063578288,74.25001271565755,Soybeans,152,212,255,362,5,7,9,12
India,20.75000063578288,74.75001271565755,Soybeans,152,212,255,362,5,7,9,12
India,20.75000063578288,75.25001271565755,Soybeans,152,212,255,362,5,7,9,12
India,20.75000063578288,75.75001271565755,Soybeans,152,212,255,362,5,7,9,12
India,20.75000063578288,76.25001271565755,Soybeans,152,212,255,362,5,7,9,12
India,20.75000063578288,76.75001271565755,Soybeans,152,212,255,362,5,7,9,12
India,20.75000063578288,77.25001271565755,Soybeans,152,212,255,362,5,7,9,12
India,20.75000063578288,77.75001271565755,Soybeans,162,196,288,329,6,7,10,11
India,20.75000063578288,78.25001271565755,Soybeans,152,212,255,362,5,7,9,12
India,20.75000063578288,78.75001271565755,Soybeans,152,212,255,362,5,7,9,12
India,20.75000063578288,79.25001271565755,Soybeans,162,196,288,329,6,7,10,11
India,20.75000063578288,79.75001271565755,Soybeans,152,212,255,362,5,7,9,12
India,20.75000063578288,80.25001271565755,Soybeans,152,212,255,362,5,7,9,12
India,20.75000063578288,80.75001271565755,Soybeans,152,212,255,362,5,7,9,12
India,20.75000063578288,81.25001271565755,Soybeans,152,212,255,362,5,7,9,12
India,20.75000063578288,81.75001271565755,Soybeans,152,212,255,362,5,7,9,12
India,20.75000063578288,82.25001271565755,Soybeans,152,212,255,362,5,7,9,12
India,20.75000063578288,82.75001271565755,Soybeans,152,212,255,362,5,7,9,12
India,20.75000063578288,83.25001271565755,Soybeans,152,212,255,362,5,7,9,12
India,20.75000063578288,83.75001271565755,Soybeans,152,212,255,362,5,7,9,12
India,20.75000063578288,84.25001271565755,Soybeans,152,212,255,362,5,7,9,12
India,20.75000063578288,84.75001271565755,Soybeans,152,212,255,362,5,7,9,12
India,20.75000063578288,85.25001271565755,Soybeans,152,212,255,362,5,7,9,12
India,20.75000063578288,85.75001271565755,Soybeans,152,212,255,362,5,7,9,12
India,20.75000063578288,86.25001271565755,Soybeans,152,212,255,362,5,7,9,12
India,20.75000063578288,86.75001271565755,Soybeans,152,212,255,362,5,7,9,12
India,21.25000063578288,70.25001271565755,Soybeans,152,212,255,362,5,7,9,12
India,21.25000063578288,70.75001271565755,Soybeans,152,212,255,362,5,7,9,12
India,21.25000063578288,71.25001271565755,Soybeans,152,212,255,362,5,7,9,12
India,21.25000063578288,71.75001271565755,Soybeans,152,212,255,362,5,7,9,12
India,21.25000063578288,72.75001271565755,Soybeans,152,212,255,362,5,7,9,12
India,21.25000063578288,73.25001271565755,Soybeans,152,212,255,362,5,7,9,12
India,21.25000063578288,73.75001271565755,Soybeans,152,212,255,362,5,7,9,12
India,21.25000063578288,74.25001271565755,Soybeans,152,212,255,362,5,7,9,12
India,21.25000063578288,74.75001271565755,Soybeans,152,212,255,362,5,7,9,12
India,21.25000063578288,75.25001271565755,Soybeans,152,212,255,362,5,7,9,12
India,21.25000063578288,75.75001271565755,Soybeans,152,212,255,362,5,7,9,12
India,21.25000063578288,76.25001271565755,Soybeans,152,212,255,362,5,7,9,12
India,21.25000063578288,76.75001271565755,Soybeans,152,212,255,362,5,7,9,12
India,21.25000063578288,77.25001271565755,Soybeans,162,196,288,329,6,7,10,11
India,21.25000063578288,77.75001271565755,Soybeans,162,196,288,329,6,7,10,11
India,21.25000063578288,78.25001271565755,Soybeans,162,196,288,329,6,7,10,11
India,21.25000063578288,78.75001271565755,Soybeans,162,196,288,329,6,7,10,11
India,21.25000063578288,79.25001271565755,Soybeans,162,196,288,329,6,7,10,11
India,21.25000063578288,79.75001271565755,Soybeans,152,212,255,362,5,7,9,12
India,21.25000063578288,80.25001271565755,Soybeans,152,212,255,362,5,7,9,12
India,21.25000063578288,80.75001271565755,Soybeans,152,212,255,362,5,7,9,12
India,21.25000063578288,81.25001271565755,Soybeans,152,212,255,362,5,7,9,12
India,21.25000063578288,81.75001271565755,Soybeans,152,212,255,362,5,7,9,12
India,21.25000063578288,82.25001271565755,Soybeans,152,212,255,362,5,7,9,12
India,21.25000063578288,82.75001271565755,Soybeans,152,212,255,362,5,7,9,12
India,21.25000063578288,83.25001271565755,Soybeans,152,212,255,362,5,7,9,12
India,21.25000063578288,83.75001271565755,Soybeans,152,212,255,362,5,7,9,12
India,21.25000063578288,84.25001271565755,Soybeans,152,212,255,362,5,7,9,12
India,21.25000063578288,84.75001271565755,Soybeans,152,212,255,362,5,7,9,12
India,21.25000063578288,85.25001271565755,Soybeans,152,212,255,362,5,7,9,12
India,21.25000063578288,85.75001271565755,Soybeans,152,212,255,362,5,7,9,12
India,21.25000063578288,86.25001271565755,Soybeans,152,212,255,362,5,7,9,12
India,21.25000063578288,86.75001271565755,Soybeans,152,212,255,362,5,7,9,12
India,21.75000063578288,69.75001271565755,Soybeans,152,212,255,362,5,7,9,12
India,21.75000063578288,70.25001271565755,Soybeans,152,212,255,362,5,7,9,12
India,21.75000063578288,70.75001271565755,Soybeans,152,212,255,362,5,7,9,12
India,21.75000063578288,71.25001271565755,Soybeans,152,212,255,362,5,7,9,12
India,21.75000063578288,71.75001271565755,Soybeans,152,212,255,362,5,7,9,12
India,21.75000063578288,72.75001271565755,Soybeans,152,212,255,362,5,7,9,12
India,21.75000063578288,73.25001271565755,Soybeans,152,212,255,362,5,7,9,12
India,21.75000063578288,73.75001271565755,Soybeans,152,212,255,362,5,7,9,12
India,21.75000063578288,74.25001271565755,Soybeans,152,212,255,362,5,7,9,12
India,21.75000063578288,74.75001271565755,Soybeans,152,212,255,362,5,7,9,12
India,21.75000063578288,75.25001271565755,Soybeans,152,212,255,362,5,7,9,12
India,21.75000063578288,75.75001271565755,Soybeans,152,212,255,362,5,7,9,12
India,21.75000063578288,76.25001271565755,Soybeans,152,212,255,362,5,7,9,12
India,21.75000063578288,76.75001271565755,Soybeans,152,212,255,362,5,7,9,12
India,21.75000063578288,77.25001271565755,Soybeans,152,212,255,362,5,7,9,12
India,21.75000063578288,77.75001271565755,Soybeans,152,212,255,362,5,7,9,12
India,21.75000063578288,78.25001271565755,Soybeans,152,212,255,362,5,7,9,12
India,21.75000063578288,78.75001271565755,Soybeans,152,212,255,362,5,7,9,12
India,21.75000063578288,79.25001271565755,Soybeans,152,212,255,362,5,7,9,12
India,21.75000063578288,79.75001271565755,Soybeans,152,212,255,362,5,7,9,12
India,21.75000063578288,80.25001271565755,Soybeans,152,212,255,362,5,7,9,12
India,21.75000063578288,80.75001271565755,Soybeans,152,212,255,362,5,7,9,12
India,21.75000063578288,81.25001271565755,Soybeans,152,212,255,362,5,7,9,12
India,21.75000063578288,81.75001271565755,Soybeans,152,212,255,362,5,7,9,12
India,21.75000063578288,82.25001271565755,Soybeans,152,212,255,362,5,7,9,12
India,21.75000063578288,82.75001271565755,Soybeans,152,212,255,362,5,7,9,12
India,21.75000063578288,83.25001271565755,Soybeans,152,212,255,362,5,7,9,12
India,21.75000063578288,83.75001271565755,Soybeans,152,212,255,362,5,7,9,12
India,21.75000063578288,84.25001271565755,Soybeans,152,212,255,362,5,7,9,12
India,21.75000063578288,84.75001271565755,Soybeans,152,212,255,362,5,7,9,12
India,21.75000063578288,85.25001271565755,Soybeans,152,212,255,362,5,7,9,12
India,21.75000063578288,85.75001271565755,Soybeans,152,212,255,362,5,7,9,12
India,21.75000063578288,86.25001271565755,Soybeans,152,212,255,362,5,7,9,12
India,21.75000063578288,86.75001271565755,Soybeans,152,212,255,362,5,7,9,12
India,21.75000063578288,87.25001271565755,Soybeans,152,212,255,362,5,7,9,12
India,21.75000063578288,87.75001271565755,Soybeans,152,212,255,362,5,7,9,12
India,21.75000063578288,88.25001271565755,Soybeans,152,212,255,362,5,7,9,12
India,21.75000063578288,88.75001271565755,Soybeans,152,212,255,362,5,7,9,12
India,22.25000063578288,69.25001271565755,Soybeans,152,212,255,362,5,7,9,12
India,22.25000063578288,69.75001271565755,Soybeans,152,212,255,362,5,7,9,12
India,22.25000063578288,70.25001271565755,Soybeans,152,212,255,362,5,7,9,12
India,22.25000063578288,70.75001271565755,Soybeans,152,212,255,362,5,7,9,12
India,22.25000063578288,71.25001271565755,Soybeans,152,212,255,362,5,7,9,12
India,22.25000063578288,71.75001271565755,Soybeans,152,212,255,362,5,7,9,12
India,22.25000063578288,72.75001271565755,Soybeans,152,212,255,362,5,7,9,12
India,22.25000063578288,73.25001271565755,Soybeans,152,212,255,362,5,7,9,12
India,22.25000063578288,73.75001271565755,Soybeans,152,212,255,362,5,7,9,12
India,22.25000063578288,74.25001271565755,Soybeans,152,212,255,362,5,7,9,12
India,22.25000063578288,74.75001271565755,Soybeans,152,212,255,362,5,7,9,12
India,22.25000063578288,75.25001271565755,Soybeans,152,212,255,362,5,7,9,12
India,22.25000063578288,75.75001271565755,Soybeans,152,212,255,362,5,7,9,12
India,22.25000063578288,76.25001271565755,Soybeans,152,212,255,362,5,7,9,12
India,22.25000063578288,76.75001271565755,Soybeans,152,212,255,362,5,7,9,12
India,22.25000063578288,77.25001271565755,Soybeans,152,212,255,362,5,7,9,12
India,22.25000063578288,77.75001271565755,Soybeans,152,212,255,362,5,7,9,12
India,22.25000063578288,78.25001271565755,Soybeans,152,212,255,362,5,7,9,12
India,22.25000063578288,78.75001271565755,Soybeans,152,212,255,362,5,7,9,12
India,22.25000063578288,79.25001271565755,Soybeans,152,212,255,362,5,7,9,12
India,22.25000063578288,79.75001271565755,Soybeans,152,212,255,362,5,7,9,12
India,22.25000063578288,80.25001271565755,Soybeans,152,212,255,362,5,7,9,12
India,22.25000063578288,80.75001271565755,Soybeans,152,212,255,362,5,7,9,12
India,22.25000063578288,81.25001271565755,Soybeans,152,212,255,362,5,7,9,12
India,22.25000063578288,81.75001271565755,Soybeans,152,212,255,362,5,7,9,12
India,22.25000063578288,82.25001271565755,Soybeans,152,212,255,362,5,7,9,12
India,22.25000063578288,82.75001271565755,Soybeans,152,212,255,362,5,7,9,12
India,22.25000063578288,83.25001271565755,Soybeans,152,212,255,362,5,7,9,12
India,22.25000063578288,83.75001271565755,Soybeans,152,212,255,362,5,7,9,12
India,22.25000063578288,84.25001271565755,Soybeans,152,212,255,362,5,7,9,12
India,22.25000063578288,84.75001271565755,Soybeans,152,212,255,362,5,7,9,12
India,22.25000063578288,85.25001271565755,Soybeans,152,212,255,362,5,7,9,12
India,22.25000063578288,85.75001271565755,Soybeans,152,212,255,362,5,7,9,12
India,22.25000063578288,86.25001271565755,Soybeans,152,212,255,362,5,7,9,12
India,22.25000063578288,86.75001271565755,Soybeans,152,212,255,362,5,7,9,12
India,22.25000063578288,87.25001271565755,Soybeans,152,212,255,362,5,7,9,12
India,22.25000063578288,87.75001271565755,Soybeans,152,212,255,362,5,7,9,12
India,22.25000063578288,88.25001271565755,Soybeans,152,212,255,362,5,7,9,12
India,22.25000063578288,88.75001271565755,Soybeans,152,212,255,362,5,7,9,12
India,22.25000063578288,92.75001271565756,Soybeans,152,212,255,362,5,7,9,12
India,22.75000063578288,70.75001271565755,Soybeans,152,212,255,362,5,7,9,12
India,22.75000063578288,71.25001271565755,Soybeans,152,212,255,362,5,7,9,12
India,22.75000063578288,71.75001271565755,Soybeans,152,212,255,362,5,7,9,12
India,22.75000063578288,72.25001271565755,Soybeans,152,212,255,362,5,7,9,12
India,22.75000063578288,72.75001271565755,Soybeans,152,212,255,362,5,7,9,12
India,22.75000063578288,73.25001271565755,Soybeans,152,212,255,362,5,7,9,12
India,22.75000063578288,73.75001271565755,Soybeans,152,212,255,362,5,7,9,12
India,22.75000063578288,74.25001271565755,Soybeans,152,212,255,362,5,7,9,12
India,22.75000063578288,74.75001271565755,Soybeans,152,212,255,362,5,7,9,12
India,22.75000063578288,75.25001271565755,Soybeans,152,212,255,362,5,7,9,12
India,22.75000063578288,75.75001271565755,Soybeans,152,212,255,362,5,7,9,12
India,22.75000063578288,76.25001271565755,Soybeans,152,212,255,362,5,7,9,12
India,22.75000063578288,76.75001271565755,Soybeans,152,212,255,362,5,7,9,12
India,22.75000063578288,77.25001271565755,Soybeans,152,212,255,362,5,7,9,12
India,22.75000063578288,77.75001271565755,Soybeans,152,212,255,362,5,7,9,12
India,22.75000063578288,78.25001271565755,Soybeans,152,212,255,362,5,7,9,12
India,22.75000063578288,78.75001271565755,Soybeans,152,212,255,362,5,7,9,12
India,22.75000063578288,79.25001271565755,Soybeans,152,212,255,362,5,7,9,12
India,22.75000063578288,79.75001271565755,Soybeans,152,212,255,362,5,7,9,12
India,22.75000063578288,80.25001271565755,Soybeans,152,212,255,362,5,7,9,12
India,22.75000063578288,80.75001271565755,Soybeans,152,212,255,362,5,7,9,12
India,22.75000063578288,81.25001271565755,Soybeans,152,212,255,362,5,7,9,12
India,22.75000063578288,81.75001271565755,Soybeans,152,212,255,362,5,7,9,12
India,22.75000063578288,82.25001271565755,Soybeans,152,212,255,362,5,7,9,12
India,22.75000063578288,82.75001271565755,Soybeans,152,212,255,362,5,7,9,12
India,22.75000063578288,83.25001271565755,Soybeans,152,212,255,362,5,7,9,12
India,22.75000063578288,83.75001271565755,Soybeans,152,212,255,362,5,7,9,12
India,22.75000063578288,84.25001271565755,Soybeans,152,212,255,362,5,7,9,12
India,22.75000063578288,84.75001271565755,Soybeans,152,212,255,362,5,7,9,12
India,22.75000063578288,85.25001271565755,Soybeans,152,212,255,362,5,7,9,12
India,22.75000063578288,85.75001271565755,Soybeans,152,212,255,362,5,7,9,12
India,22.75000063578288,86.25001271565755,Soybeans,152,212,255,362,5,7,9,12
India,22.75000063578288,86.75001271565755,Soybeans,152,212,255,362,5,7,9,12
India,22.75000063578288,87.25001271565755,Soybeans,152,212,255,362,5,7,9,12
India,22.75000063578288,87.75001271565755,Soybeans,152,212,255,362,5,7,9,12
India,22.75000063578288,88.25001271565755,Soybeans,152,212,255,362,5,7,9,12
India,22.75000063578288,88.75001271565755,Soybeans,152,212,255,362,5,7,9,12
India,22.75000063578288,92.75001271565756,Soybeans,152,212,255,362,5,7,9,12
India,23.25000063578288,68.75001271565755,Soybeans,152,212,255,362,5,7,9,12
India,23.25000063578288,69.25001271565755,Soybeans,152,212,255,362,5,7,9,12
India,23.25000063578288,69.75001271565755,Soybeans,152,212,255,362,5,7,9,12
India,23.25000063578288,70.25001271565755,Soybeans,152,212,255,362,5,7,9,12
India,23.25000063578288,70.75001271565755,Soybeans,152,212,255,362,5,7,9,12
India,23.25000063578288,71.25001271565755,Soybeans,152,212,255,362,5,7,9,12
India,23.25000063578288,71.75001271565755,Soybeans,152,212,255,362,5,7,9,12
India,23.25000063578288,72.25001271565755,Soybeans,152,212,255,362,5,7,9,12
India,23.25000063578288,72.75001271565755,Soybeans,152,212,255,362,5,7,9,12
India,23.25000063578288,73.25001271565755,Soybeans,152,212,255,362,5,7,9,12
India,23.25000063578288,73.75001271565755,Soybeans,152,212,255,362,5,7,9,12
India,23.25000063578288,74.25001271565755,Soybeans,152,212,255,362,5,7,9,12
India,23.25000063578288,74.75001271565755,Soybeans,152,212,255,362,5,7,9,12
India,23.25000063578288,75.25001271565755,Soybeans,152,212,255,362,5,7,9,12
India,23.25000063578288,75.75001271565755,Soybeans,152,212,255,362,5,7,9,12
India,23.25000063578288,76.25001271565755,Soybeans,152,212,255,362,5,7,9,12
India,23.25000063578288,76.75001271565755,Soybeans,152,212,255,362,5,7,9,12
India,23.25000063578288,77.25001271565755,Soybeans,152,212,255,362,5,7,9,12
India,23.25000063578288,77.75001271565755,Soybeans,152,212,255,362,5,7,9,12
India,23.25000063578288,78.25001271565755,Soybeans,152,212,255,362,5,7,9,12
India,23.25000063578288,78.75001271565755,Soybeans,152,212,255,362,5,7,9,12
India,23.25000063578288,79.25001271565755,Soybeans,152,212,255,362,5,7,9,12
India,23.25000063578288,79.75001271565755,Soybeans,152,212,255,362,5,7,9,12
India,23.25000063578288,80.25001271565755,Soybeans,152,212,255,362,5,7,9,12
India,23.25000063578288,80.75001271565755,Soybeans,152,212,255,362,5,7,9,12
India,23.25000063578288,81.25001271565755,Soybeans,152,212,255,362,5,7,9,12
India,23.25000063578288,81.75001271565755,Soybeans,152,212,255,362,5,7,9,12
India,23.25000063578288,82.25001271565755,Soybeans,152,212,255,362,5,7,9,12
India,23.25000063578288,82.75001271565755,Soybeans,152,212,255,362,5,7,9,12
India,23.25000063578288,83.25001271565755,Soybeans,152,212,255,362,5,7,9,12
India,23.25000063578288,83.75001271565755,Soybeans,152,212,255,362,5,7,9,12
India,23.25000063578288,84.25001271565755,Soybeans,152,212,255,362,5,7,9,12
India,23.25000063578288,84.75001271565755,Soybeans,152,212,255,362,5,7,9,12
India,23.25000063578288,85.25001271565755,Soybeans,152,212,255,362,5,7,9,12
India,23.25000063578288,85.75001271565755,Soybeans,152,212,255,362,5,7,9,12
India,23.25000063578288,86.25001271565755,Soybeans,152,212,255,362,5,7,9,12
India,23.25000063578288,86.75001271565755,Soybeans,152,212,255,362,5,7,9,12
India,23.25000063578288,87.25001271565755,Soybeans,152,212,255,362,5,7,9,12
India,23.25000063578288,87.75001271565755,Soybeans,152,212,255,362,5,7,9,12
India,23.25000063578288,88.25001271565755,Soybeans,152,212,255,362,5,7,9,12
India,23.25000063578288,92.75001271565756,Soybeans,152,212,255,362,5,7,9,12
India,23.25000063578288,93.25001271565756,Soybeans,152,212,255,362,5,7,9,12
India,23.75000063578288,68.25001271565755,Soybeans,152,212,255,362,5,7,9,12
India,23.75000063578288,68.75001271565755,Soybeans,152,212,255,362,5,7,9,12
India,23.75000063578288,69.25001271565755,Soybeans,152,212,255,362,5,7,9,12
India,23.75000063578288,69.75001271565755,Soybeans,152,212,255,362,5,7,9,12
India,23.75000063578288,70.25001271565755,Soybeans,152,212,255,362,5,7,9,12
India,23.75000063578288,70.75001271565755,Soybeans,152,212,255,362,5,7,9,12
India,23.75000063578288,71.25001271565755,Soybeans,152,212,255,362,5,7,9,12
India,23.75000063578288,71.75001271565755,Soybeans,152,212,255,362,5,7,9,12
India,23.75000063578288,72.25001271565755,Soybeans,152,212,255,362,5,7,9,12
India,23.75000063578288,72.75001271565755,Soybeans,152,212,255,362,5,7,9,12
India,23.75000063578288,73.25001271565755,Soybeans,152,212,255,362,5,7,9,12
India,23.75000063578288,73.75001271565755,Soybeans,152,212,255,362,5,7,9,12
India,23.75000063578288,74.25001271565755,Soybeans,152,212,255,362,5,7,9,12
India,23.75000063578288,74.75001271565755,Soybeans,152,212,255,362,5,7,9,12
India,23.75000063578288,75.25001271565755,Soybeans,152,212,255,362,5,7,9,12
India,23.75000063578288,75.75001271565755,Soybeans,152,212,255,362,5,7,9,12
India,23.75000063578288,76.25001271565755,Soybeans,152,212,255,362,5,7,9,12
India,23.75000063578288,76.75001271565755,Soybeans,152,212,255,362,5,7,9,12
India,23.75000063578288,77.25001271565755,Soybeans,152,212,255,362,5,7,9,12
India,23.75000063578288,77.75001271565755,Soybeans,152,212,255,362,5,7,9,12
India,23.75000063578288,78.25001271565755,Soybeans,152,212,255,362,5,7,9,12
India,23.75000063578288,78.75001271565755,Soybeans,152,212,255,362,5,7,9,12
India,23.75000063578288,79.25001271565755,Soybeans,152,212,255,362,5,7,9,12
India,23.75000063578288,79.75001271565755,Soybeans,152,212,255,362,5,7,9,12
India,23.75000063578288,80.25001271565755,Soybeans,152,212,255,362,5,7,9,12
India,23.75000063578288,80.75001271565755,Soybeans,152,212,255,362,5,7,9,12
India,23.75000063578288,81.25001271565755,Soybeans,152,212,255,362,5,7,9,12
India,23.75000063578288,81.75001271565755,Soybeans,152,212,255,362,5,7,9,12
India,23.75000063578288,82.25001271565755,Soybeans,152,212,255,362,5,7,9,12
India,23.75000063578288,82.75001271565755,Soybeans,152,212,255,362,5,7,9,12
India,23.75000063578288,83.25001271565755,Soybeans,152,212,255,362,5,7,9,12
India,23.75000063578288,83.75001271565755,Soybeans,152,212,255,362,5,7,9,12
India,23.75000063578288,84.25001271565755,Soybeans,152,212,255,362,5,7,9,12
India,23.75000063578288,84.75001271565755,Soybeans,152,212,255,362,5,7,9,12
India,23.75000063578288,85.25001271565755,Soybeans,152,212,255,362,5,7,9,12
India,23.75000063578288,85.75001271565755,Soybeans,152,212,255,362,5,7,9,12
India,23.75000063578288,86.25001271565755,Soybeans,152,212,255,362,5,7,9,12
India,23.75000063578288,86.75001271565755,Soybeans,152,212,255,362,5,7,9,12
India,23.75000063578288,87.25001271565755,Soybeans,152,212,255,362,5,7,9,12
India,23.75000063578288,87.75001271565755,Soybeans,152,212,255,362,5,7,9,12
India,23.75000063578288,88.25001271565755,Soybeans,152,212,255,362,5,7,9,12
India,23.75000063578288,91.25001271565756,Soybeans,152,212,255,362,5,7,9,12
India,23.75000063578288,91.75001271565756,Soybeans,152,212,255,362,5,7,9,12
India,23.75000063578288,92.25001271565756,Soybeans,152,212,255,362,5,7,9,12
India,23.75000063578288,92.75001271565756,Soybeans,152,212,255,362,5,7,9,12
India,23.75000063578288,93.25001271565756,Soybeans,152,212,255,362,5,7,9,12
India,24.25000063578288,71.25001271565755,Soybeans,152,212,255,362,5,7,9,12
India,24.25000063578288,71.75001271565755,Soybeans,152,212,255,362,5,7,9,12
India,24.25000063578288,72.25001271565755,Soybeans,152,212,255,362,5,7,9,12
India,24.25000063578288,72.75001271565755,Soybeans,152,212,255,362,5,7,9,12
India,24.25000063578288,73.25001271565755,Soybeans,152,212,255,362,5,7,9,12
India,24.25000063578288,73.75001271565755,Soybeans,152,212,255,362,5,7,9,12
India,24.25000063578288,74.25001271565755,Soybeans,152,212,255,362,5,7,9,12
India,24.25000063578288,74.75001271565755,Soybeans,152,212,255,362,5,7,9,12
India,24.25000063578288,75.25001271565755,Soybeans,152,212,255,362,5,7,9,12
India,24.25000063578288,75.75001271565755,Soybeans,152,212,255,362,5,7,9,12
India,24.25000063578288,76.25001271565755,Soybeans,152,212,255,362,5,7,9,12
India,24.25000063578288,76.75001271565755,Soybeans,152,212,255,362,5,7,9,12
India,24.25000063578288,77.25001271565755,Soybeans,152,212,255,362,5,7,9,12
India,24.25000063578288,77.75001271565755,Soybeans,152,212,255,362,5,7,9,12
India,24.25000063578288,78.25001271565755,Soybeans,152,212,255,362,5,7,9,12
India,24.25000063578288,78.75001271565755,Soybeans,152,212,255,362,5,7,9,12
India,24.25000063578288,79.25001271565755,Soybeans,152,212,255,362,5,7,9,12
India,24.25000063578288,79.75001271565755,Soybeans,152,212,255,362,5,7,9,12
India,24.25000063578288,80.25001271565755,Soybeans,152,212,255,362,5,7,9,12
India,24.25000063578288,80.75001271565755,Soybeans,152,212,255,362,5,7,9,12
India,24.25000063578288,81.25001271565755,Soybeans,152,212,255,362,5,7,9,12
India,24.25000063578288,81.75001271565755,Soybeans,152,212,255,362,5,7,9,12
India,24.25000063578288,82.25001271565755,Soybeans,152,212,255,362,5,7,9,12
India,24.25000063578288,82.75001271565755,Soybeans,152,212,255,362,5,7,9,12
India,24.25000063578288,83.25001271565755,Soybeans,152,212,255,362,5,7,9,12
India,24.25000063578288,83.75001271565755,Soybeans,152,212,255,362,5,7,9,12
India,24.25000063578288,84.25001271565755,Soybeans,152,212,255,362,5,7,9,12
India,24.25000063578288,84.75001271565755,Soybeans,152,212,255,362,5,7,9,12
India,24.25000063578288,85.25001271565755,Soybeans,152,212,255,362,5,7,9,12
India,24.25000063578288,85.75001271565755,Soybeans,152,212,255,362,5,7,9,12
India,24.25000063578288,86.25001271565755,Soybeans,152,212,255,362,5,7,9,12
India,24.25000063578288,86.75001271565755,Soybeans,152,212,255,362,5,7,9,12
India,24.25000063578288,87.25001271565755,Soybeans,152,212,255,362,5,7,9,12
India,24.25000063578288,87.75001271565755,Soybeans,152,212,255,362,5,7,9,12
India,24.25000063578288,88.25001271565755,Soybeans,152,212,255,362,5,7,9,12
India,24.25000063578288,92.25001271565756,Soybeans,152,212,255,362,5,7,9,12
India,24.25000063578288,92.75001271565756,Soybeans,152,212,255,362,5,7,9,12
India,24.25000063578288,93.25001271565756,Soybeans,152,212,255,362,5,7,9,12
India,24.25000063578288,93.75001271565756,Soybeans,152,212,255,362,5,7,9,12
India,24.25000063578288,94.25001271565756,Soybeans,152,212,255,362,5,7,9,12
India,24.75000063578288,71.25001271565755,Soybeans,152,212,255,362,5,7,9,12
India,24.75000063578288,71.75001271565755,Soybeans,152,212,255,362,5,7,9,12
India,24.75000063578288,72.25001271565755,Soybeans,152,212,255,362,5,7,9,12
India,24.75000063578288,72.75001271565755,Soybeans,152,212,255,362,5,7,9,12
India,24.75000063578288,73.25001271565755,Soybeans,152,212,255,362,5,7,9,12
India,24.75000063578288,73.75001271565755,Soybeans,152,212,255,362,5,7,9,12
India,24.75000063578288,74.25001271565755,Soybeans,152,212,255,362,5,7,9,12
India,24.75000063578288,74.75001271565755,Soybeans,152,212,255,362,5,7,9,12
India,24.75000063578288,75.25001271565755,Soybeans,152,212,255,362,5,7,9,12
India,24.75000063578288,75.75001271565755,Soybeans,152,212,255,362,5,7,9,12
India,24.75000063578288,76.25001271565755,Soybeans,152,212,255,362,5,7,9,12
India,24.75000063578288,76.75001271565755,Soybeans,152,212,255,362,5,7,9,12
India,24.75000063578288,77.25001271565755,Soybeans,152,212,255,362,5,7,9,12
India,24.75000063578288,77.75001271565755,Soybeans,152,212,255,362,5,7,9,12
India,24.75000063578288,78.25001271565755,Soybeans,152,212,255,362,5,7,9,12
India,24.75000063578288,78.75001271565755,Soybeans,152,212,255,362,5,7,9,12
India,24.75000063578288,79.25001271565755,Soybeans,152,212,255,362,5,7,9,12
India,24.75000063578288,79.75001271565755,Soybeans,152,212,255,362,5,7,9,12
India,24.75000063578288,80.25001271565755,Soybeans,152,212,255,362,5,7,9,12
India,24.75000063578288,80.75001271565755,Soybeans,152,212,255,362,5,7,9,12
India,24.75000063578288,81.25001271565755,Soybeans,152,212,255,362,5,7,9,12
India,24.75000063578288,81.75001271565755,Soybeans,152,212,255,362,5,7,9,12
India,24.75000063578288,82.25001271565755,Soybeans,152,212,255,362,5,7,9,12
India,24.75000063578288,82.75001271565755,Soybeans,152,212,255,362,5,7,9,12
India,24.75000063578288,83.25001271565755,Soybeans,152,212,255,362,5,7,9,12
India,24.75000063578288,83.75001271565755,Soybeans,152,212,255,362,5,7,9,12
India,24.75000063578288,84.25001271565755,Soybeans,152,212,255,362,5,7,9,12
India,24.75000063578288,84.75001271565755,Soybeans,152,212,255,362,5,7,9,12
India,24.75000063578288,85.25001271565755,Soybeans,152,212,255,362,5,7,9,12
India,24.75000063578288,85.75001271565755,Soybeans,152,212,255,362,5,7,9,12
India,24.75000063578288,86.25001271565755,Soybeans,152,212,255,362,5,7,9,12
India,24.75000063578288,86.75001271565755,Soybeans,152,212,255,362,5,7,9,12
India,24.75000063578288,87.25001271565755,Soybeans,152,212,255,362,5,7,9,12
India,24.75000063578288,87.75001271565755,Soybeans,152,212,255,362,5,7,9,12
India,24.75000063578288,92.75001271565756,Soybeans,152,212,255,362,5,7,9,12
India,24.75000063578288,93.25001271565756,Soybeans,152,212,255,362,5,7,9,12
India,24.75000063578288,93.75001271565756,Soybeans,152,212,255,362,5,7,9,12
India,24.75000063578288,94.25001271565756,Soybeans,152,212,255,362,5,7,9,12
India,25.25000063578288,71.25001271565755,Soybeans,152,212,255,362,5,7,9,12
India,25.25000063578288,71.75001271565755,Soybeans,152,212,255,362,5,7,9,12
India,25.25000063578288,72.25001271565755,Soybeans,152,212,255,362,5,7,9,12
India,25.25000063578288,72.75001271565755,Soybeans,152,212,255,362,5,7,9,12
India,25.25000063578288,73.25001271565755,Soybeans,152,212,255,362,5,7,9,12
India,25.25000063578288,73.75001271565755,Soybeans,152,212,255,362,5,7,9,12
India,25.25000063578288,74.25001271565755,Soybeans,152,212,255,362,5,7,9,12
India,25.25000063578288,74.75001271565755,Soybeans,152,212,255,362,5,7,9,12
India,25.25000063578288,75.25001271565755,Soybeans,152,212,255,362,5,7,9,12
India,25.25000063578288,75.75001271565755,Soybeans,152,212,255,362,5,7,9,12
India,25.25000063578288,76.25001271565755,Soybeans,152,212,255,362,5,7,9,12
India,25.25000063578288,76.75001271565755,Soybeans,152,212,255,362,5,7,9,12
India,25.25000063578288,77.25001271565755,Soybeans,152,212,255,362,5,7,9,12
India,25.25000063578288,77.75001271565755,Soybeans,152,212,255,362,5,7,9,12
India,25.25000063578288,78.25001271565755,Soybeans,152,212,255,362,5,7,9,12
India,25.25000063578288,78.75001271565755,Soybeans,152,212,255,362,5,7,9,12
India,25.25000063578288,79.25001271565755,Soybeans,152,212,255,362,5,7,9,12
India,25.25000063578288,79.75001271565755,Soybeans,152,212,255,362,5,7,9,12
India,25.25000063578288,80.25001271565755,Soybeans,152,212,255,362,5,7,9,12
India,25.25000063578288,80.75001271565755,Soybeans,152,212,255,362,5,7,9,12
India,25.25000063578288,81.25001271565755,Soybeans,152,212,255,362,5,7,9,12
India,25.25000063578288,81.75001271565755,Soybeans,152,212,255,362,5,7,9,12
India,25.25000063578288,82.25001271565755,Soybeans,152,212,255,362,5,7,9,12
India,25.25000063578288,82.75001271565755,Soybeans,152,212,255,362,5,7,9,12
India,25.25000063578288,83.25001271565755,Soybeans,152,212,255,362,5,7,9,12
India,25.25000063578288,83.75001271565755,Soybeans,152,212,255,362,5,7,9,12
India,25.25000063578288,84.25001271565755,Soybeans,152,212,255,362,5,7,9,12
India,25.25000063578288,84.75001271565755,Soybeans,152,212,255,362,5,7,9,12
India,25.25000063578288,85.25001271565755,Soybeans,152,212,255,362,5,7,9,12
India,25.25000063578288,85.75001271565755,Soybeans,152,212,255,362,5,7,9,12
India,25.25000063578288,86.25001271565755,Soybeans,152,212,255,362,5,7,9,12
India,25.25000063578288,86.75001271565755,Soybeans,152,212,255,362,5,7,9,12
India,25.25000063578288,87.25001271565755,Soybeans,152,212,255,362,5,7,9,12
India,25.25000063578288,87.75001271565755,Soybeans,152,212,255,362,5,7,9,12
India,25.25000063578288,88.25001271565755,Soybeans,152,212,255,362,5,7,9,12
India,25.25000063578288,88.75001271565755,Soybeans,152,212,255,362,5,7,9,12
India,25.25000063578288,90.25001271565756,Soybeans,152,212,255,362,5,7,9,12
India,25.25000063578288,90.75001271565756,Soybeans,152,212,255,362,5,7,9,12
India,25.25000063578288,91.25001271565756,Soybeans,152,212,255,362,5,7,9,12
India,25.25000063578288,91.75001271565756,Soybeans,152,212,255,362,5,7,9,12
India,25.25000063578288,92.25001271565756,Soybeans,152,212,255,362,5,7,9,12
India,25.25000063578288,92.75001271565756,Soybeans,152,212,255,362,5,7,9,12
India,25.25000063578288,93.25001271565756,Soybeans,152,212,255,362,5,7,9,12
India,25.25000063578288,93.75001271565756,Soybeans,152,212,255,362,5,7,9,12
India,25.25000063578288,94.25001271565756,Soybeans,152,212,255,362,5,7,9,12
India,25.75000063578288,70.75001271565755,Soybeans,152,212,255,362,5,7,9,12
India,25.75000063578288,71.25001271565755,Soybeans,152,212,255,362,5,7,9,12
India,25.75000063578288,71.75001271565755,Soybeans,152,212,255,362,5,7,9,12
India,25.75000063578288,72.25001271565755,Soybeans,152,212,255,362,5,7,9,12
India,25.75000063578288,72.75001271565755,Soybeans,152,212,255,362,5,7,9,12
India,25.75000063578288,73.25001271565755,Soybeans,152,212,255,362,5,7,9,12
India,25.75000063578288,73.75001271565755,Soybeans,152,212,255,362,5,7,9,12
India,25.75000063578288,74.25001271565755,Soybeans,152,212,255,362,5,7,9,12
India,25.75000063578288,74.75001271565755,Soybeans,152,212,255,362,5,7,9,12
India,25.75000063578288,75.25001271565755,Soybeans,152,212,255,362,5,7,9,12
India,25.75000063578288,75.75001271565755,Soybeans,152,212,255,362,5,7,9,12
India,25.75000063578288,76.25001271565755,Soybeans,152,212,255,362,5,7,9,12
India,25.75000063578288,76.75001271565755,Soybeans,152,212,255,362,5,7,9,12
India,25.75000063578288,77.25001271565755,Soybeans,152,212,255,362,5,7,9,12
India,25.75000063578288,77.75001271565755,Soybeans,152,212,255,362,5,7,9,12
India,25.75000063578288,78.25001271565755,Soybeans,152,212,255,362,5,7,9,12
India,25.75000063578288,78.75001271565755,Soybeans,152,212,255,362,5,7,9,12
India,25.75000063578288,79.25001271565755,Soybeans,152,212,255,362,5,7,9,12
India,25.75000063578288,79.75001271565755,Soybeans,152,212,255,362,5,7,9,12
India,25.75000063578288,80.25001271565755,Soybeans,152,212,255,362,5,7,9,12
India,25.75000063578288,80.75001271565755,Soybeans,152,212,255,362,5,7,9,12
India,25.75000063578288,81.25001271565755,Soybeans,152,212,255,362,5,7,9,12
India,25.75000063578288,81.75001271565755,Soybeans,152,212,255,362,5,7,9,12
India,25.75000063578288,82.25001271565755,Soybeans,152,212,255,362,5,7,9,12
India,25.75000063578288,82.75001271565755,Soybeans,152,212,255,362,5,7,9,12
India,25.75000063578288,83.25001271565755,Soybeans,152,212,255,362,5,7,9,12
India,25.75000063578288,83.75001271565755,Soybeans,152,212,255,362,5,7,9,12
India,25.75000063578288,84.25001271565755,Soybeans,152,212,255,362,5,7,9,12
India,25.75000063578288,84.75001271565755,Soybeans,152,212,255,362,5,7,9,12
India,25.75000063578288,85.25001271565755,Soybeans,152,212,255,362,5,7,9,12
India,25.75000063578288,85.75001271565755,Soybeans,152,212,255,362,5,7,9,12
India,25.75000063578288,86.25001271565755,Soybeans,152,212,255,362,5,7,9,12
India,25.75000063578288,86.75001271565755,Soybeans,152,212,255,362,5,7,9,12
India,25.75000063578288,87.25001271565755,Soybeans,152,212,255,362,5,7,9,12
India,25.75000063578288,87.75001271565755,Soybeans,152,212,255,362,5,7,9,12
India,25.75000063578288,88.25001271565755,Soybeans,152,212,255,362,5,7,9,12
India,25.75000063578288,90.25001271565756,Soybeans,152,212,255,362,5,7,9,12
India,25.75000063578288,90.75001271565756,Soybeans,152,212,255,362,5,7,9,12
India,25.75000063578288,91.25001271565756,Soybeans,152,212,255,362,5,7,9,12
India,25.75000063578288,91.75001271565756,Soybeans,152,212,255,362,5,7,9,12
India,25.75000063578288,92.25001271565756,Soybeans,152,212,255,362,5,7,9,12
India,25.75000063578288,92.75001271565756,Soybeans,152,212,255,362,5,7,9,12
India,25.75000063578288,93.25001271565756,Soybeans,152,212,255,362,5,7,9,12
India,25.75000063578288,93.75001271565756,Soybeans,152,212,255,362,5,7,9,12
India,25.75000063578288,94.25001271565756,Soybeans,152,212,255,362,5,7,9,12
India,25.75000063578288,94.75001271565756,Soybeans,152,212,255,362,5,7,9,12
India,26.25000063578288,70.25001271565755,Soybeans,152,212,255,362,5,7,9,12
India,26.25000063578288,70.75001271565755,Soybeans,152,212,255,362,5,7,9,12
India,26.25000063578288,71.25001271565755,Soybeans,152,212,255,362,5,7,9,12
India,26.25000063578288,71.75001271565755,Soybeans,152,212,255,362,5,7,9,12
India,26.25000063578288,72.25001271565755,Soybeans,152,212,255,362,5,7,9,12
India,26.25000063578288,72.75001271565755,Soybeans,152,212,255,362,5,7,9,12
India,26.25000063578288,73.25001271565755,Soybeans,152,212,255,362,5,7,9,12
India,26.25000063578288,73.75001271565755,Soybeans,152,212,255,362,5,7,9,12
India,26.25000063578288,74.25001271565755,Soybeans,152,212,255,362,5,7,9,12
India,26.25000063578288,74.75001271565755,Soybeans,152,212,255,362,5,7,9,12
India,26.25000063578288,75.25001271565755,Soybeans,152,212,255,362,5,7,9,12
India,26.25000063578288,75.75001271565755,Soybeans,152,212,255,362,5,7,9,12
India,26.25000063578288,76.25001271565755,Soybeans,152,212,255,362,5,7,9,12
India,26.25000063578288,76.75001271565755,Soybeans,152,212,255,362,5,7,9,12
India,26.25000063578288,77.25001271565755,Soybeans,152,212,255,362,5,7,9,12
India,26.25000063578288,77.75001271565755,Soybeans,152,212,255,362,5,7,9,12
India,26.25000063578288,78.25001271565755,Soybeans,152,212,255,362,5,7,9,12
India,26.25000063578288,78.75001271565755,Soybeans,152,212,255,362,5,7,9,12
India,26.25000063578288,79.25001271565755,Soybeans,152,212,255,362,5,7,9,12
India,26.25000063578288,79.75001271565755,Soybeans,152,212,255,362,5,7,9,12
India,26.25000063578288,80.25001271565755,Soybeans,152,212,255,362,5,7,9,12
India,26.25000063578288,80.75001271565755,Soybeans,152,212,255,362,5,7,9,12
India,26.25000063578288,81.25001271565755,Soybeans,152,212,255,362,5,7,9,12
India,26.25000063578288,81.75001271565755,Soybeans,152,212,255,362,5,7,9,12
India,26.25000063578288,82.25001271565755,Soybeans,152,212,255,362,5,7,9,12
India,26.25000063578288,82.75001271565755,Soybeans,152,212,255,362,5,7,9,12
India,26.25000063578288,83.25001271565755,Soybeans,152,212,255,362,5,7,9,12
India,26.25000063578288,83.75001271565755,Soybeans,152,212,255,362,5,7,9,12
India,26.25000063578288,84.25001271565755,Soybeans,152,212,255,362,5,7,9,12
India,26.25000063578288,84.75001271565755,Soybeans,152,212,255,362,5,7,9,12
India,26.25000063578288,85.25001271565755,Soybeans,152,212,255,362,5,7,9,12
India,26.25000063578288,85.75001271565755,Soybeans,152,212,255,362,5,7,9,12
India,26.25000063578288,86.25001271565755,Soybeans,152,212,255,362,5,7,9,12
India,26.25000063578288,86.75001271565755,Soybeans,152,212,255,362,5,7,9,12
India,26.25000063578288,87.25001271565755,Soybeans,152,212,255,362,5,7,9,12
India,26.25000063578288,87.75001271565755,Soybeans,152,212,255,362,5,7,9,12
India,26.25000063578288,88.25001271565755,Soybeans,152,212,255,362,5,7,9,12
India,26.25000063578288,89.25001271565755,Soybeans,152,212,255,362,5,7,9,12
India,26.25000063578288,89.75001271565755,Soybeans,152,212,255,362,5,7,9,12
India,26.25000063578288,90.25001271565756,Soybeans,152,212,255,362,5,7,9,12
India,26.25000063578288,90.75001271565756,Soybeans,152,212,255,362,5,7,9,12
India,26.25000063578288,91.25001271565756,Soybeans,152,212,255,362,5,7,9,12
India,26.25000063578288,91.75001271565756,Soybeans,152,212,255,362,5,7,9,12
India,26.25000063578288,92.25001271565756,Soybeans,152,212,255,362,5,7,9,12
India,26.25000063578288,92.75001271565756,Soybeans,152,212,255,362,5,7,9,12
India,26.25000063578288,93.25001271565756,Soybeans,152,212,255,362,5,7,9,12
India,26.25000063578288,93.75001271565756,Soybeans,152,212,255,362,5,7,9,12
India,26.25000063578288,94.25001271565756,Soybeans,152,212,255,362,5,7,9,12
India,26.25000063578288,94.75001271565756,Soybeans,152,212,255,362,5,7,9,12
India,26.75000063578288,69.75001271565755,Soybeans,152,212,255,362,5,7,9,12
India,26.75000063578288,70.25001271565755,Soybeans,152,212,255,362,5,7,9,12
India,26.75000063578288,70.75001271565755,Soybeans,152,212,255,362,5,7,9,12
India,26.75000063578288,71.25001271565755,Soybeans,152,212,255,362,5,7,9,12
India,26.75000063578288,71.75001271565755,Soybeans,152,212,255,362,5,7,9,12
India,26.75000063578288,72.25001271565755,Soybeans,152,212,255,362,5,7,9,12
India,26.75000063578288,72.75001271565755,Soybeans,152,212,255,362,5,7,9,12
India,26.75000063578288,73.25001271565755,Soybeans,152,212,255,362,5,7,9,12
India,26.75000063578288,73.75001271565755,Soybeans,152,212,255,362,5,7,9,12
India,26.75000063578288,74.25001271565755,Soybeans,152,212,255,362,5,7,9,12
India,26.75000063578288,74.75001271565755,Soybeans,152,212,255,362,5,7,9,12
India,26.75000063578288,75.25001271565755,Soybeans,152,212,255,362,5,7,9,12
India,26.75000063578288,75.75001271565755,Soybeans,152,212,255,362,5,7,9,12
India,26.75000063578288,76.25001271565755,Soybeans,152,212,255,362,5,7,9,12
India,26.75000063578288,76.75001271565755,Soybeans,152,212,255,362,5,7,9,12
India,26.75000063578288,77.25001271565755,Soybeans,152,212,255,362,5,7,9,12
India,26.75000063578288,77.75001271565755,Soybeans,152,212,255,362,5,7,9,12
India,26.75000063578288,78.25001271565755,Soybeans,152,212,255,362,5,7,9,12
India,26.75000063578288,78.75001271565755,Soybeans,152,212,255,362,5,7,9,12
India,26.75000063578288,79.25001271565755,Soybeans,152,212,255,362,5,7,9,12
India,26.75000063578288,79.75001271565755,Soybeans,152,212,255,362,5,7,9,12
India,26.75000063578288,80.25001271565755,Soybeans,152,212,255,362,5,7,9,12
India,26.75000063578288,80.75001271565755,Soybeans,152,212,255,362,5,7,9,12
India,26.75000063578288,81.25001271565755,Soybeans,152,212,255,362,5,7,9,12
India,26.75000063578288,81.75001271565755,Soybeans,152,212,255,362,5,7,9,12
India,26.75000063578288,82.25001271565755,Soybeans,152,212,255,362,5,7,9,12
India,26.75000063578288,82.75001271565755,Soybeans,152,212,255,362,5,7,9,12
India,26.75000063578288,83.25001271565755,Soybeans,152,212,255,362,5,7,9,12
India,26.75000063578288,83.75001271565755,Soybeans,152,212,255,362,5,7,9,12
India,26.75000063578288,84.25001271565755,Soybeans,152,212,255,362,5,7,9,12
India,26.75000063578288,84.75001271565755,Soybeans,152,212,255,362,5,7,9,12
India,26.75000063578288,88.25001271565755,Soybeans,152,212,255,362,5,7,9,12
India,26.75000063578288,88.75001271565755,Soybeans,152,212,255,362,5,7,9,12
India,26.75000063578288,89.25001271565755,Soybeans,152,212,255,362,5,7,9,12
India,26.75000063578288,90.25001271565756,Soybeans,152,212,255,362,5,7,9,12
India,26.75000063578288,90.75001271565756,Soybeans,152,212,255,362,5,7,9,12
India,26.75000063578288,91.25001271565756,Soybeans,152,212,255,362,5,7,9,12
India,26.75000063578288,91.75001271565756,Soybeans,152,212,255,362,5,7,9,12
India,26.75000063578288,92.25001271565756,Soybeans,152,212,255,362,5,7,9,12
India,26.75000063578288,92.75001271565756,Soybeans,152,212,255,362,5,7,9,12
India,26.75000063578288,93.25001271565756,Soybeans,152,212,255,362,5,7,9,12
India,26.75000063578288,93.75001271565756,Soybeans,152,212,255,362,5,7,9,12
India,26.75000063578288,94.25001271565756,Soybeans,152,212,255,362,5,7,9,12
India,26.75000063578288,94.75001271565756,Soybeans,152,212,255,362,5,7,9,12
India,26.75000063578288,95.25001271565756,Soybeans,152,212,255,362,5,7,9,12
India,27.25000063578288,69.75001271565755,Soybeans,152,212,255,362,5,7,9,12
India,27.25000063578288,70.25001271565755,Soybeans,152,212,255,362,5,7,9,12
India,27.25000063578288,70.75001271565755,Soybeans,152,212,255,362,5,7,9,12
India,27.25000063578288,71.25001271565755,Soybeans,152,212,255,362,5,7,9,12
India,27.25000063578288,71.75001271565755,Soybeans,152,212,255,362,5,7,9,12
India,27.25000063578288,72.25001271565755,Soybeans,152,212,255,362,5,7,9,12
India,27.25000063578288,72.75001271565755,Soybeans,152,212,255,362,5,7,9,12
India,27.25000063578288,73.25001271565755,Soybeans,152,212,255,362,5,7,9,12
India,27.25000063578288,73.75001271565755,Soybeans,152,212,255,362,5,7,9,12
India,27.25000063578288,74.25001271565755,Soybeans,152,212,255,362,5,7,9,12
India,27.25000063578288,74.75001271565755,Soybeans,152,212,255,362,5,7,9,12
India,27.25000063578288,75.25001271565755,Soybeans,152,212,255,362,5,7,9,12
India,27.25000063578288,75.75001271565755,Soybeans,152,212,255,362,5,7,9,12
India,27.25000063578288,76.25001271565755,Soybeans,152,212,255,362,5,7,9,12
India,27.25000063578288,76.75001271565755,Soybeans,152,212,255,362,5,7,9,12
India,27.25000063578288,77.25001271565755,Soybeans,152,212,255,362,5,7,9,12
India,27.25000063578288,77.75001271565755,Soybeans,152,212,255,362,5,7,9,12
India,27.25000063578288,78.25001271565755,Soybeans,152,212,255,362,5,7,9,12
India,27.25000063578288,78.75001271565755,Soybeans,152,212,255,362,5,7,9,12
India,27.25000063578288,79.25001271565755,Soybeans,152,212,255,362,5,7,9,12
India,27.25000063578288,79.75001271565755,Soybeans,152,212,255,362,5,7,9,12
India,27.25000063578288,80.25001271565755,Soybeans,152,212,255,362,5,7,9,12
India,27.25000063578288,80.75001271565755,Soybeans,152,212,255,362,5,7,9,12
India,27.25000063578288,81.25001271565755,Soybeans,152,212,255,362,5,7,9,12
India,27.25000063578288,81.75001271565755,Soybeans,152,212,255,362,5,7,9,12
India,27.25000063578288,82.25001271565755,Soybeans,152,212,255,362,5,7,9,12
India,27.25000063578288,82.75001271565755,Soybeans,152,212,255,362,5,7,9,12
India,27.25000063578288,83.25001271565755,Soybeans,152,212,255,362,5,7,9,12
India,27.25000063578288,83.75001271565755,Soybeans,152,212,255,362,5,7,9,12
India,27.25000063578288,84.25001271565755,Soybeans,152,212,255,362,5,7,9,12
India,27.25000063578288,88.25001271565755,Soybeans,152,212,255,362,5,7,9,12
India,27.25000063578288,88.75001271565755,Soybeans,152,212,255,362,5,7,9,12
India,27.25000063578288,92.25001271565756,Soybeans,152,212,255,362,5,7,9,12
India,27.25000063578288,92.75001271565756,Soybeans,152,212,255,362,5,7,9,12
India,27.25000063578288,93.25001271565756,Soybeans,152,212,255,362,5,7,9,12
India,27.25000063578288,93.75001271565756,Soybeans,152,212,255,362,5,7,9,12
India,27.25000063578288,94.25001271565756,Soybeans,152,212,255,362,5,7,9,12
India,27.25000063578288,94.75001271565756,Soybeans,152,212,255,362,5,7,9,12
India,27.25000063578288,95.25001271565756,Soybeans,152,212,255,362,5,7,9,12
India,27.25000063578288,95.75001271565756,Soybeans,152,212,255,362,5,7,9,12
India,27.75000127156576,70.25001271565755,Soybeans,152,212,255,362,5,7,9,12
India,27.75000127156576,71.25001271565755,Soybeans,152,212,255,362,5,7,9,12
India,27.75000127156576,71.75001271565755,Soybeans,152,212,255,362,5,7,9,12
India,27.75000127156576,72.25001271565755,Soybeans,152,212,255,362,5,7,9,12
India,27.75000127156576,72.75001271565755,Soybeans,152,212,255,362,5,7,9,12
India,27.75000127156576,73.25001271565755,Soybeans,152,212,255,362,5,7,9,12
India,27.75000127156576,73.75001271565755,Soybeans,152,212,255,362,5,7,9,12
India,27.75000127156576,74.25001271565755,Soybeans,152,212,255,362,5,7,9,12
India,27.75000127156576,74.75001271565755,Soybeans,152,212,255,362,5,7,9,12
India,27.75000127156576,75.25001271565755,Soybeans,152,212,255,362,5,7,9,12
India,27.75000127156576,75.75001271565755,Soybeans,152,212,255,362,5,7,9,12
India,27.75000127156576,76.25001271565755,Soybeans,152,212,255,362,5,7,9,12
India,27.75000127156576,76.75001271565755,Soybeans,152,212,255,362,5,7,9,12
India,27.75000127156576,77.25001271565755,Soybeans,152,212,255,362,5,7,9,12
India,27.75000127156576,77.75001271565755,Soybeans,152,212,255,362,5,7,9,12
India,27.75000127156576,78.25001271565755,Soybeans,152,212,255,362,5,7,9,12
India,27.75000127156576,78.75001271565755,Soybeans,152,212,255,362,5,7,9,12
India,27.75000127156576,79.25001271565755,Soybeans,152,212,255,362,5,7,9,12
India,27.75000127156576,79.75001271565755,Soybeans,152,212,255,362,5,7,9,12
India,27.75000127156576,80.25001271565755,Soybeans,152,212,255,362,5,7,9,12
India,27.75000127156576,80.75001271565755,Soybeans,152,212,255,362,5,7,9,12
India,27.75000127156576,81.25001271565755,Soybeans,152,212,255,362,5,7,9,12
India,27.75000127156576,81.75001271565755,Soybeans,152,212,255,362,5,7,9,12
India,27.75000127156576,82.25001271565755,Soybeans,152,212,255,362,5,7,9,12
India,27.75000127156576,88.25001271565755,Soybeans,152,212,255,362,5,7,9,12
India,27.75000127156576,88.75001271565755,Soybeans,152,212,255,362,5,7,9,12
India,27.75000127156576,92.25001271565756,Soybeans,152,212,255,362,5,7,9,12
India,27.75000127156576,92.75001271565756,Soybeans,152,212,255,362,5,7,9,12
India,27.75000127156576,93.25001271565756,Soybeans,152,212,255,362,5,7,9,12
India,27.75000127156576,93.75001271565756,Soybeans,152,212,255,362,5,7,9,12
India,27.75000127156576,94.25001271565756,Soybeans,152,212,255,362,5,7,9,12
India,27.75000127156576,94.75001271565756,Soybeans,152,212,255,362,5,7,9,12
India,27.75000127156576,95.25001271565756,Soybeans,152,212,255,362,5,7,9,12
India,27.75000127156576,95.75001271565756,Soybeans,152,212,255,362,5,7,9,12
India,27.75000127156576,96.25001271565756,Soybeans,152,212,255,362,5,7,9,12
India,27.75000127156576,96.75001271565756,Soybeans,152,212,255,362,5,7,9,12
India,28.25000127156576,72.25001271565755,Soybeans,152,212,255,362,5,7,9,12
India,28.25000127156576,72.75001271565755,Soybeans,152,212,255,362,5,7,9,12
India,28.25000127156576,73.25001271565755,Soybeans,152,212,255,362,5,7,9,12
India,28.25000127156576,73.75001271565755,Soybeans,152,212,255,362,5,7,9,12
India,28.25000127156576,74.25001271565755,Soybeans,152,212,255,362,5,7,9,12
India,28.25000127156576,74.75001271565755,Soybeans,152,212,255,362,5,7,9,12
India,28.25000127156576,75.25001271565755,Soybeans,152,212,255,362,5,7,9,12
India,28.25000127156576,75.75001271565755,Soybeans,152,212,255,362,5,7,9,12
India,28.25000127156576,76.25001271565755,Soybeans,152,212,255,362,5,7,9,12
India,28.25000127156576,76.75001271565755,Soybeans,152,212,255,362,5,7,9,12
India,28.25000127156576,77.25001271565755,Soybeans,152,212,255,362,5,7,9,12
India,28.25000127156576,77.75001271565755,Soybeans,152,212,255,362,5,7,9,12
India,28.25000127156576,78.25001271565755,Soybeans,152,212,255,362,5,7,9,12
India,28.25000127156576,78.75001271565755,Soybeans,152,212,255,362,5,7,9,12
India,28.25000127156576,79.25001271565755,Soybeans,152,212,255,362,5,7,9,12
India,28.25000127156576,79.75001271565755,Soybeans,152,212,255,362,5,7,9,12
India,28.25000127156576,80.25001271565755,Soybeans,152,212,255,362,5,7,9,12
India,28.25000127156576,80.75001271565755,Soybeans,152,212,255,362,5,7,9,12
India,28.25000127156576,93.25001271565756,Soybeans,152,212,255,362,5,7,9,12
India,28.25000127156576,93.75001271565756,Soybeans,152,212,255,362,5,7,9,12
India,28.25000127156576,94.25001271565756,Soybeans,152,212,255,362,5,7,9,12
India,28.25000127156576,94.75001271565756,Soybeans,152,212,255,362,5,7,9,12
India,28.25000127156576,95.25001271565756,Soybeans,152,212,255,362,5,7,9,12
India,28.25000127156576,95.75001271565756,Soybeans,152,212,255,362,5,7,9,12
India,28.25000127156576,96.25001271565756,Soybeans,152,212,255,362,5,7,9,12
India,28.25000127156576,96.75001271565756,Soybeans,152,212,255,362,5,7,9,12
India,28.75000127156576,72.75001271565755,Soybeans,152,212,255,362,5,7,9,12
India,28.75000127156576,73.25001271565755,Soybeans,152,212,255,362,5,7,9,12
India,28.75000127156576,73.75001271565755,Soybeans,152,212,255,362,5,7,9,12
India,28.75000127156576,74.25001271565755,Soybeans,152,212,255,362,5,7,9,12
India,28.75000127156576,74.75001271565755,Soybeans,152,212,255,362,5,7,9,12
India,28.75000127156576,75.25001271565755,Soybeans,152,212,255,362,5,7,9,12
India,28.75000127156576,75.75001271565755,Soybeans,152,212,255,362,5,7,9,12
India,28.75000127156576,76.25001271565755,Soybeans,152,212,255,362,5,7,9,12
India,28.75000127156576,76.75001271565755,Soybeans,152,212,255,362,5,7,9,12
India,28.75000127156576,77.25001271565755,Soybeans,152,212,255,362,5,7,9,12
India,28.75000127156576,77.75001271565755,Soybeans,152,212,255,362,5,7,9,12
India,28.75000127156576,78.25001271565755,Soybeans,152,212,255,362,5,7,9,12
India,28.75000127156576,78.75001271565755,Soybeans,152,212,255,362,5,7,9,12
India,28.75000127156576,79.25001271565755,Soybeans,152,212,255,362,5,7,9,12
India,28.75000127156576,79.75001271565755,Soybeans,152,212,255,362,5,7,9,12
India,28.75000127156576,94.25001271565756,Soybeans,152,212,255,362,5,7,9,12
India,28.75000127156576,94.75001271565756,Soybeans,152,212,255,362,5,7,9,12
India,28.75000127156576,95.25001271565756,Soybeans,152,212,255,362,5,7,9,12
India,28.75000127156576,95.75001271565756,Soybeans,152,212,255,362,5,7,9,12
India,28.75000127156576,96.25001271565756,Soybeans,152,212,255,362,5,7,9,12
India,29.25000127156576,73.25001271565755,Soybeans,152,212,255,362,5,7,9,12
India,29.25000127156576,73.75001271565755,Soybeans,152,212,255,362,5,7,9,12
India,29.25000127156576,74.25001271565755,Soybeans,152,212,255,362,5,7,9,12
India,29.25000127156576,74.75001271565755,Soybeans,152,212,255,362,5,7,9,12
India,29.25000127156576,75.25001271565755,Soybeans,152,212,255,362,5,7,9,12
India,29.25000127156576,75.75001271565755,Soybeans,152,212,255,362,5,7,9,12
India,29.25000127156576,76.25001271565755,Soybeans,152,212,255,362,5,7,9,12
India,29.25000127156576,76.75001271565755,Soybeans,152,212,255,362,5,7,9,12
India,29.25000127156576,77.25001271565755,Soybeans,152,212,255,362,5,7,9,12
India,29.25000127156576,77.75001271565755,Soybeans,152,212,255,362,5,7,9,12
India,29.25000127156576,78.25001271565755,Soybeans,152,212,255,362,5,7,9,12
India,29.25000127156576,78.75001271565755,Soybeans,152,212,255,362,5,7,9,12
India,29.25000127156576,79.25001271565755,Soybeans,152,212,255,362,5,7,9,12
India,29.25000127156576,79.75001271565755,Soybeans,152,212,255,362,5,7,9,12
India,29.25000127156576,95.75001271565756,Soybeans,152,212,255,362,5,7,9,12
India,29.75000127156576,73.75001271565755,Soybeans,152,212,255,362,5,7,9,12
India,29.75000127156576,74.25001271565755,Soybeans,152,212,255,362,5,7,9,12
India,29.75000127156576,74.75001271565755,Soybeans,152,212,255,362,5,7,9,12
India,29.75000127156576,75.25001271565755,Soybeans,152,212,255,362,5,7,9,12
India,29.75000127156576,75.75001271565755,Soybeans,152,212,255,362,5,7,9,12
India,29.75000127156576,76.25001271565755,Soybeans,152,212,255,362,5,7,9,12
India,29.75000127156576,76.75001271565755,Soybeans,152,212,255,362,5,7,9,12
India,29.75000127156576,77.25001271565755,Soybeans,152,212,255,362,5,7,9,12
India,29.75000127156576,77.75001271565755,Soybeans,152,212,255,362,5,7,9,12
India,29.75000127156576,78.25001271565755,Soybeans,152,212,255,362,5,7,9,12
India,29.75000127156576,78.75001271565755,Soybeans,152,212,255,362,5,7,9,12
India,29.75000127156576,79.25001271565755,Soybeans,152,212,255,362,5,7,9,12
India,29.75000127156576,79.75001271565755,Soybeans,152,212,255,362,5,7,9,12
India,29.75000127156576,80.25001271565755,Soybeans,152,212,255,362,5,7,9,12
India,30.25000127156576,74.25001271565755,Soybeans,152,212,255,362,5,7,9,12
India,30.25000127156576,74.75001271565755,Soybeans,152,212,255,362,5,7,9,12
India,30.25000127156576,75.25001271565755,Soybeans,152,212,255,362,5,7,9,12
India,30.25000127156576,75.75001271565755,Soybeans,152,212,255,362,5,7,9,12
India,30.25000127156576,76.25001271565755,Soybeans,152,212,255,362,5,7,9,12
India,30.25000127156576,76.75001271565755,Soybeans,152,212,255,362,5,7,9,12
India,30.25000127156576,77.25001271565755,Soybeans,152,212,255,362,5,7,9,12
India,30.25000127156576,77.75001271565755,Soybeans,152,212,255,362,5,7,9,12
India,30.25000127156576,78.25001271565755,Soybeans,152,212,255,362,5,7,9,12
India,30.25000127156576,78.75001271565755,Soybeans,152,212,255,362,5,7,9,12
India,30.25000127156576,79.25001271565755,Soybeans,152,212,255,362,5,7,9,12
India,30.25000127156576,79.75001271565755,Soybeans,152,212,255,362,5,7,9,12
India,30.25000127156576,80.25001271565755,Soybeans,152,212,255,362,5,7,9,12
India,30.25000127156576,80.75001271565755,Soybeans,152,212,255,362,5,7,9,12
India,30.75000127156576,74.25001271565755,Soybeans,152,212,255,362,5,7,9,12
India,30.75000127156576,74.75001271565755,Soybeans,152,212,255,362,5,7,9,12
India,30.75000127156576,75.25001271565755,Soybeans,152,212,255,362,5,7,9,12
India,30.75000127156576,75.75001271565755,Soybeans,152,212,255,362,5,7,9,12
India,30.75000127156576,76.25001271565755,Soybeans,152,212,255,362,5,7,9,12
India,30.75000127156576,76.75001271565755,Soybeans,152,212,255,362,5,7,9,12
India,30.75000127156576,77.25001271565755,Soybeans,152,212,255,362,5,7,9,12
India,30.75000127156576,77.75001271565755,Soybeans,152,212,255,362,5,7,9,12
India,30.75000127156576,78.25001271565755,Soybeans,152,212,255,362,5,7,9,12
India,30.75000127156576,78.75001271565755,Soybeans,152,212,255,362,5,7,9,12
India,30.75000127156576,79.25001271565755,Soybeans,152,212,255,362,5,7,9,12
India,30.75000127156576,79.75001271565755,Soybeans,152,212,255,362,5,7,9,12
India,31.25000127156576,74.75001271565755,Soybeans,152,212,255,362,5,7,9,12
India,31.25000127156576,75.25001271565755,Soybeans,152,212,255,362,5,7,9,12
India,31.25000127156576,75.75001271565755,Soybeans,152,212,255,362,5,7,9,12
India,31.25000127156576,76.25001271565755,Soybeans,152,212,255,362,5,7,9,12
India,31.25000127156576,76.75001271565755,Soybeans,152,212,255,362,5,7,9,12
India,31.25000127156576,77.25001271565755,Soybeans,152,212,255,362,5,7,9,12
India,31.25000127156576,77.75001271565755,Soybeans,152,212,255,362,5,7,9,12
India,31.25000127156576,78.25001271565755,Soybeans,152,212,255,362,5,7,9,12
India,31.25000127156576,78.75001271565755,Soybeans,152,212,255,362,5,7,9,12
India,31.75000127156576,74.75001271565755,Soybeans,152,212,255,362,5,7,9,12
India,31.75000127156576,75.25001271565755,Soybeans,152,212,255,362,5,7,9,12
India,31.75000127156576,75.75001271565755,Soybeans,152,212,255,362,5,7,9,12
India,31.75000127156576,76.25001271565755,Soybeans,152,212,255,362,5,7,9,12
India,31.75000127156576,76.75001271565755,Soybeans,152,212,255,362,5,7,9,12
India,31.75000127156576,77.25001271565755,Soybeans,152,212,255,362,5,7,9,12
India,31.75000127156576,77.75001271565755,Soybeans,152,212,255,362,5,7,9,12
India,31.75000127156576,78.25001271565755,Soybeans,152,212,255,362,5,7,9,12
India,32.25000127156576,75.75001271565755,Soybeans,152,212,255,362,5,7,9,12
India,32.25000127156576,76.25001271565755,Soybeans,152,212,255,362,5,7,9,12
India,32.25000127156576,76.75001271565755,Soybeans,152,212,255,362,5,7,9,12
India,32.25000127156576,77.25001271565755,Soybeans,152,212,255,362,5,7,9,12
India,32.25000127156576,77.75001271565755,Soybeans,152,212,255,362,5,7,9,12
India,32.25000127156576,78.25001271565755,Soybeans,152,212,255,362,5,7,9,12
India,32.75000127156576,74.75001271565755,Soybeans,152,212,255,362,5,7,9,12
India,32.75000127156576,75.25001271565755,Soybeans,152,212,255,362,5,7,9,12
India,32.75000127156576,75.75001271565755,Soybeans,152,212,255,362,5,7,9,12
India,32.75000127156576,76.25001271565755,Soybeans,152,212,255,362,5,7,9,12
India,32.75000127156576,76.75001271565755,Soybeans,152,212,255,362,5,7,9,12
India,32.75000127156576,77.25001271565755,Soybeans,152,212,255,362,5,7,9,12
India,32.75000127156576,77.75001271565755,Soybeans,152,212,255,362,5,7,9,12
India,32.75000127156576,78.25001271565755,Soybeans,152,212,255,362,5,7,9,12
India,32.75000127156576,78.75001271565755,Soybeans,152,212,255,362,5,7,9,12
India,32.75000127156576,79.25001271565755,Soybeans,152,212,255,362,5,7,9,12
India,33.25000127156576,74.25001271565755,Soybeans,152,212,255,362,5,7,9,12
India,33.25000127156576,74.75001271565755,Soybeans,152,212,255,362,5,7,9,12
India,33.25000127156576,75.25001271565755,Soybeans,152,212,255,362,5,7,9,12
India,33.25000127156576,75.75001271565755,Soybeans,152,212,255,362,5,7,9,12
India,33.25000127156576,76.25001271565755,Soybeans,152,212,255,362,5,7,9,12
India,33.25000127156576,76.75001271565755,Soybeans,152,212,255,362,5,7,9,12
India,33.25000127156576,77.25001271565755,Soybeans,152,212,255,362,5,7,9,12
India,33.25000127156576,77.75001271565755,Soybeans,152,212,255,362,5,7,9,12
India,33.25000127156576,78.25001271565755,Soybeans,152,212,255,362,5,7,9,12
India,33.25000127156576,78.75001271565755,Soybeans,152,212,255,362,5,7,9,12
India,33.75000127156576,74.25001271565755,Soybeans,152,212,255,362,5,7,9,12
India,33.75000127156576,74.75001271565755,Soybeans,152,212,255,362,5,7,9,12
India,33.75000127156576,75.25001271565755,Soybeans,152,212,255,362,5,7,9,12
India,33.75000127156576,75.75001271565755,Soybeans,152,212,255,362,5,7,9,12
India,33.75000127156576,76.25001271565755,Soybeans,152,212,255,362,5,7,9,12
India,33.75000127156576,76.75001271565755,Soybeans,152,212,255,362,5,7,9,12
India,33.75000127156576,77.25001271565755,Soybeans,152,212,255,362,5,7,9,12
India,33.75000127156576,77.75001271565755,Soybeans,152,212,255,362,5,7,9,12
India,33.75000127156576,78.25001271565755,Soybeans,152,212,255,362,5,7,9,12
India,33.75000127156576,78.75001271565755,Soybeans,152,212,255,362,5,7,9,12
India,34.25000127156576,74.25001271565755,Soybeans,152,212,255,362,5,7,9,12
India,34.25000127156576,74.75001271565755,Soybeans,152,212,255,362,5,7,9,12
India,34.25000127156576,75.25001271565755,Soybeans,152,212,255,362,5,7,9,12
India,34.25000127156576,75.75001271565755,Soybeans,152,212,255,362,5,7,9,12
India,34.25000127156576,76.25001271565755,Soybeans,152,212,255,362,5,7,9,12
India,34.25000127156576,76.75001271565755,Soybeans,152,212,255,362,5,7,9,12
India,34.25000127156576,77.25001271565755,Soybeans,152,212,255,362,5,7,9,12
India,34.25000127156576,77.75001271565755,Soybeans,152,212,255,362,5,7,9,12
India,34.25000127156576,78.25001271565755,Soybeans,152,212,255,362,5,7,9,12
India,34.25000127156576,78.75001271565755,Soybeans,152,212,255,362,5,7,9,12
India,34.75000127156576,77.25001271565755,Soybeans,152,212,255,362,5,7,9,12
India,34.75000127156576,77.75001271565755,Soybeans,152,212,255,362,5,7,9,12
India,35.25000127156576,77.75001271565755,Soybeans,152,212,255,362,5,7,9,12
India,31.25000127156576,79.25001271565755,Sugarbeets,90,133,273,334,3,5,9,11
India,33.25000127156576,79.25001271565755,Sugarbeets,90,133,273,334,3,5,9,11
India,17.25000063578288,75.25001271565755,Sunflower,169,210,281,322,6,7,10,11
India,17.75000063578288,75.25001271565755,Sunflower,169,210,281,322,6,7,10,11
India,17.75000063578288,75.75001271565755,Sunflower,169,210,281,322,6,7,10,11
India,18.25000063578288,75.25001271565755,Sunflower,169,210,281,322,6,7,10,11
India,18.25000063578288,75.75001271565755,Sunflower,169,210,281,322,6,7,10,11
India,18.75000063578288,74.75001271565755,Sunflower,169,210,281,322,6,7,10,11
India,19.25000063578288,74.25001271565755,Sunflower,169,210,281,322,6,7,10,11
India,19.25000063578288,74.75001271565755,Sunflower,169,210,281,322,6,7,10,11
India,19.25000063578288,75.25001271565755,Sunflower,169,210,281,322,6,7,10,11
India,19.75000063578288,74.25001271565755,Sunflower,169,210,281,322,6,7,10,11
India,14.750000635782875,75.25001271565755,Wheat Winter,274,301,29,63,9,10,1,3
India,15.250000635782875,75.25001271565755,Wheat Winter,274,301,29,63,9,10,1,3
India,15.250000635782875,75.75001271565755,Wheat Winter,274,301,29,63,9,10,1,3
India,15.250000635782875,76.25001271565755,Wheat Winter,281,308,36,77,10,11,2,3
India,15.750000635782875,74.75001271565755,Wheat Winter,281,329,50,91,10,11,2,3
India,15.750000635782875,75.25001271565755,Wheat Winter,281,329,50,91,10,11,2,3
India,15.750000635782875,75.75001271565755,Wheat Winter,274,301,29,63,9,10,1,3
India,15.750000635782875,76.25001271565755,Wheat Winter,281,308,36,77,10,11,2,3
India,15.750000635782875,76.75001271565755,Wheat Winter,281,308,36,77,10,11,2,3
India,16.25000063578288,74.75001271565755,Wheat Winter,281,329,50,91,10,11,2,3
India,16.25000063578288,76.75001271565755,Wheat Winter,281,308,36,77,10,11,2,3
India,16.25000063578288,77.25001271565755,Wheat Winter,281,308,36,77,10,11,2,3
India,17.25000063578288,74.25001271565755,Wheat Winter,309,336,85,126,11,12,3,5
India,17.75000063578288,73.75001271565755,Wheat Winter,309,336,85,126,11,12,3,5
India,17.75000063578288,74.25001271565755,Wheat Winter,309,336,85,126,11,12,3,5
India,17.75000063578288,74.75001271565755,Wheat Winter,309,336,85,126,11,12,3,5
India,18.25000063578288,73.75001271565755,Wheat Winter,309,336,85,126,11,12,3,5
India,18.25000063578288,74.25001271565755,Wheat Winter,309,336,85,126,11,12,3,5
India,18.25000063578288,74.75001271565755,Wheat Winter,309,336,85,126,11,12,3,5
India,18.75000063578288,73.75001271565755,Wheat Winter,309,336,85,126,11,12,3,5
India,18.75000063578288,74.25001271565755,Wheat Winter,309,336,85,126,11,12,3,5
India,18.75000063578288,74.75001271565755,Wheat Winter,302,350,78,119,10,12,3,4
India,19.25000063578288,73.75001271565755,Wheat Winter,309,336,85,126,11,12,3,5
India,19.25000063578288,74.25001271565755,Wheat Winter,302,350,78,119,10,12,3,4
India,19.25000063578288,74.75001271565755,Wheat Winter,302,350,78,119,10,12,3,4
India,19.25000063578288,75.25001271565755,Wheat Winter,302,350,78,119,10,12,3,4
India,19.75000063578288,73.75001271565755,Wheat Winter,309,336,85,126,11,12,3,5
India,19.75000063578288,74.25001271565755,Wheat Winter,302,350,78,119,10,12,3,4
India,19.75000063578288,74.75001271565755,Wheat Winter,302,350,78,119,10,12,3,4
India,19.75000063578288,75.25001271565755,Wheat Winter,302,350,78,119,10,12,3,4
India,19.75000063578288,77.75001271565755,Wheat Winter,302,336,64,98,10,12,3,4
India,19.75000063578288,78.75001271565755,Wheat Winter,302,336,64,98,10,12,3,4
India,19.75000063578288,79.25001271565755,Wheat Winter,295,336,57,105,10,12,2,4
India,19.75000063578288,79.75001271565755,Wheat Winter,295,336,57,105,10,12,2,4
India,20.25000063578288,73.75001271565755,Wheat Winter,309,336,85,126,11,12,3,5
India,20.25000063578288,74.25001271565755,Wheat Winter,309,336,85,126,11,12,3,5
India,20.25000063578288,74.75001271565755,Wheat Winter,309,336,85,126,11,12,3,5
India,20.25000063578288,75.25001271565755,Wheat Winter,302,350,78,119,10,12,3,4
India,20.25000063578288,75.75001271565755,Wheat Winter,302,350,78,119,10,12,3,4
India,20.25000063578288,76.25001271565755,Wheat Winter,302,350,78,119,10,12,3,4
India,20.25000063578288,76.75001271565755,Wheat Winter,302,350,78,119,10,12,3,4
India,20.25000063578288,77.25001271565755,Wheat Winter,302,350,78,119,10,12,3,4
India,20.25000063578288,77.75001271565755,Wheat Winter,302,336,64,98,10,12,3,4
India,20.25000063578288,78.25001271565755,Wheat Winter,302,336,64,98,10,12,3,4
India,20.25000063578288,79.25001271565755,Wheat Winter,295,336,57,105,10,12,2,4
India,20.25000063578288,79.75001271565755,Wheat Winter,295,336,57,105,10,12,2,4
India,20.75000063578288,74.25001271565755,Wheat Winter,309,336,85,126,11,12,3,5
India,20.75000063578288,74.75001271565755,Wheat Winter,309,336,85,126,11,12,3,5
India,20.75000063578288,76.25001271565755,Wheat Winter,302,350,78,119,10,12,3,4
India,20.75000063578288,76.75001271565755,Wheat Winter,302,350,78,119,10,12,3,4
India,20.75000063578288,77.25001271565755,Wheat Winter,302,350,78,119,10,12,3,4
India,20.75000063578288,77.75001271565755,Wheat Winter,302,336,64,98,10,12,3,4
India,20.75000063578288,78.25001271565755,Wheat Winter,302,336,64,98,10,12,3,4
India,20.75000063578288,78.75001271565755,Wheat Winter,295,336,57,105,10,12,2,4
India,20.75000063578288,79.25001271565755,Wheat Winter,302,336,64,98,10,12,3,4
India,20.75000063578288,79.75001271565755,Wheat Winter,295,336,57,105,10,12,2,4
India,20.75000063578288,80.25001271565755,Wheat Winter,295,336,57,105,10,12,2,4
India,21.25000063578288,71.25001271565755,Wheat Winter,302,350,57,112,10,12,2,4
India,21.25000063578288,71.75001271565755,Wheat Winter,302,350,57,112,10,12,2,4
India,21.25000063578288,74.25001271565755,Wheat Winter,309,336,85,126,11,12,3,5
India,21.25000063578288,74.75001271565755,Wheat Winter,309,336,85,126,11,12,3,5
India,21.25000063578288,76.75001271565755,Wheat Winter,302,336,64,98,10,12,3,4
India,21.25000063578288,77.25001271565755,Wheat Winter,302,336,64,98,10,12,3,4
India,21.25000063578288,77.75001271565755,Wheat Winter,302,336,64,98,10,12,3,4
India,21.25000063578288,78.25001271565755,Wheat Winter,302,336,64,98,10,12,3,4
India,21.25000063578288,78.75001271565755,Wheat Winter,302,336,64,98,10,12,3,4
India,21.25000063578288,79.25001271565755,Wheat Winter,302,336,64,98,10,12,3,4
India,21.25000063578288,79.75001271565755,Wheat Winter,295,336,57,105,10,12,2,4
India,21.25000063578288,80.25001271565755,Wheat Winter,295,336,57,105,10,12,2,4
India,21.75000063578288,71.25001271565755,Wheat Winter,302,350,57,112,10,12,2,4
India,21.75000063578288,71.75001271565755,Wheat Winter,302,350,57,112,10,12,2,4
India,21.75000063578288,74.25001271565755,Wheat Winter,309,336,85,126,11,12,3,5
India,22.25000063578288,72.75001271565755,Wheat Winter,309,336,64,105,11,12,3,4
India,22.75000063578288,72.75001271565755,Wheat Winter,309,336,64,105,11,12,3,4
India,22.75000063578288,73.25001271565755,Wheat Winter,309,336,64,105,11,12,3,4
India,22.75000063578288,86.75001271565755,Wheat Winter,323,7,78,126,11,1,3,5
India,23.25000063578288,73.25001271565755,Wheat Winter,309,336,64,105,11,12,3,4
India,23.25000063578288,86.25001271565755,Wheat Winter,323,7,78,126,11,1,3,5
India,23.25000063578288,86.75001271565755,Wheat Winter,323,7,78,126,11,1,3,5
India,23.25000063578288,87.25001271565755,Wheat Winter,323,7,78,126,11,1,3,5
India,23.75000063578288,71.75001271565755,Wheat Winter,309,336,64,105,11,12,3,4
India,23.75000063578288,73.25001271565755,Wheat Winter,309,336,64,105,11,12,3,4
India,23.75000063578288,74.75001271565755,Wheat Winter,309,336,57,84,11,12,2,3
India,23.75000063578288,87.75001271565755,Wheat Winter,323,7,78,126,11,1,3,5
India,24.25000063578288,68.75001271565755,Wheat Winter,269,356,93,163,9,12,4,6
India,24.25000063578288,69.25001271565755,Wheat Winter,269,356,93,163,9,12,4,6
India,24.25000063578288,71.25001271565755,Wheat Winter,309,336,64,105,11,12,3,4
India,24.25000063578288,71.75001271565755,Wheat Winter,309,336,64,105,11,12,3,4
India,24.25000063578288,72.25001271565755,Wheat Winter,309,336,64,105,11,12,3,4
India,24.25000063578288,72.75001271565755,Wheat Winter,309,336,64,105,11,12,3,4
India,24.25000063578288,75.75001271565755,Wheat Winter,309,336,64,84,11,12,3,3
India,24.25000063578288,76.25001271565755,Wheat Winter,309,336,64,84,11,12,3,3
India,24.25000063578288,76.75001271565755,Wheat Winter,309,336,64,84,11,12,3,3
India,24.75000063578288,74.25001271565755,Wheat Winter,309,336,57,84,11,12,2,3
India,24.75000063578288,74.75001271565755,Wheat Winter,309,336,57,84,11,12,2,3
India,24.75000063578288,75.75001271565755,Wheat Winter,316,350,71,98,11,12,3,4
India,24.75000063578288,76.25001271565755,Wheat Winter,316,350,71,98,11,12,3,4
India,24.75000063578288,76.75001271565755,Wheat Winter,316,350,71,98,11,12,3,4
India,24.75000063578288,92.25001271565756,Wheat Winter,315,11,81,120,11,1,3,4
India,25.25000063578288,73.25001271565755,Wheat Winter,309,329,64,84,11,11,3,3
India,25.25000063578288,74.25001271565755,Wheat Winter,309,336,57,84,11,12,2,3
India,25.25000063578288,74.75001271565755,Wheat Winter,309,336,57,84,11,12,2,3
India,25.25000063578288,75.25001271565755,Wheat Winter,309,336,57,84,11,12,2,3
India,25.25000063578288,76.25001271565755,Wheat Winter,316,350,71,98,11,12,3,4
India,25.25000063578288,76.75001271565755,Wheat Winter,316,350,71,98,11,12,3,4
India,25.75000063578288,70.25001271565755,Wheat Winter,269,356,93,163,9,12,4,6
India,25.75000063578288,73.25001271565755,Wheat Winter,309,329,64,84,11,11,3,3
India,25.75000063578288,73.75001271565755,Wheat Winter,309,329,64,84,11,11,3,3
India,25.75000063578288,74.25001271565755,Wheat Winter,309,336,57,84,11,12,2,3
India,25.75000063578288,74.75001271565755,Wheat Winter,309,336,57,84,11,12,2,3
India,25.75000063578288,75.25001271565755,Wheat Winter,309,336,64,84,11,12,3,3
India,25.75000063578288,75.75001271565755,Wheat Winter,309,336,64,84,11,12,3,3
India,25.75000063578288,76.25001271565755,Wheat Winter,309,329,43,63,11,11,2,3
India,26.25000063578288,75.25001271565755,Wheat Winter,309,336,64,84,11,12,3,3
India,26.25000063578288,75.75001271565755,Wheat Winter,309,336,64,84,11,12,3,3
India,26.25000063578288,76.25001271565755,Wheat Winter,309,329,43,63,11,11,2,3
India,26.25000063578288,76.75001271565755,Wheat Winter,309,329,43,63,11,11,2,3
India,26.25000063578288,77.25001271565755,Wheat Winter,309,329,43,63,11,11,2,3
India,26.75000063578288,75.25001271565755,Wheat Winter,316,336,64,84,11,12,3,3
India,26.75000063578288,75.75001271565755,Wheat Winter,316,336,64,84,11,12,3,3
India,26.75000063578288,76.25001271565755,Wheat Winter,316,336,64,84,11,12,3,3
India,26.75000063578288,76.75001271565755,Wheat Winter,309,329,43,63,11,11,2,3
India,26.75000063578288,77.25001271565755,Wheat Winter,309,329,43,63,11,11,2,3
India,26.75000063578288,77.75001271565755,Wheat Winter,309,329,64,84,11,11,3,3
India,27.25000063578288,75.25001271565755,Wheat Winter,316,336,64,84,11,12,3,3
India,27.25000063578288,75.75001271565755,Wheat Winter,316,336,64,84,11,12,3,3
India,27.25000063578288,77.25001271565755,Wheat Winter,309,329,43,63,11,11,2,3
India,27.75000127156576,74.75001271565755,Wheat Winter,316,336,64,84,11,12,3,3
India,27.75000127156576,75.25001271565755,Wheat Winter,316,336,64,84,11,12,3,3
India,27.75000127156576,75.75001271565755,Wheat Winter,316,336,64,84,11,12,3,3
India,28.25000127156576,75.25001271565755,Wheat Winter,309,329,64,84,11,11,3,3
India,28.25000127156576,75.75001271565755,Wheat Winter,309,329,64,84,11,11,3,3
India,29.25000127156576,80.25001271565755,Wheat Winter,294,345,71,181,10,12,3,6
India,31.25000127156576,77.25001271565755,Wheat Winter,295,350,85,140,10,12,3,5
India,31.25000127156576,77.75001271565755,Wheat Winter,295,343,113,140,10,12,4,5
India,31.75000127156576,76.75001271565755,Wheat Winter,295,350,85,140,10,12,3,5
India,31.75000127156576,77.25001271565755,Wheat Winter,295,350,85,140,10,12,3,5
India,31.75000127156576,77.75001271565755,Wheat Winter,295,350,85,140,10,12,3,5
India,34.75000127156576,74.25001271565755,Wheat Winter,269,356,93,163,9,12,4,6
India,34.75000127156576,76.75001271565755,Wheat Winter,269,356,93,163,9,12,4,6
