country,crop,year,area_harvested_ha,production_tonnes,yield_hg_per_ha
India,"Almonds, in shell",2011,23000.0,14000.0,608.7
India,"Almonds, in shell",2012,22000.0,4000.0,181.8
India,"Almonds, in shell",2013,21000.0,9000.0,428.6
India,"Almonds, in shell",2014,21000.0,13000.0,619.0
India,"Almonds, in shell",2015,21000.0,10000.0,476.2
India,"Almonds, in shell",2016,11685.0,7933.0,678.9
India,"Almonds, in shell",2017,12075.0,7061.0,584.8
India,"Almonds, in shell",2018,10584.0,13688.0,1293.3
India,"Almonds, in shell",2019,10432.0,10967.0,1051.3
India,"Almonds, in shell",2020,8954.0,10874.0,1214.4
India,"Almonds, in shell",2021,10156.0,11282.0,1110.9
India,"Almonds, in shell",2022,10282.0,12046.0,1171.6
India,"Almonds, in shell",2023,9944.0,12455.0,1252.5
India,"Almonds, in shell",2024,9680.0,12345.47,1275.3
India,"Anise, badian, coriander, cumin, caraway, fennel and juniper berries, raw",2010,787680.0,449600.0,570.8
India,"Anise, badian, coriander, cumin, caraway, fennel and juniper berries, raw",2011,1099600.0,901600.0,819.9
India,"Anise, badian, coriander, cumin, caraway, fennel and juniper berries, raw",2012,1252000.0,1070000.0,854.6
India,"Anise, badian, coriander, cumin, caraway, fennel and juniper berries, raw",2013,1237000.0,1061000.0,857.7
India,"Anise, badian, coriander, cumin, caraway, fennel and juniper berries, raw",2014,1360190.0,897620.0,659.9
India,"Anise, badian, coriander, cumin, caraway, fennel and juniper berries, raw",2015,1482000.0,1008000.0,680.2
India,"Anise, badian, coriander, cumin, caraway, fennel and juniper berries, raw",2016,1465550.0,1217610.0,830.8
India,"Anise, badian, coriander, cumin, caraway, fennel and juniper berries, raw",2017,1546000.0,1529000.0,989.0
India,"Anise, badian, coriander, cumin, caraway, fennel and juniper berries, raw",2018,1564000.0,1503000.0,961.0
India,"Anise, badian, coriander, cumin, caraway, fennel and juniper berries, raw",2019,1587000.0,1448000.0,912.4
India,"Anise, badian, coriander, cumin, caraway, fennel and juniper berries, raw",2020,1888000.0,1753000.0,928.5
India,"Anise, badian, coriander, cumin, caraway, fennel and juniper berries, raw",2021,1826000.0,1823000.0,998.4
India,"Anise, badian, coriander, cumin, caraway, fennel and juniper berries, raw",2022,1487207.0,1406040.0,945.4
India,"Anise, badian, coriander, cumin, caraway, fennel and juniper berries, raw",2023,1736508.0,1703183.0,980.8
India,"Anise, badian, coriander, cumin, caraway, fennel and juniper berries, raw",2024,2122427.0,2107138.0,992.8
India,Apples,2010,282900.0,1777200.0,6282.1
India,Apples,2011,289100.0,2891000.0,10000.0
India,Apples,2012,321900.0,2203400.0,6845.0
India,Apples,2013,312000.0,1915000.0,6137.8
India,Apples,2014,313040.0,2497680.0,7978.8
India,Apples,2015,319000.0,2134000.0,6689.7
India,Apples,2016,277000.0,2521000.0,9101.1
India,Apples,2017,305000.0,2265000.0,7426.2
India,Apples,2018,301000.0,2327000.0,7730.9
India,Apples,2019,308000.0,2316000.0,7519.5
India,Apples,2020,310000.0,2814000.0,9077.4
India,Apples,2021,313000.0,2276000.0,7271.6
India,Apples,2022,315000.0,2589000.0,8219.0
India,Apples,2023,304000.0,2876000.0,9460.5
India,Apples,2024,304130.0,2625899.0,8634.1
India,Apricots,2010,4826.0,13644.71,2827.5
India,Apricots,2011,4924.0,13929.03,2828.7
India,Apricots,2012,5000.0,14149.27,2829.9
India,Apricots,2013,5000.0,14155.16,2831.0
India,Apricots,2014,5000.0,14115.7,2823.1
India,Apricots,2015,5014.0,14113.22,2814.7
India,Apricots,2016,5419.0,15274.89,2818.9
India,Apricots,2017,5496.0,15531.76,2826.0
India,Apricots,2018,5603.0,15832.74,2825.9
India,Apricots,2019,5709.0,16133.71,2825.8
India,Apricots,2020,5603.0,15832.74,2825.9
India,Apricots,2021,5638.0,15933.06,2825.9
India,Apricots,2022,5650.0,15966.5,2825.9
India,Apricots,2023,5630.0,15910.77,2825.9
India,Apricots,2024,5640.0,15936.78,2825.9
India,Areca nuts,2010,400100.0,478000.0,1194.7
India,Areca nuts,2011,400100.0,478000.0,1194.7
India,Areca nuts,2012,464000.0,681000.0,1467.7
India,Areca nuts,2013,446000.0,609000.0,1365.5
India,Areca nuts,2014,452000.0,622000.0,1376.1
India,Areca nuts,2015,450000.0,747000.0,1660.0
India,Areca nuts,2016,474000.0,714000.0,1506.3
India,Areca nuts,2017,455000.0,723000.0,1589.0
India,Areca nuts,2018,497000.0,833000.0,1676.1
India,Areca nuts,2019,522000.0,901000.0,1726.1
India,Areca nuts,2020,747000.0,1382000.0,1850.1
India,Areca nuts,2021,794000.0,1563000.0,1968.5
India,Areca nuts,2022,849000.0,1666000.0,1962.3
India,Areca nuts,2023,938000.0,1369000.0,1459.5
India,Areca nuts,2024,949403.0,1410966.0,1486.2
India,Bananas,2010,830000.0,29780000.0,35879.5
India,Bananas,2011,796500.0,28455100.0,35725.2
India,Bananas,2012,776000.0,26509000.0,34161.1
India,Bananas,2013,796000.0,27575000.0,34642.0
India,Bananas,2014,802570.0,29724550.0,37036.7
India,Bananas,2015,822000.0,29221000.0,35548.7
India,Bananas,2016,841000.0,29135000.0,34643.3
India,Bananas,2017,860000.0,30477000.0,35438.4
India,Bananas,2018,884000.0,30808000.0,34850.7
India,Bananas,2019,866000.0,30460000.0,35173.2
India,Bananas,2020,897000.0,32597000.0,36340.0
India,Bananas,2021,924000.0,33062000.0,35781.4
India,Bananas,2022,963000.0,34528000.0,35854.6
India,Bananas,2023,994000.0,36614000.0,36835.0
India,Bananas,2024,948469.0,37614362.0,39658.0
India,Barley,2010,623800.0,1354700.0,2171.7
India,Barley,2011,705400.0,1662900.0,2357.4
India,Barley,2012,643000.0,1620000.0,2519.4
India,Barley,2013,695000.0,1750000.0,2518.0
India,Barley,2014,673500.0,1830000.0,2717.1
India,Barley,2015,707000.0,1613000.0,2281.5
India,Barley,2016,590000.0,1440000.0,2440.7
India,Barley,2017,656250.0,1747450.0,2662.8
India,Barley,2018,660800.0,1780810.0,2694.9
India,Barley,2019,575600.0,1633070.0,2837.2
India,Barley,2020,589570.0,1721830.0,2920.5
India,Barley,2021,592470.0,1656340.0,2795.7
India,Barley,2022,453320.0,1371360.0,3025.1
India,Barley,2023,628325.0,1912919.44,3044.5
India,Barley,2024,551317.0,1699235.48,3082.1
India,"Beans, dry",2010,10240275.0,6209347.27,606.4
India,"Beans, dry",2011,9755328.0,5360099.17,549.5
India,"Beans, dry",2012,8716135.0,5163550.92,592.4
India,"Beans, dry",2013,9021480.0,5283381.99,585.6
India,"Beans, dry",2014,8799189.0,5641486.0,641.1
India,"Beans, dry",2015,10210401.0,6023531.63,589.9
India,"Beans, dry",2016,12045276.0,7468601.53,620.0
India,"Beans, dry",2017,12432165.0,7961142.08,640.4
India,"Beans, dry",2018,13225137.0,7885365.98,596.2
India,"Beans, dry",2019,11812814.0,6847843.72,579.7
India,"Beans, dry",2020,11559011.0,7225166.79,625.1
India,"Beans, dry",2021,12469911.0,7454701.48,597.8
India,"Beans, dry",2022,11725112.0,8564105.78,730.4
India,"Beans, dry",2023,11354281.0,8168142.7,719.4
India,"Beans, dry",2024,11713147.0,7990946.0,682.2
India,"Beef and Buffalo Meat, primary",2010,,3125000.0,
India,"Beef and Buffalo Meat, primary",2011,,3308000.0,
India,"Beef and Buffalo Meat, primary",2012,,3491000.0,
India,"Beef and Buffalo Meat, primary",2013,,3800000.0,
India,"Beef and Buffalo Meat, primary",2014,,4000000.0,
India,"Beef and Buffalo Meat, primary",2015,,4080000.0,
India,"Beef and Buffalo Meat, primary",2016,,4170000.0,
India,"Beef and Buffalo Meat, primary",2017,,4230000.0,
India,"Beef and Buffalo Meat, primary",2018,,4240000.0,
India,"Beef and Buffalo Meat, primary",2019,,4270000.0,
India,"Beef and Buffalo Meat, primary",2020,,3760000.0,
India,"Beef and Buffalo Meat, primary",2021,,4195000.0,
India,"Beef and Buffalo Meat, primary",2022,,4350000.0,
India,"Beef and Buffalo Meat, primary",2023,,4470000.0,
India,"Beef and Buffalo Meat, primary",2024,,4565000.0,
India,"Beer of barley, malted",2010,,528976.0,
India,"Beer of barley, malted",2011,,594500.0,
India,"Beer of barley, malted",2012,,538600.0,
India,"Beer of barley, malted",2013,,520600.0,
India,"Beer of barley, malted",2014,,2000000.0,
India,"Beer of barley, malted",2015,,2120000.0,
India,"Beer of barley, malted",2016,,2210000.0,
India,"Beer of barley, malted",2017,,2250000.0,
India,"Beer of barley, malted",2018,,2360000.0,
India,"Beer of barley, malted",2019,,2400000.0,
India,"Beer of barley, malted",2020,,1423000.0,
India,"Beer of barley, malted",2021,,2204400.0,
India,"Beer of barley, malted",2022,,2551700.0,
India,"Beer of barley, malted",2023,,2933500.0,
India,Beeswax,2010,,23000.0,
India,Beeswax,2011,,23000.0,
India,Beeswax,2012,,23100.0,
India,Beeswax,2013,,23200.0,
India,Beeswax,2014,,23598.72,
India,Beeswax,2015,,23956.37,
India,Beeswax,2016,,23585.03,
India,Beeswax,2017,,23973.53,
India,Beeswax,2018,,23936.59,
India,Beeswax,2019,,23979.57,
India,Beeswax,2020,,24006.03,
India,Beeswax,2021,,24251.28,
India,Beeswax,2022,,24338.37,
India,Beeswax,2023,,24429.79,
India,Beeswax,2024,,24521.21,
India,"Buffalo fat, unrendered",2010,,191761.36,
India,"Buffalo fat, unrendered",2011,,202990.91,
India,"Buffalo fat, unrendered",2012,,214220.45,
India,"Buffalo fat, unrendered",2013,,233181.82,
India,"Buffalo fat, unrendered",2014,,245454.55,
India,"Buffalo fat, unrendered",2015,,250363.64,
India,"Buffalo fat, unrendered",2016,,255886.36,
India,"Buffalo fat, unrendered",2017,,259568.18,
India,"Buffalo fat, unrendered",2018,,260181.82,
India,"Buffalo fat, unrendered",2019,,262022.73,
India,"Buffalo fat, unrendered",2020,,230727.27,
India,"Buffalo fat, unrendered",2021,,257420.45,
India,"Buffalo fat, unrendered",2022,,266931.82,
India,"Buffalo fat, unrendered",2023,,274295.45,
India,"Buffalo fat, unrendered",2024,,280125.0,
India,Butter and Ghee,2010,,3398074.65,
India,Butter and Ghee,2011,,3458192.98,
India,Butter and Ghee,2012,,3611345.37,
India,Butter and Ghee,2013,,3790214.89,
India,Butter and Ghee,2014,,3902754.74,
India,Butter and Ghee,2015,,4039084.15,
India,Butter and Ghee,2016,,4164170.32,
India,Butter and Ghee,2017,,4335970.99,
India,Butter and Ghee,2018,,4506011.07,
India,Butter and Ghee,2019,,4795228.88,
India,Butter and Ghee,2020,,4866131.09,
India,Butter and Ghee,2021,,5358805.62,
India,Butter and Ghee,2022,,5358022.39,
India,Butter and Ghee,2023,,5476098.22,
India,Butter of buffalo milk,2010,,715000.0,
India,Butter of buffalo milk,2011,,727000.0,
India,Butter of buffalo milk,2012,,759000.0,
India,Butter of buffalo milk,2013,,797000.0,
India,Butter of buffalo milk,2014,,814000.0,
India,Butter of buffalo milk,2015,,846000.0,
India,Butter of buffalo milk,2016,,871000.0,
India,Butter of buffalo milk,2017,,906000.0,
India,Butter of buffalo milk,2018,,933000.0,
India,Butter of buffalo milk,2019,,1000000.0,
India,Butter of buffalo milk,2020,,1008107.21,
India,Butter of buffalo milk,2021,,1116709.9,
India,Butter of buffalo milk,2022,,1085134.18,
India,Butter of buffalo milk,2023,,1099414.38,
India,Cabbages,2010,300500.0,7281400.0,24230.9
India,Cabbages,2011,369000.0,7949000.0,21542.0
India,Cabbages,2012,390000.0,8412000.0,21569.2
India,Cabbages,2013,372000.0,8534000.0,22940.9
India,Cabbages,2014,400140.0,9039220.0,22590.1
India,Cabbages,2015,386000.0,8585000.0,22240.9
India,Cabbages,2016,394000.0,8806000.0,22350.3
India,Cabbages,2017,395000.0,8807000.0,22296.2
India,Cabbages,2018,399000.0,9037000.0,22649.1
India,Cabbages,2019,400000.0,9127000.0,22817.5
India,Cabbages,2020,401000.0,9272000.0,23122.2
India,Cabbages,2021,412000.0,9560000.0,23203.9
India,Cabbages,2022,423000.0,9825000.0,23227.0
India,Cabbages,2023,433000.0,10049000.0,23207.9
India,Cabbages,2024,442332.0,10431705.0,23583.4
India,Cantaloupes and other melons,2010,42469.0,931687.99,21938.1
India,Cantaloupes and other melons,2011,39500.0,739900.0,18731.6
India,Cantaloupes and other melons,2012,38000.0,791000.0,20815.8
India,Cantaloupes and other melons,2013,42000.0,868000.0,20666.7
India,Cantaloupes and other melons,2014,37000.0,761000.0,20567.6
India,Cantaloupes and other melons,2015,42000.0,863000.0,20547.6
India,Cantaloupes and other melons,2016,45000.0,935000.0,20777.8
India,Cantaloupes and other melons,2017,50000.0,1097000.0,21940.0
India,Cantaloupes and other melons,2018,54000.0,1231000.0,22796.3
India,Cantaloupes and other melons,2019,57000.0,1266000.0,22210.5
India,Cantaloupes and other melons,2020,61000.0,1368000.0,22426.2
India,Cantaloupes and other melons,2021,75000.0,1478000.0,19706.7
India,Cantaloupes and other melons,2022,68000.0,1498000.0,22029.4
India,Cantaloupes and other melons,2023,68000.0,1498000.0,22029.4
India,Cantaloupes and other melons,2024,66614.0,1540738.0,23129.3
India,Carrots and turnips,2010,48781.0,816921.03,16746.8
India,Carrots and turnips,2011,56000.0,953000.0,17017.9
India,Carrots and turnips,2012,62000.0,1153000.0,18596.8
India,Carrots and turnips,2013,64000.0,1145000.0,17890.6
India,Carrots and turnips,2014,62000.0,1074000.0,17322.6
India,Carrots and turnips,2015,64000.0,968000.0,15125.0
India,Carrots and turnips,2016,82303.0,1338472.61,16262.7
India,Carrots and turnips,2017,86239.0,1349712.8,15650.8
India,Carrots and turnips,2018,96508.0,1648245.2,17078.9
India,Carrots and turnips,2019,109462.0,1893452.82,17297.8
India,Carrots and turnips,2020,104982.0,1828189.05,17414.3
India,Carrots and turnips,2021,108393.0,1884564.49,17386.4
India,Carrots and turnips,2022,133552.0,2283952.0,17101.6
India,Carrots and turnips,2023,122664.0,2399008.0,19557.6
India,Carrots and turnips,2024,125010.0,2776332.0,22208.9
India,"Cashew nuts, in shell",2010,923000.0,613000.0,664.1
India,"Cashew nuts, in shell",2011,953200.0,674600.0,707.7
India,"Cashew nuts, in shell",2012,979000.0,725000.0,740.6
India,"Cashew nuts, in shell",2013,992000.0,753000.0,759.1
India,"Cashew nuts, in shell",2014,1011000.0,753000.0,744.8
India,"Cashew nuts, in shell",2015,1030000.0,745000.0,723.3
India,"Cashew nuts, in shell",2016,1036000.0,671000.0,647.7
India,"Cashew nuts, in shell",2017,978000.0,745000.0,761.8
India,"Cashew nuts, in shell",2018,1062000.0,817000.0,769.3
India,"Cashew nuts, in shell",2019,1105000.0,743000.0,672.4
India,"Cashew nuts, in shell",2020,1125000.0,703000.0,624.9
India,"Cashew nuts, in shell",2021,1159000.0,738000.0,636.8
India,"Cashew nuts, in shell",2022,1184000.0,752000.0,635.1
India,"Cashew nuts, in shell",2023,1195000.0,782000.0,654.4
India,"Cashew nuts, in shell",2024,1199084.0,794910.0,662.9
India,"Cassava, fresh",2010,231900.0,8059800.0,34755.5
India,"Cassava, fresh",2011,221400.0,8076000.0,36477.0
India,"Cassava, fresh",2012,226700.0,8746500.0,38581.8
India,"Cassava, fresh",2013,207000.0,7236600.0,34959.4
India,"Cassava, fresh",2014,228280.0,8139430.0,35655.5
India,"Cassava, fresh",2015,208000.0,4373000.0,21024.0
India,"Cassava, fresh",2016,204000.0,4344000.0,21294.1
India,"Cassava, fresh",2017,199000.0,4171000.0,20959.8
India,"Cassava, fresh",2018,173000.0,4950000.0,28612.7
India,"Cassava, fresh",2019,163000.0,4976000.0,30527.6
India,"Cassava, fresh",2020,173000.0,6060000.0,35028.9
India,"Cassava, fresh",2021,183000.0,6941000.0,37929.0
India,"Cassava, fresh",2022,172000.0,6213000.0,36122.1
India,"Cassava, fresh",2023,166000.0,5938000.0,35771.1
India,"Cassava, fresh",2024,176627.0,6283343.0,35574.1
India,Castor oil seeds,2010,880339.0,1350324.0,1533.9
India,Castor oil seeds,2011,1470883.0,2294930.0,1560.2
India,Castor oil seeds,2012,1233587.0,1963473.0,1591.7
India,Castor oil seeds,2013,1063197.0,1726559.0,1623.9
India,Castor oil seeds,2014,1089320.0,1869990.0,1716.7
India,Castor oil seeds,2015,1060729.0,1751818.0,1651.5
India,Castor oil seeds,2016,807917.0,1376421.0,1703.7
India,Castor oil seeds,2017,824127.0,1567563.59,1902.1
India,Castor oil seeds,2018,751317.0,1196679.24,1592.8
India,Castor oil seeds,2019,1046292.0,1842021.74,1760.5
India,Castor oil seeds,2020,887495.0,1646956.41,1855.7
India,Castor oil seeds,2021,830978.0,1618760.0,1948.0
India,Castor oil seeds,2022,1019279.0,1979717.74,1942.3
India,Castor oil seeds,2023,1041071.0,1958765.38,1881.5
India,Castor oil seeds,2024,827889.0,1587531.42,1917.6
India,Cauliflowers and broccoli,2010,347900.0,6569000.0,18881.9
India,Cauliflowers and broccoli,2011,369000.0,6745000.0,18279.1
India,Cauliflowers and broccoli,2012,391000.0,7349000.0,18795.4
India,Cauliflowers and broccoli,2013,402000.0,7887000.0,19619.4
India,Cauliflowers and broccoli,2014,433870.0,8573280.0,19760.0
India,Cauliflowers and broccoli,2015,411000.0,7926000.0,19284.7
India,Cauliflowers and broccoli,2016,426000.0,8090000.0,18990.6
India,Cauliflowers and broccoli,2017,454000.0,8557000.0,18848.0
India,Cauliflowers and broccoli,2018,453000.0,8668000.0,19134.7
India,Cauliflowers and broccoli,2019,465000.0,9083000.0,19533.3
India,Cauliflowers and broccoli,2020,467000.0,8941000.0,19145.6
India,Cauliflowers and broccoli,2021,473000.0,9225000.0,19503.2
India,Cauliflowers and broccoli,2022,481000.0,9566000.0,19887.7
India,Cauliflowers and broccoli,2023,491000.0,9548000.0,19446.0
India,Cauliflowers and broccoli,2024,507297.0,9794357.0,19306.9
India,Cheese (All Kinds),2010,,2620.67,
India,Cheese (All Kinds),2011,,2759.01,
India,Cheese (All Kinds),2012,,2853.99,
India,Cheese (All Kinds),2013,,2967.15,
India,Cheese (All Kinds),2014,,3178.14,
India,Cheese (All Kinds),2015,,3532.75,
India,Cheese (All Kinds),2016,,3749.58,
India,Cheese (All Kinds),2017,,4009.78,
India,Cheese (All Kinds),2018,,4309.81,
India,Cheese (All Kinds),2019,,4632.19,
India,Cheese (All Kinds),2020,,5400.0,
India,Cheese (All Kinds),2021,,5262.33,
India,Cheese (All Kinds),2022,,16875.0,
India,Cheese (All Kinds),2023,,21375.0,
India,Cheese from whole cow milk,2010,,2620.67,
India,Cheese from whole cow milk,2011,,2759.01,
India,Cheese from whole cow milk,2012,,2853.99,
India,Cheese from whole cow milk,2013,,2967.15,
India,Cheese from whole cow milk,2014,,3178.14,
India,Cheese from whole cow milk,2015,,3532.75,
India,Cheese from whole cow milk,2016,,3749.58,
India,Cheese from whole cow milk,2017,,4009.78,
India,Cheese from whole cow milk,2018,,4309.81,
India,Cheese from whole cow milk,2019,,4632.19,
India,Cheese from whole cow milk,2020,,5400.0,
India,Cheese from whole cow milk,2021,,5262.33,
India,Cheese from whole cow milk,2022,,16875.0,
India,Cheese from whole cow milk,2023,,21375.0,
India,Cherries,2010,3226.0,9553.86,2961.7
India,Cherries,2011,3266.0,9733.01,2980.5
India,Cherries,2012,3300.0,9897.75,2999.3
India,Cherries,2013,3300.0,9959.88,3018.1
India,Cherries,2014,3500.0,10585.56,3024.4
India,Cherries,2015,3599.0,10945.25,3041.1
India,Cherries,2016,3466.0,10496.9,3028.2
India,Cherries,2017,3377.0,10289.08,3047.3
India,Cherries,2018,3481.0,10158.78,2918.6
India,Cherries,2019,3425.0,10096.92,2947.9
India,Cherries,2020,3378.0,10108.01,2992.5
India,Cherries,2021,3428.0,10121.24,2952.6
India,Cherries,2022,3410.0,10108.72,2964.2
India,Cherries,2023,3405.0,10112.66,2969.7
India,Cherries,2024,3414.0,10114.21,2962.2
India,"Chick peas, dry",2010,8170000.0,7480000.0,915.5
India,"Chick peas, dry",2011,9190000.0,8220000.0,894.5
India,"Chick peas, dry",2012,8320000.0,7700000.0,925.5
India,"Chick peas, dry",2013,8522000.0,8832500.0,1036.4
India,"Chick peas, dry",2014,9927000.0,9530000.0,960.0
India,"Chick peas, dry",2015,8251000.0,7332000.0,888.6
India,"Chick peas, dry",2016,8399000.0,7058000.0,840.3
India,"Chick peas, dry",2017,9626160.0,9377560.0,974.2
India,"Chick peas, dry",2018,10560430.0,11379190.0,1077.5
India,"Chick peas, dry",2019,9547030.0,9937990.0,1041.0
India,"Chick peas, dry",2020,9698750.0,11078500.0,1142.3
India,"Chick peas, dry",2021,9995920.0,11911180.0,1191.6
India,"Chick peas, dry",2022,10740100.0,13543630.0,1261.0
India,"Chick peas, dry",2023,10470862.0,12267289.55,1171.6
India,"Chick peas, dry",2024,9587498.0,11038755.76,1151.4
India,"Chillies and peppers, dry (Capsicum spp., Pimenta spp.), raw",2010,792100.0,1223400.0,1544.5
India,"Chillies and peppers, dry (Capsicum spp., Pimenta spp.), raw",2011,804792.0,1276301.0,1585.9
India,"Chillies and peppers, dry (Capsicum spp., Pimenta spp.), raw",2012,793590.0,1304000.0,1643.2
India,"Chillies and peppers, dry (Capsicum spp., Pimenta spp.), raw",2013,775000.0,1492000.0,1925.2
India,"Chillies and peppers, dry (Capsicum spp., Pimenta spp.), raw",2014,775000.0,1492000.0,1925.2
India,"Chillies and peppers, dry (Capsicum spp., Pimenta spp.), raw",2015,761000.0,1605000.0,2109.1
India,"Chillies and peppers, dry (Capsicum spp., Pimenta spp.), raw",2016,811140.0,1520390.0,1874.4
India,"Chillies and peppers, dry (Capsicum spp., Pimenta spp.), raw",2017,840000.0,2096000.0,2495.2
India,"Chillies and peppers, dry (Capsicum spp., Pimenta spp.), raw",2018,752000.0,2149000.0,2857.7
India,"Chillies and peppers, dry (Capsicum spp., Pimenta spp.), raw",2019,780000.0,1743000.0,2234.6
India,"Chillies and peppers, dry (Capsicum spp., Pimenta spp.), raw",2020,626000.0,1835000.0,2931.3
India,"Chillies and peppers, dry (Capsicum spp., Pimenta spp.), raw",2021,702000.0,2049000.0,2918.8
India,"Chillies and peppers, dry (Capsicum spp., Pimenta spp.), raw",2022,678000.0,1874000.0,2764.0
India,"Chillies and peppers, dry (Capsicum spp., Pimenta spp.), raw",2023,852000.0,2782000.0,3265.3
India,"Chillies and peppers, dry (Capsicum spp., Pimenta spp.), raw",2024,965612.0,2909844.0,3013.5
India,"Chillies and peppers, green (Capsicum spp. and Pimenta spp.)",2010,48258.0,496114.79,10280.6
India,"Chillies and peppers, green (Capsicum spp. and Pimenta spp.)",2011,67157.0,695026.36,10349.3
India,"Chillies and peppers, green (Capsicum spp. and Pimenta spp.)",2012,98174.0,1022798.92,10418.2
India,"Chillies and peppers, green (Capsicum spp. and Pimenta spp.)",2013,134363.0,1409105.49,10487.3
India,"Chillies and peppers, green (Capsicum spp. and Pimenta spp.)",2014,170000.0,1854000.0,10905.9
India,"Chillies and peppers, green (Capsicum spp. and Pimenta spp.)",2015,213000.0,2181000.0,10239.4
India,"Chillies and peppers, green (Capsicum spp. and Pimenta spp.)",2016,338009.0,3243883.13,9597.0
India,"Chillies and peppers, green (Capsicum spp. and Pimenta spp.)",2017,340291.0,3940119.5,11578.7
India,"Chillies and peppers, green (Capsicum spp. and Pimenta spp.)",2018,332922.0,3917850.77,11768.1
India,"Chillies and peppers, green (Capsicum spp. and Pimenta spp.)",2019,410261.0,4279648.92,10431.5
India,"Chillies and peppers, green (Capsicum spp. and Pimenta spp.)",2020,421239.0,4652962.58,11045.9
India,"Chillies and peppers, green (Capsicum spp. and Pimenta spp.)",2021,448055.0,4926144.35,10994.5
India,"Chillies and peppers, green (Capsicum spp. and Pimenta spp.)",2022,464762.0,5304769.0,11413.9
India,"Chillies and peppers, green (Capsicum spp. and Pimenta spp.)",2023,453889.0,5158084.0,11364.2
India,"Chillies and peppers, green (Capsicum spp. and Pimenta spp.)",2024,479679.0,5317989.29,11086.6
India,"Citrus Fruit, Total",2010,1000894.0,9638000.0,9629.4
India,"Citrus Fruit, Total",2011,755300.0,7464000.0,9882.2
India,"Citrus Fruit, Total",2012,815731.0,7921600.0,9711.0
India,"Citrus Fruit, Total",2013,969403.0,10089800.0,10408.3
India,"Citrus Fruit, Total",2014,1019048.0,11146020.0,10937.7
India,"Citrus Fruit, Total",2015,913300.0,11920000.0,13051.6
India,"Citrus Fruit, Total",2016,1000911.0,11580939.07,11570.4
India,"Citrus Fruit, Total",2017,985462.0,11418901.0,11587.4
India,"Citrus Fruit, Total",2018,1001923.0,12545044.31,12521.0
India,"Citrus Fruit, Total",2019,1072756.0,14013166.85,13062.8
India,"Citrus Fruit, Total",2020,1060885.0,14271281.1,13452.2
India,"Citrus Fruit, Total",2021,1097039.0,14244294.0,12984.3
India,"Citrus Fruit, Total",2022,1098000.0,14756000.0,13439.0
India,"Citrus Fruit, Total",2023,1100000.0,14605000.0,13277.3
India,"Citrus Fruit, Total",2024,1125847.0,14552508.0,12925.8
India,Cocoa beans,2010,46300.0,12900.0,278.6
India,Cocoa beans,2011,56500.0,14400.0,254.9
India,Cocoa beans,2012,63000.0,13000.0,206.3
India,Cocoa beans,2013,66000.0,13000.0,197.0
India,Cocoa beans,2014,71000.0,15000.0,211.3
India,Cocoa beans,2015,78000.0,16000.0,205.1
India,Cocoa beans,2016,81000.0,17000.0,209.9
India,Cocoa beans,2017,83000.0,19000.0,228.9
India,Cocoa beans,2018,89000.0,20000.0,224.7
India,Cocoa beans,2019,94000.0,24000.0,255.3
India,Cocoa beans,2020,98000.0,26000.0,265.3
India,Cocoa beans,2021,103000.0,27000.0,262.1
India,Cocoa beans,2022,106000.0,28000.0,264.2
India,Cocoa beans,2023,109000.0,30000.0,275.2
India,Cocoa beans,2024,111036.0,30388.0,273.7
India,Coconut oil,2010,,400000.0,
India,Coconut oil,2011,,400000.0,
India,Coconut oil,2012,,390000.0,
India,Coconut oil,2013,,530000.0,
India,Coconut oil,2014,,480000.0,
India,Coconut oil,2015,,432000.0,
India,Coconut oil,2016,,520000.0,
India,Coconut oil,2017,,601000.0,
India,Coconut oil,2018,,590000.0,
India,Coconut oil,2019,,595000.0,
India,Coconut oil,2020,,595000.0,
India,Coconut oil,2021,,556000.0,
India,Coconut oil,2022,,534000.0,
India,Coconut oil,2023,,549000.0,
India,"Coconuts, in shell",2010,1895900.0,10840000.0,5717.6
India,"Coconuts, in shell",2011,2070820.0,10280000.0,4964.2
India,"Coconuts, in shell",2012,2137000.0,10560000.0,4941.5
India,"Coconuts, in shell",2013,2140000.0,11930000.0,5574.8
India,"Coconuts, in shell",2014,1975800.0,11078873.0,5607.3
India,"Coconuts, in shell",2015,2088500.0,11209641.0,5367.3
India,"Coconuts, in shell",2016,2082000.0,11344306.0,5448.8
India,"Coconuts, in shell",2017,2081000.0,11166772.0,5366.1
India,"Coconuts, in shell",2018,2097000.0,16413000.0,7826.9
India,"Coconuts, in shell",2019,2151000.0,14682000.0,6825.7
India,"Coconuts, in shell",2020,2173000.0,14006000.0,6445.5
India,"Coconuts, in shell",2021,2199000.0,14301000.0,6503.4
India,"Coconuts, in shell",2022,2154000.0,13317000.0,6182.5
India,"Coconuts, in shell",2023,2277000.0,14163000.0,6220.0
India,"Coconuts, in shell",2024,2165203.0,14707567.0,6792.7
India,"Coffee, green",2010,355502.0,289600.0,814.6
India,"Coffee, green",2011,360485.0,302000.0,837.8
India,"Coffee, green",2012,368687.0,314000.0,851.7
India,"Coffee, green",2013,376305.0,318200.0,845.6
India,"Coffee, green",2014,381304.0,304500.0,798.6
India,"Coffee, green",2015,423270.0,327000.0,772.6
India,"Coffee, green",2016,434436.0,348000.0,801.0
India,"Coffee, green",2017,449357.0,312000.0,694.3
India,"Coffee, green",2018,413020.0,316000.0,765.1
India,"Coffee, green",2019,416741.0,319500.0,766.7
India,"Coffee, green",2020,418167.0,298000.0,712.6
India,"Coffee, green",2021,422924.0,334000.0,789.7
India,"Coffee, green",2022,479669.0,352000.0,733.8
India,"Coffee, green",2023,489619.0,360500.0,736.3
India,"Coffee, green",2024,491419.0,363000.0,738.7
India,"Coir, raw",2010,,542000.0,
India,"Coir, raw",2011,,514000.0,
India,"Coir, raw",2012,,528000.0,
India,"Coir, raw",2013,,596500.0,
India,"Coir, raw",2014,,553945.0,
India,"Coir, raw",2015,,560480.0,
India,"Coir, raw",2016,,562432.93,
India,"Coir, raw",2017,,567349.83,
India,"Coir, raw",2018,,715735.0,
India,"Coir, raw",2019,,867119.69,
India,"Coir, raw",2020,,1029200.0,
India,"Coir, raw",2021,,1122000.0,
India,"Coir, raw",2022,,1211246.92,
India,"Coir, raw",2023,,984021.06,
India,"Coir, raw",2024,,1051469.73,
India,"Cotton lint, ginned",2010,,5683000.0,
India,"Cotton lint, ginned",2011,,5984000.0,
India,"Cotton lint, ginned",2012,,5817400.0,
India,"Cotton lint, ginned",2013,,6052000.0,
India,"Cotton lint, ginned",2014,,5916850.0,
India,"Cotton lint, ginned",2015,,5100850.0,
India,"Cotton lint, ginned",2016,,5542000.0,
India,"Cotton lint, ginned",2017,,5538090.0,
India,"Cotton lint, ginned",2018,,5576850.0,
India,"Cotton lint, ginned",2019,,4767140.0,
India,"Cotton lint, ginned",2020,,6131050.0,
India,"Cotton lint, ginned",2021,,5992160.0,
India,"Cotton lint, ginned",2022,,5722231.51,
India,"Cotton lint, ginned",2023,,5528743.7,
India,Cotton seed,2010,,11543800.0,
India,Cotton seed,2011,,12465800.0,
India,Cotton seed,2012,,11816600.0,
India,Cotton seed,2013,,12293100.0,
India,Cotton seed,2014,,12017000.0,
India,Cotton seed,2015,,10363000.0,
India,Cotton seed,2016,,11250000.0,
India,Cotton seed,2017,,11848000.0,
India,Cotton seed,2018,,9889000.0,
India,Cotton seed,2019,,11400000.0,
India,Cotton seed,2020,,11500000.0,
India,Cotton seed,2021,,11200000.0,
India,Cotton seed,2022,,9700000.0,
India,Cotton seed,2023,,10600000.0,
India,Cottonseed oil,2010,,1089000.0,
India,Cottonseed oil,2011,,1162000.0,
India,Cottonseed oil,2012,,1157000.0,
India,Cottonseed oil,2013,,1240000.0,
India,Cottonseed oil,2014,,1215000.0,
India,Cottonseed oil,2015,,1005000.0,
India,Cottonseed oil,2016,,1224000.0,
India,Cottonseed oil,2017,,1264000.0,
India,Cottonseed oil,2018,,1123000.0,
India,Cottonseed oil,2019,,1271000.0,
India,Cottonseed oil,2020,,1221000.0,
India,Cottonseed oil,2021,,1078000.0,
India,Cottonseed oil,2022,,1166000.0,
India,Cottonseed oil,2023,,1127000.0,
India,"Cream, fresh",2010,,1404.27,
India,"Cream, fresh",2011,,1492.21,
India,"Cream, fresh",2012,,1528.89,
India,"Cream, fresh",2013,,1575.49,
India,"Cream, fresh",2014,,1766.62,
India,"Cream, fresh",2015,,1837.97,
India,"Cream, fresh",2016,,1937.78,
India,"Cream, fresh",2017,,2128.92,
India,"Cream, fresh",2018,,2252.59,
India,"Cream, fresh",2019,,2421.09,
India,"Cream, fresh",2020,,2822.4,
India,"Cream, fresh",2021,,2750.44,
India,"Cream, fresh",2022,,8820.0,
India,"Cream, fresh",2023,,11172.0,
India,Cucumbers and gherkins,2010,35632.0,490660.46,13770.2
India,Cucumbers and gherkins,2011,35000.0,525000.0,15000.0
India,Cucumbers and gherkins,2012,40000.0,607000.0,15175.0
India,Cucumbers and gherkins,2013,41000.0,641000.0,15634.1
India,Cucumbers and gherkins,2014,43000.0,678000.0,15767.4
India,Cucumbers and gherkins,2015,43000.0,678000.0,15767.4
India,Cucumbers and gherkins,2016,71348.0,1201839.55,16844.7
India,Cucumbers and gherkins,2017,73990.0,1141594.6,15429.0
India,Cucumbers and gherkins,2018,82042.0,1259942.65,15357.3
India,Cucumbers and gherkins,2019,104582.0,1588385.0,15187.9
India,Cucumbers and gherkins,2020,112026.0,1655937.3,14781.7
India,Cucumbers and gherkins,2021,116615.0,1651915.3,14165.5
India,Cucumbers and gherkins,2022,119131.0,1694209.0,14221.4
India,Cucumbers and gherkins,2023,127493.0,1711715.0,13426.0
India,Cucumbers and gherkins,2024,139486.0,2050135.0,14697.8
India,"Edible offal of buffalo, fresh, chilled or frozen",2010,,525568.18,
India,"Edible offal of buffalo, fresh, chilled or frozen",2011,,556345.45,
India,"Edible offal of buffalo, fresh, chilled or frozen",2012,,587122.73,
India,"Edible offal of buffalo, fresh, chilled or frozen",2013,,639090.91,
India,"Edible offal of buffalo, fresh, chilled or frozen",2014,,672727.27,
India,"Edible offal of buffalo, fresh, chilled or frozen",2015,,686181.82,
India,"Edible offal of buffalo, fresh, chilled or frozen",2016,,701318.18,
India,"Edible offal of buffalo, fresh, chilled or frozen",2017,,711409.09,
India,"Edible offal of buffalo, fresh, chilled or frozen",2018,,713090.91,
India,"Edible offal of buffalo, fresh, chilled or frozen",2019,,718136.36,
India,"Edible offal of buffalo, fresh, chilled or frozen",2020,,632363.64,
India,"Edible offal of buffalo, fresh, chilled or frozen",2021,,705522.73,
India,"Edible offal of buffalo, fresh, chilled or frozen",2022,,731590.91,
India,"Edible offal of buffalo, fresh, chilled or frozen",2023,,751772.73,
India,"Edible offal of buffalo, fresh, chilled or frozen",2024,,767750.0,
India,"Edible offal of goat, fresh, chilled or frozen",2010,,104341.36,
India,"Edible offal of goat, fresh, chilled or frozen",2011,,109302.0,
India,"Edible offal of goat, fresh, chilled or frozen",2012,,114436.71,
India,"Edible offal of goat, fresh, chilled or frozen",2013,,124970.7,
India,"Edible offal of goat, fresh, chilled or frozen",2014,,137950.53,
India,"Edible offal of goat, fresh, chilled or frozen",2015,,140180.59,
India,"Edible offal of goat, fresh, chilled or frozen",2016,,147699.81,
India,"Edible offal of goat, fresh, chilled or frozen",2017,,155198.08,
India,"Edible offal of goat, fresh, chilled or frozen",2018,,165684.6,
India,"Edible offal of goat, fresh, chilled or frozen",2019,,177995.76,
India,"Edible offal of goat, fresh, chilled or frozen",2020,,182984.82,
India,"Edible offal of goat, fresh, chilled or frozen",2021,,191058.45,
India,"Edible offal of goat, fresh, chilled or frozen",2022,,213328.11,
India,"Edible offal of goat, fresh, chilled or frozen",2023,,239785.49,
India,"Edible offal of goat, fresh, chilled or frozen",2024,,259983.04,
India,"Edible offal of pigs, fresh, chilled or frozen",2010,,37100.0,
India,"Edible offal of pigs, fresh, chilled or frozen",2011,,36400.0,
India,"Edible offal of pigs, fresh, chilled or frozen",2012,,35700.0,
India,"Edible offal of pigs, fresh, chilled or frozen",2013,,35350.0,
India,"Edible offal of pigs, fresh, chilled or frozen",2014,,35000.08,
India,"Edible offal of pigs, fresh, chilled or frozen",2015,,36168.58,
India,"Edible offal of pigs, fresh, chilled or frozen",2016,,36716.77,
India,"Edible offal of pigs, fresh, chilled or frozen",2017,,38160.84,
India,"Edible offal of pigs, fresh, chilled or frozen",2018,,40446.0,
India,"Edible offal of pigs, fresh, chilled or frozen",2019,,41414.0,
India,"Edible offal of pigs, fresh, chilled or frozen",2020,,37983.95,
India,"Edible offal of pigs, fresh, chilled or frozen",2021,,36563.0,
India,"Edible offal of pigs, fresh, chilled or frozen",2022,,37615.0,
India,"Edible offal of pigs, fresh, chilled or frozen",2023,,38179.0,
India,"Edible offal of pigs, fresh, chilled or frozen",2024,,37157.21,
India,"Edible offal of sheep, fresh, chilled or frozen",2010,,46213.87,
India,"Edible offal of sheep, fresh, chilled or frozen",2011,,49918.74,
India,"Edible offal of sheep, fresh, chilled or frozen",2012,,53434.22,
India,"Edible offal of sheep, fresh, chilled or frozen",2013,,61611.05,
India,"Edible offal of sheep, fresh, chilled or frozen",2014,,66624.89,
India,"Edible offal of sheep, fresh, chilled or frozen",2015,,73886.32,
India,"Edible offal of sheep, fresh, chilled or frozen",2016,,80421.36,
India,"Edible offal of sheep, fresh, chilled or frozen",2017,,87010.43,
India,"Edible offal of sheep, fresh, chilled or frozen",2018,,85376.52,
India,"Edible offal of sheep, fresh, chilled or frozen",2019,,96863.48,
India,"Edible offal of sheep, fresh, chilled or frozen",2020,,111216.52,
India,"Edible offal of sheep, fresh, chilled or frozen",2021,,120901.48,
India,"Edible offal of sheep, fresh, chilled or frozen",2022,,129250.37,
India,"Edible offal of sheep, fresh, chilled or frozen",2023,,143738.15,
India,"Edible offal of sheep, fresh, chilled or frozen",2024,,162702.35,
India,Eggplants (aubergines),2010,612400.0,10563000.0,17248.5
India,Eggplants (aubergines),2011,680000.0,11896000.0,17494.1
India,Eggplants (aubergines),2012,692000.0,12634000.0,18257.2
India,Eggplants (aubergines),2013,722000.0,13444000.0,18620.5
India,Eggplants (aubergines),2014,711310.0,13557820.0,19060.4
India,Eggplants (aubergines),2015,673000.0,12589000.0,18705.8
India,Eggplants (aubergines),2016,663000.0,12515000.0,18876.3
India,Eggplants (aubergines),2017,733000.0,12510000.0,17066.8
India,Eggplants (aubergines),2018,730000.0,12801000.0,17535.6
India,Eggplants (aubergines),2019,727000.0,12680000.0,17441.5
India,Eggplants (aubergines),2020,744000.0,12682000.0,17045.7
India,Eggplants (aubergines),2021,749000.0,12874000.0,17188.3
India,Eggplants (aubergines),2022,675000.0,12765000.0,18911.1
India,Eggplants (aubergines),2023,681000.0,12792000.0,18784.1
India,Eggplants (aubergines),2024,683138.0,12998367.0,19027.4
India,Eggs Primary,2010,,3378100.0,
India,Eggs Primary,2011,,3466340.0,
India,Eggs Primary,2012,,3655000.0,
India,Eggs Primary,2013,,3835205.0,
India,Eggs Primary,2014,,4111360.0,
India,Eggs Primary,2015,,4316620.0,
India,Eggs Primary,2016,,4561000.0,
India,Eggs Primary,2017,,4847500.0,
India,Eggs Primary,2018,,5236935.0,
India,Eggs Primary,2019,,6291070.55,
India,Eggs Primary,2020,,6712675.41,
India,Eggs Primary,2021,,7128000.0,
India,Eggs Primary,2022,,7610695.29,
India,Eggs Primary,2023,,7852438.17,
India,Eggs Primary,2024,,8101885.0,
India,Evaporated & Condensed Milk,2010,,689.47,
India,Evaporated & Condensed Milk,2011,,738.63,
India,Evaporated & Condensed Milk,2012,,756.74,
India,Evaporated & Condensed Milk,2013,,788.34,
India,Evaporated & Condensed Milk,2014,,882.81,
India,Evaporated & Condensed Milk,2015,,920.44,
India,Evaporated & Condensed Milk,2016,,970.08,
India,Evaporated & Condensed Milk,2017,,1064.74,
India,Evaporated & Condensed Milk,2018,,1127.52,
India,Evaporated & Condensed Milk,2019,,1205.39,
India,Evaporated & Condensed Milk,2020,,1404.86,
India,Evaporated & Condensed Milk,2021,,1369.23,
India,Evaporated & Condensed Milk,2022,,3253.48,
India,Evaporated & Condensed Milk,2023,,3972.93,
India,Fat of pigs,2010,,26500.0,
India,Fat of pigs,2011,,26000.0,
India,Fat of pigs,2012,,25500.0,
India,Fat of pigs,2013,,25250.0,
India,Fat of pigs,2014,,25000.05,
India,Fat of pigs,2015,,25834.7,
India,Fat of pigs,2016,,26226.27,
India,Fat of pigs,2017,,27257.74,
India,Fat of pigs,2018,,28890.0,
India,Fat of pigs,2019,,29581.43,
India,Fat of pigs,2020,,27131.39,
India,Fat of pigs,2021,,26116.43,
India,Fat of pigs,2022,,26867.86,
India,Fat of pigs,2023,,27270.71,
India,Fat of pigs,2024,,26540.86,
India,"Fibre Crops, Fibre Equivalent",2010,11996630.0,8121500.0,677.0
India,"Fibre Crops, Fibre Equivalent",2011,13069000.0,8788380.0,672.5
India,"Fibre Crops, Fibre Equivalent",2012,12867000.0,8387650.0,651.9
India,"Fibre Crops, Fibre Equivalent",2013,12590000.0,8671550.0,688.8
India,"Fibre Crops, Fibre Equivalent",2014,13912325.0,8542733.65,614.0
India,"Fibre Crops, Fibre Equivalent",2015,12724031.0,7467792.99,586.9
India,"Fibre Crops, Fibre Equivalent",2016,11655613.0,8015041.41,687.7
India,"Fibre Crops, Fibre Equivalent",2017,13222451.0,8078499.62,611.0
India,"Fibre Crops, Fibre Equivalent",2018,13357482.0,6957671.61,520.9
India,"Fibre Crops, Fibre Equivalent",2019,13366599.0,8307034.48,621.5
India,"Fibre Crops, Fibre Equivalent",2020,14191861.0,8008556.07,564.3
India,"Fibre Crops, Fibre Equivalent",2021,13994251.0,7734768.22,552.7
India,"Fibre Crops, Fibre Equivalent",2022,13632641.0,6880131.05,504.7
India,"Fibre Crops, Fibre Equivalent",2023,13372697.0,7414696.66,554.5
India,"Fibre Crops, Fibre Equivalent",2024,12071915.0,6764295.25,560.3
India,Figs,2010,5407.0,13282.88,2456.7
India,Figs,2011,5451.0,13502.7,2477.2
India,Figs,2012,5500.0,13737.36,2497.7
India,Figs,2013,5500.0,13850.09,2518.2
India,Figs,2014,5600.0,14144.94,2525.9
India,Figs,2015,5649.0,14295.15,2530.3
India,Figs,2016,5650.0,14354.24,2540.7
India,Figs,2017,5667.0,14462.78,2552.3
India,Figs,2018,5691.0,14574.59,2560.8
India,Figs,2019,5716.0,14683.16,2568.9
India,Figs,2020,5758.0,14833.44,2576.1
India,Figs,2021,5900.0,14697.07,2491.1
India,Figs,2022,5944.0,14737.89,2479.5
India,Figs,2023,5867.0,14756.13,2515.0
India,Figs,2024,5904.0,14730.36,2495.2
India,Fruit Primary,2010,6614831.0,77829677.64,11765.9
India,Fruit Primary,2011,6150804.0,73689727.29,11980.5
India,Fruit Primary,2012,6439591.0,75202862.92,11678.2
India,Fruit Primary,2013,6805374.0,82342957.68,12099.7
India,Fruit Primary,2014,7028918.0,88762535.89,12628.2
India,Fruit Primary,2015,6076460.0,89449800.61,14720.7
India,Fruit Primary,2016,6189868.0,89990749.27,14538.4
India,Fruit Primary,2017,6264524.0,92668474.57,14792.6
India,Fruit Primary,2018,6406346.0,96179984.08,15013.2
India,Fruit Primary,2019,6539746.0,98312568.81,15033.1
India,Fruit Primary,2020,6659054.0,101531133.48,15247.1
India,Fruit Primary,2021,6826863.0,102233663.77,14975.2
India,Fruit Primary,2022,6958824.0,107037391.75,15381.5
India,Fruit Primary,2023,6933573.0,109924677.3,15854.0
India,Fruit Primary,2024,7045828.0,112907641.03,16024.8
India,Ghee from buffalo milk,2010,,2568000.0,
India,Ghee from buffalo milk,2011,,2610000.0,
India,Ghee from buffalo milk,2012,,2727000.0,
India,Ghee from buffalo milk,2013,,2863000.0,
India,Ghee from buffalo milk,2014,,2949000.0,
India,Ghee from buffalo milk,2015,,3038000.0,
India,Ghee from buffalo milk,2016,,3129000.0,
India,Ghee from buffalo milk,2017,,3254000.0,
India,Ghee from buffalo milk,2018,,3384000.0,
India,Ghee from buffalo milk,2019,,3592079.49,
India,Ghee from buffalo milk,2020,,3621201.24,
India,Ghee from buffalo milk,2021,,4011310.72,
India,Ghee from buffalo milk,2022,,3897888.21,
India,Ghee from buffalo milk,2023,,3949183.84,
India,Ghee from cow milk,2010,,115074.65,
India,Ghee from cow milk,2011,,121192.98,
India,Ghee from cow milk,2012,,125345.37,
India,Ghee from cow milk,2013,,130214.89,
India,Ghee from cow milk,2014,,139754.74,
India,Ghee from cow milk,2015,,155084.15,
India,Ghee from cow milk,2016,,164170.32,
India,Ghee from cow milk,2017,,175970.99,
India,Ghee from cow milk,2018,,189011.07,
India,Ghee from cow milk,2019,,203149.39,
India,Ghee from cow milk,2020,,236822.64,
India,Ghee from cow milk,2021,,230785.0,
India,Ghee from cow milk,2022,,375000.0,
India,Ghee from cow milk,2023,,427500.0,
India,"Ginger, raw",2010,107540.0,385330.0,3583.1
India,"Ginger, raw",2011,149100.0,702000.0,4708.2
India,"Ginger, raw",2012,155000.0,756000.0,4877.4
India,"Ginger, raw",2013,136000.0,683000.0,5022.1
India,"Ginger, raw",2014,133000.0,655000.0,4924.8
India,"Ginger, raw",2015,142000.0,760000.0,5352.1
India,"Ginger, raw",2016,165000.0,1109000.0,6721.2
India,"Ginger, raw",2017,168000.0,1070000.0,6369.0
India,"Ginger, raw",2018,165000.0,1762000.0,10678.8
India,"Ginger, raw",2019,164000.0,1788000.0,10902.4
India,"Ginger, raw",2020,178000.0,1868000.0,10494.4
India,"Ginger, raw",2021,205000.0,2225000.0,10853.7
India,"Ginger, raw",2022,210000.0,2503000.0,11919.0
India,"Ginger, raw",2023,191000.0,2201000.0,11523.6
India,"Ginger, raw",2024,194243.0,2333000.0,12010.7
India,"Goat fat, unrendered",2010,,27656.75,
India,"Goat fat, unrendered",2011,,28971.61,
India,"Goat fat, unrendered",2012,,30332.62,
India,"Goat fat, unrendered",2013,,33124.76,
India,"Goat fat, unrendered",2014,,36565.2,
India,"Goat fat, unrendered",2015,,37156.3,
India,"Goat fat, unrendered",2016,,39149.35,
India,"Goat fat, unrendered",2017,,41136.84,
India,"Goat fat, unrendered",2018,,43916.4,
India,"Goat fat, unrendered",2019,,47179.6,
India,"Goat fat, unrendered",2020,,48502.0,
India,"Goat fat, unrendered",2021,,50642.0,
India,"Goat fat, unrendered",2022,,56544.8,
India,"Goat fat, unrendered",2023,,63557.6,
India,"Goat fat, unrendered",2024,,68911.17,
India,Grapes,2010,106400.0,880700.0,8277.3
India,Grapes,2011,111000.0,1235000.0,11126.1
India,Grapes,2012,116000.0,2221000.0,19146.6
India,Grapes,2013,118000.0,2483000.0,21042.4
India,Grapes,2014,118740.0,2585340.0,21773.1
India,Grapes,2015,120000.0,2602000.0,21683.3
India,Grapes,2016,122000.0,2590000.0,21229.5
India,Grapes,2017,137000.0,2922000.0,21328.5
India,Grapes,2018,139000.0,2920000.0,21007.2
India,Grapes,2019,140000.0,3041000.0,21721.4
India,Grapes,2020,150000.0,3181000.0,21206.7
India,Grapes,2021,155000.0,3358000.0,21664.5
India,Grapes,2022,163000.0,3401000.0,20865.0
India,Grapes,2023,169000.0,3740000.0,22130.2
India,Grapes,2024,179629.0,3904287.0,21735.3
India,Green garlic,2010,164860.0,833970.0,5058.7
India,Green garlic,2011,200600.0,1057800.0,5273.2
India,Green garlic,2012,242000.0,1228000.0,5074.4
India,Green garlic,2013,248000.0,1259000.0,5076.6
India,Green garlic,2014,231000.0,1252000.0,5419.9
India,Green garlic,2015,262000.0,1425000.0,5438.9
India,Green garlic,2016,281000.0,1617000.0,5754.4
India,Green garlic,2017,321000.0,1693000.0,5274.1
India,Green garlic,2018,317000.0,1611000.0,5082.0
India,Green garlic,2019,358000.0,2910000.0,8128.5
India,Green garlic,2020,352000.0,2925000.0,8309.7
India,Green garlic,2021,392000.0,3190000.0,8137.8
India,Green garlic,2022,393000.0,3208000.0,8162.8
India,Green garlic,2023,389000.0,3316000.0,8524.4
India,Green garlic,2024,387000.0,3239000.0,8369.5
India,"Green tea (not fermented), black tea (fermented) and partly fermented tea, in immediate packings of a content not exceeding 3 kg",2010,,991182.0,
India,"Green tea (not fermented), black tea (fermented) and partly fermented tea, in immediate packings of a content not exceeding 3 kg",2011,,1095460.0,
India,"Green tea (not fermented), black tea (fermented) and partly fermented tea, in immediate packings of a content not exceeding 3 kg",2012,,1135070.0,
India,"Green tea (not fermented), black tea (fermented) and partly fermented tea, in immediate packings of a content not exceeding 3 kg",2013,,1208780.0,
India,"Green tea (not fermented), black tea (fermented) and partly fermented tea, in immediate packings of a content not exceeding 3 kg",2014,,1207310.0,
India,"Green tea (not fermented), black tea (fermented) and partly fermented tea, in immediate packings of a content not exceeding 3 kg",2015,,1233140.0,
India,"Green tea (not fermented), black tea (fermented) and partly fermented tea, in immediate packings of a content not exceeding 3 kg",2016,,1250490.0,
India,"Green tea (not fermented), black tea (fermented) and partly fermented tea, in immediate packings of a content not exceeding 3 kg",2017,,1325050.0,
India,"Green tea (not fermented), black tea (fermented) and partly fermented tea, in immediate packings of a content not exceeding 3 kg",2018,,1338630.0,
India,"Green tea (not fermented), black tea (fermented) and partly fermented tea, in immediate packings of a content not exceeding 3 kg",2019,,1390080.0,
India,"Green tea (not fermented), black tea (fermented) and partly fermented tea, in immediate packings of a content not exceeding 3 kg",2020,,1261545.0,
India,"Green tea (not fermented), black tea (fermented) and partly fermented tea, in immediate packings of a content not exceeding 3 kg",2021,,1348748.0,
India,"Green tea (not fermented), black tea (fermented) and partly fermented tea, in immediate packings of a content not exceeding 3 kg",2022,,1372835.0,
India,"Green tea (not fermented), black tea (fermented) and partly fermented tea, in immediate packings of a content not exceeding 3 kg",2023,,1399840.0,
India,Groundnut oil,2010,,1901000.0,
India,Groundnut oil,2011,,1602000.0,
India,Groundnut oil,2012,,1080000.0,
India,Groundnut oil,2013,,2234000.0,
India,Groundnut oil,2014,,1702000.0,
India,Groundnut oil,2015,,1527000.0,
India,Groundnut oil,2016,,2474000.0,
India,Groundnut oil,2017,,2581000.0,
India,Groundnut oil,2018,,2897000.0,
India,Groundnut oil,2019,,2828000.0,
India,Groundnut oil,2020,,2323000.0,
India,Groundnut oil,2021,,2299000.0,
India,Groundnut oil,2022,,2335000.0,
India,Groundnut oil,2023,,2309000.0,
India,"Groundnuts, excluding shelled",2010,5838926.0,8220044.0,1407.8
India,"Groundnuts, excluding shelled",2011,5194787.0,6748930.0,1299.2
India,"Groundnuts, excluding shelled",2012,4878786.0,5024979.0,1030.0
India,"Groundnuts, excluding shelled",2013,5435277.0,9565085.0,1759.8
India,"Groundnuts, excluding shelled",2014,4873290.0,7586420.0,1556.7
India,"Groundnuts, excluding shelled",2015,4592970.0,6838734.6,1489.0
India,"Groundnuts, excluding shelled",2016,5336989.0,7413461.75,1389.1
India,"Groundnuts, excluding shelled",2017,4901613.0,9009250.45,1838.0
India,"Groundnuts, excluding shelled",2018,4877613.0,7044182.42,1444.2
India,"Groundnuts, excluding shelled",2019,4759309.0,9729153.53,2044.2
India,"Groundnuts, excluding shelled",2020,5836201.0,10091481.06,1729.1
India,"Groundnuts, excluding shelled",2021,5756262.0,10150062.65,1763.3
India,"Groundnuts, excluding shelled",2022,5054547.0,10262311.03,2030.3
India,"Groundnuts, excluding shelled",2023,4742079.0,10395061.13,2192.1
India,"Groundnuts, excluding shelled",2024,5656278.0,11945539.43,2111.9
India,"Hen eggs in shell, fresh",2010,,3378100.0,202.0
India,"Hen eggs in shell, fresh",2011,,3466340.0,205.0
India,"Hen eggs in shell, fresh",2012,,3655000.0,206.0
India,"Hen eggs in shell, fresh",2013,,3835205.0,215.0
India,"Hen eggs in shell, fresh",2014,,4111360.0,230.0
India,"Hen eggs in shell, fresh",2015,,4316620.0,208.0
India,"Hen eggs in shell, fresh",2016,,4561000.0,217.0
India,"Hen eggs in shell, fresh",2017,,4847500.0,239.0
India,"Hen eggs in shell, fresh",2018,,5236935.0,234.0
India,"Hen eggs in shell, fresh",2019,,6291070.55,218.0
India,"Hen eggs in shell, fresh",2020,,6712675.41,218.0
India,"Hen eggs in shell, fresh",2021,,7128000.0,218.0
India,"Hen eggs in shell, fresh",2022,,7610695.29,219.0
India,"Hen eggs in shell, fresh",2023,,7852438.17,219.0
India,"Hen eggs in shell, fresh",2024,,8101885.0,218.0
India,"Jute, raw or retted",2010,767630.0,1799100.0,2343.7
India,"Jute, raw or retted",2011,800000.0,1960380.0,2450.5
India,"Jute, raw or retted",2012,800000.0,1912000.0,2390.0
India,"Jute, raw or retted",2013,800000.0,1944000.0,2430.0
India,"Jute, raw or retted",2014,741000.0,1968000.0,2655.9
India,"Jute, raw or retted",2015,773000.0,1789200.0,2314.6
India,"Jute, raw or retted",2016,735827.0,1853749.2,2519.3
India,"Jute, raw or retted",2017,706070.0,1877760.0,2659.5
India,"Jute, raw or retted",2018,685750.0,1726380.0,2517.5
India,"Jute, raw or retted",2019,665300.0,1709460.0,2569.5
India,"Jute, raw or retted",2020,628390.0,1700820.0,2706.6
India,"Jute, raw or retted",2021,621860.0,1611540.0,2591.5
India,"Jute, raw or retted",2022,619083.0,1528140.63,2468.4
India,"Jute, raw or retted",2023,598478.0,1572800.93,2628.0
India,"Jute, raw or retted",2024,538458.0,1412390.45,2623.0
India,"Kenaf, and other textile bast fibres, raw or retted",2010,87000.0,106400.0,1223.0
India,"Kenaf, and other textile bast fibres, raw or retted",2011,91000.0,115700.0,1271.4
India,"Kenaf, and other textile bast fibres, raw or retted",2012,87000.0,113000.0,1298.9
India,"Kenaf, and other textile bast fibres, raw or retted",2013,100000.0,108000.0,1080.0
India,"Kenaf, and other textile bast fibres, raw or retted",2014,88325.0,103933.65,1176.7
India,"Kenaf, and other textile bast fibres, raw or retted",2015,81031.0,98542.99,1216.1
India,"Kenaf, and other textile bast fibres, raw or retted",2016,89785.0,103492.21,1152.7
India,"Kenaf, and other textile bast fibres, raw or retted",2017,86381.0,101989.62,1180.7
India,"Kenaf, and other textile bast fibres, raw or retted",2018,85732.0,101341.61,1182.1
India,"Kenaf, and other textile bast fibres, raw or retted",2019,87299.0,102274.48,1171.5
India,"Kenaf, and other textile bast fibres, raw or retted",2020,86471.0,101868.57,1178.1
India,"Kenaf, and other textile bast fibres, raw or retted",2021,86501.0,101828.22,1177.2
India,"Kenaf, and other textile bast fibres, raw or retted",2022,86757.0,101990.42,1175.6
India,"Kenaf, and other textile bast fibres, raw or retted",2023,86576.0,101895.74,1176.9
India,"Kenaf, and other textile bast fibres, raw or retted",2024,86611.0,101904.79,1176.6
India,Kiwi fruit,2011,500.0,1000.0,2000.0
India,Kiwi fruit,2012,3000.0,6000.0,2000.0
India,Kiwi fruit,2013,4000.0,7000.0,1750.0
India,Kiwi fruit,2014,5000.0,8000.0,1600.0
India,Kiwi fruit,2015,5000.0,8000.0,1600.0
India,Kiwi fruit,2016,4249.0,10646.34,2505.6
India,Kiwi fruit,2017,4189.0,11991.0,2862.5
India,Kiwi fruit,2018,4322.0,12037.0,2785.1
India,Kiwi fruit,2019,4514.0,12524.61,2774.9
India,Kiwi fruit,2020,4646.0,13781.11,2966.5
India,Kiwi fruit,2021,4874.0,15946.0,3271.6
India,Kiwi fruit,2022,5094.0,15840.0,3109.5
India,Kiwi fruit,2023,5442.0,18014.0,3310.2
India,Kiwi fruit,2024,4342.0,17330.07,3991.3
India,Lemons and limes,2010,295600.0,2629200.0,8894.5
India,Lemons and limes,2011,219000.0,2108000.0,9625.6
India,Lemons and limes,2012,234000.0,2272100.0,9709.8
India,Lemons and limes,2013,255200.0,2523500.0,9888.3
India,Lemons and limes,2014,286410.0,2835020.0,9898.5
India,Lemons and limes,2015,268000.0,2950000.0,11007.5
India,Lemons and limes,2016,245000.0,2438000.0,9951.0
India,Lemons and limes,2017,248000.0,2364000.0,9532.3
India,Lemons and limes,2018,286000.0,3148000.0,11007.0
India,Lemons and limes,2019,305000.0,3482000.0,11416.4
India,Lemons and limes,2020,322000.0,3687000.0,11450.3
India,Lemons and limes,2021,327000.0,3548000.0,10850.2
India,Lemons and limes,2022,313000.0,3776000.0,12063.9
India,Lemons and limes,2023,312000.0,3787000.0,12137.8
India,Lemons and limes,2024,319043.0,3835727.0,12022.6
India,"Lentils, dry",2010,1479400.0,1031600.0,697.3
India,"Lentils, dry",2011,1597400.0,943800.0,590.8
India,"Lentils, dry",2012,1562000.0,1058700.0,677.8
India,"Lentils, dry",2013,1423000.0,1134000.0,796.9
India,"Lentils, dry",2014,1341000.0,1017000.0,758.4
India,"Lentils, dry",2015,1469000.0,1035000.0,704.6
India,"Lentils, dry",2016,1276000.0,976000.0,764.9
India,"Lentils, dry",2017,1461140.0,1223850.0,837.6
India,"Lentils, dry",2018,1549210.0,1621810.0,1046.9
India,"Lentils, dry",2019,1362720.0,1227820.0,901.0
India,"Lentils, dry",2020,1302690.0,1103030.0,846.7
India,"Lentils, dry",2021,1468310.0,1493850.0,1017.4
India,"Lentils, dry",2022,1411920.0,1268830.0,898.7
India,"Lentils, dry",2023,1636781.0,1558636.62,952.3
India,"Lentils, dry",2024,1742671.0,1791435.76,1028.0
India,Lettuce and chicory,2010,160078.0,1023292.85,6392.5
India,Lettuce and chicory,2011,164054.0,1047525.57,6385.2
India,Lettuce and chicory,2012,170000.0,1075000.0,6323.5
India,Lettuce and chicory,2013,170000.0,1080000.0,6352.9
India,Lettuce and chicory,2014,172439.0,1095119.75,6350.8
India,Lettuce and chicory,2015,181630.0,1152478.67,6345.2
India,Lettuce and chicory,2016,174690.0,1109199.48,6349.5
India,Lettuce and chicory,2017,179113.0,1134650.53,6334.8
India,Lettuce and chicory,2018,181124.0,1144583.0,6319.3
India,Lettuce and chicory,2019,182759.0,1152790.6,6307.7
India,Lettuce and chicory,2020,184619.0,1162290.76,6295.6
India,Lettuce and chicory,2021,188255.0,1185708.24,6298.4
India,Lettuce and chicory,2022,185211.0,1166929.86,6300.5
India,Lettuce and chicory,2023,186028.0,1171642.95,6298.2
India,Lettuce and chicory,2024,186498.0,1174760.35,6299.0
India,Linseed,2010,342000.0,153700.0,449.4
India,Linseed,2011,359000.0,147000.0,409.5
India,Linseed,2012,323000.0,152000.0,470.6
India,Linseed,2013,296000.0,147000.0,496.6
India,Linseed,2014,293070.0,141730.0,483.6
India,Linseed,2015,285000.0,155000.0,543.9
India,Linseed,2016,298000.0,125000.0,419.5
India,Linseed,2017,325220.0,184250.0,566.5
India,Linseed,2018,326180.0,173760.0,532.7
India,Linseed,2019,172710.0,99070.0,573.6
India,Linseed,2020,179900.0,120670.0,670.8
India,Linseed,2021,174870.0,111360.0,636.8
India,Linseed,2022,196900.0,126420.0,642.1
India,Linseed,2023,238731.0,166753.17,698.5
India,Linseed,2024,174975.0,112692.61,644.0
India,Maize (corn),2010,8480267.0,21063550.6,2483.8
India,Maize (corn),2011,8652320.0,21574657.4,2493.5
India,Maize (corn),2012,8615188.0,21477569.0,2493.0
India,Maize (corn),2013,8767898.0,23198940.44,2645.9
India,Maize (corn),2014,9319980.0,24127852.08,2588.8
India,Maize (corn),2015,8801813.0,23212166.9,2637.2
India,Maize (corn),2016,9467938.0,25433487.4,2686.3
India,Maize (corn),2017,9225196.0,27099085.11,2937.5
India,Maize (corn),2018,9276951.0,28048097.7,3023.4
India,Maize (corn),2019,9249478.0,27730830.78,2998.1
India,Maize (corn),2020,9771598.0,30891725.28,3161.4
India,Maize (corn),2021,9921097.0,32772407.24,3303.3
India,Maize (corn),2022,10226318.0,34722657.26,3395.4
India,Maize (corn),2023,11019656.0,36656692.78,3326.5
India,Maize (corn),2024,11349065.0,40230572.74,3544.8
India,"Mangoes, guavas and mangosteens",2010,2516700.0,17759500.0,7056.7
India,"Mangoes, guavas and mangosteens",2011,2502000.0,17650000.0,7054.4
India,"Mangoes, guavas and mangosteens",2012,2598000.0,18706000.0,7200.2
India,"Mangoes, guavas and mangosteens",2013,2736000.0,21200000.0,7748.5
India,"Mangoes, guavas and mangosteens",2014,2784000.0,22099000.0,7937.9
India,"Mangoes, guavas and mangosteens",2015,2409000.0,22521000.0,9348.7
India,"Mangoes, guavas and mangosteens",2016,2463430.0,22690327.08,9210.9
India,"Mangoes, guavas and mangosteens",2017,2472308.0,23332591.0,9437.6
India,"Mangoes, guavas and mangosteens",2018,2527152.0,24965999.18,9879.1
India,"Mangoes, guavas and mangosteens",2019,2572056.0,25630690.5,9965.1
India,"Mangoes, guavas and mangosteens",2020,2586382.0,24677842.12,9541.5
India,"Mangoes, guavas and mangosteens",2021,2624906.0,24968289.83,9512.1
India,"Mangoes, guavas and mangosteens",2022,2704000.0,26299000.0,9726.0
India,"Mangoes, guavas and mangosteens",2023,2698000.0,26236000.0,9724.2
India,"Mangoes, guavas and mangosteens",2024,2757664.0,27766261.0,10068.8
India,Margarine and shortening,2010,,1122000.0,
India,Margarine and shortening,2011,,827000.0,
India,Margarine and shortening,2012,,930000.0,
India,Margarine and shortening,2013,,815500.0,
India,Margarine and shortening,2014,,887500.0,
India,Margarine and shortening,2015,,1045800.0,
India,Margarine and shortening,2016,,939000.0,
India,Margarine and shortening,2017,,859600.0,
India,Margarine and shortening,2018,,573600.0,
India,Margarine and shortening,2019,,574400.0,
India,Margarine and shortening,2020,,497100.0,
India,Margarine and shortening,2021,,483000.0,
India,Margarine and shortening,2022,,436000.0,
India,Margarine and shortening,2023,,445000.0,
India,"Meat of buffalo, fresh or chilled",2010,,3125000.0,
India,"Meat of buffalo, fresh or chilled",2011,,3308000.0,
India,"Meat of buffalo, fresh or chilled",2012,,3491000.0,
India,"Meat of buffalo, fresh or chilled",2013,,3800000.0,
India,"Meat of buffalo, fresh or chilled",2014,,4000000.0,
India,"Meat of buffalo, fresh or chilled",2015,,4080000.0,
India,"Meat of buffalo, fresh or chilled",2016,,4170000.0,
India,"Meat of buffalo, fresh or chilled",2017,,4230000.0,
India,"Meat of buffalo, fresh or chilled",2018,,4240000.0,
India,"Meat of buffalo, fresh or chilled",2019,,4270000.0,
India,"Meat of buffalo, fresh or chilled",2020,,3760000.0,
India,"Meat of buffalo, fresh or chilled",2021,,4195000.0,
India,"Meat of buffalo, fresh or chilled",2022,,4350000.0,
India,"Meat of buffalo, fresh or chilled",2023,,4470000.0,
India,"Meat of buffalo, fresh or chilled",2024,,4565000.0,
India,"Meat of chickens, fresh or chilled",2010,,2193000.0,
India,"Meat of chickens, fresh or chilled",2011,,2483100.0,
India,"Meat of chickens, fresh or chilled",2012,,2681600.0,
India,"Meat of chickens, fresh or chilled",2013,,2848921.97,
India,"Meat of chickens, fresh or chilled",2014,,3045100.0,
India,"Meat of chickens, fresh or chilled",2015,,3263810.0,
India,"Meat of chickens, fresh or chilled",2016,,3444762.71,
India,"Meat of chickens, fresh or chilled",2017,,3766940.0,
India,"Meat of chickens, fresh or chilled",2018,,4061790.0,
India,"Meat of chickens, fresh or chilled",2019,,4343702.0,
India,"Meat of chickens, fresh or chilled",2020,,4472690.0,
India,"Meat of chickens, fresh or chilled",2021,,4617942.74,
India,"Meat of chickens, fresh or chilled",2022,,4779600.0,
India,"Meat of chickens, fresh or chilled",2023,,4995490.0,
India,"Meat of chickens, fresh or chilled",2024,,5019410.0,
India,"Meat of ducks, fresh or chilled",2010,,33150.0,
India,"Meat of ducks, fresh or chilled",2011,,32500.0,
India,"Meat of ducks, fresh or chilled",2012,,31200.0,
India,"Meat of ducks, fresh or chilled",2013,,29900.0,
India,"Meat of ducks, fresh or chilled",2014,,28860.0,
India,"Meat of ducks, fresh or chilled",2015,,32476.16,
India,"Meat of ducks, fresh or chilled",2016,,36122.45,
India,"Meat of ducks, fresh or chilled",2017,,38919.95,
India,"Meat of ducks, fresh or chilled",2018,,41457.43,
India,"Meat of ducks, fresh or chilled",2019,,44011.35,
India,"Meat of ducks, fresh or chilled",2020,,44141.22,
India,"Meat of ducks, fresh or chilled",2021,,44000.0,
India,"Meat of ducks, fresh or chilled",2022,,43932.9,
India,"Meat of ducks, fresh or chilled",2023,,43935.78,
India,"Meat of ducks, fresh or chilled",2024,,44092.1,
India,"Meat of goat, fresh or chilled",2010,,691418.66,
India,"Meat of goat, fresh or chilled",2011,,724290.35,
India,"Meat of goat, fresh or chilled",2012,,758315.56,
India,"Meat of goat, fresh or chilled",2013,,828119.11,
India,"Meat of goat, fresh or chilled",2014,,914130.0,
India,"Meat of goat, fresh or chilled",2015,,928907.52,
India,"Meat of goat, fresh or chilled",2016,,978733.67,
India,"Meat of goat, fresh or chilled",2017,,1028421.03,
India,"Meat of goat, fresh or chilled",2018,,1097910.0,
India,"Meat of goat, fresh or chilled",2019,,1179490.0,
India,"Meat of goat, fresh or chilled",2020,,1212550.0,
India,"Meat of goat, fresh or chilled",2021,,1266050.0,
India,"Meat of goat, fresh or chilled",2022,,1413620.0,
India,"Meat of goat, fresh or chilled",2023,,1588940.0,
India,"Meat of goat, fresh or chilled",2024,,1722779.2,
India,"Meat of pig with the bone, fresh or chilled",2010,,371000.0,
India,"Meat of pig with the bone, fresh or chilled",2011,,364000.0,
India,"Meat of pig with the bone, fresh or chilled",2012,,357000.0,
India,"Meat of pig with the bone, fresh or chilled",2013,,353500.0,
India,"Meat of pig with the bone, fresh or chilled",2014,,350000.76,
India,"Meat of pig with the bone, fresh or chilled",2015,,361685.83,
India,"Meat of pig with the bone, fresh or chilled",2016,,367167.74,
India,"Meat of pig with the bone, fresh or chilled",2017,,381608.37,
India,"Meat of pig with the bone, fresh or chilled",2018,,404460.0,
India,"Meat of pig with the bone, fresh or chilled",2019,,414140.0,
India,"Meat of pig with the bone, fresh or chilled",2020,,379839.5,
India,"Meat of pig with the bone, fresh or chilled",2021,,365630.0,
India,"Meat of pig with the bone, fresh or chilled",2022,,376150.0,
India,"Meat of pig with the bone, fresh or chilled",2023,,381790.0,
India,"Meat of pig with the bone, fresh or chilled",2024,,371572.06,
India,"Meat of sheep, fresh or chilled",2010,,366992.46,
India,"Meat of sheep, fresh or chilled",2011,,396413.5,
India,"Meat of sheep, fresh or chilled",2012,,424330.6,
India,"Meat of sheep, fresh or chilled",2013,,489264.23,
India,"Meat of sheep, fresh or chilled",2014,,529080.0,
India,"Meat of sheep, fresh or chilled",2015,,586744.31,
India,"Meat of sheep, fresh or chilled",2016,,638640.23,
India,"Meat of sheep, fresh or chilled",2017,,690965.18,
India,"Meat of sheep, fresh or chilled",2018,,677990.0,
India,"Meat of sheep, fresh or chilled",2019,,769210.0,
India,"Meat of sheep, fresh or chilled",2020,,883190.0,
India,"Meat of sheep, fresh or chilled",2021,,960100.0,
India,"Meat of sheep, fresh or chilled",2022,,1026400.0,
India,"Meat of sheep, fresh or chilled",2023,,1141450.0,
India,"Meat of sheep, fresh or chilled",2024,,1292048.1,
India,"Meat, Poultry",2010,,2226150.0,
India,"Meat, Poultry",2011,,2515600.0,
India,"Meat, Poultry",2012,,2712800.0,
India,"Meat, Poultry",2013,,2878821.97,
India,"Meat, Poultry",2014,,3073960.0,
India,"Meat, Poultry",2015,,3296286.16,
India,"Meat, Poultry",2016,,3480885.16,
India,"Meat, Poultry",2017,,3805859.95,
India,"Meat, Poultry",2018,,4103247.43,
India,"Meat, Poultry",2019,,4387713.35,
India,"Meat, Poultry",2020,,4516831.22,
India,"Meat, Poultry",2021,,4661942.74,
India,"Meat, Poultry",2022,,4823532.9,
India,"Meat, Poultry",2023,,5039425.78,
India,"Meat, Poultry",2024,,5063502.1,
India,"Meat, Total",2010,,6954652.05,
India,"Meat, Total",2011,,7486303.85,
India,"Meat, Total",2012,,7923446.15,
India,"Meat, Total",2013,,8529705.31,
India,"Meat, Total",2014,,9046844.04,
India,"Meat, Total",2015,,9441026.57,
India,"Meat, Total",2016,,9826874.88,
India,"Meat, Total",2017,,10323678.29,
India,"Meat, Total",2018,,10710214.08,
India,"Meat, Total",2019,,11207410.82,
India,"Meat, Total",2020,,10941153.02,
India,"Meat, Total",2021,,11643138.41,
India,"Meat, Total",2022,,12184196.6,
India,"Meat, Total",2023,,12817502.33,
India,"Meat, Total",2024,,13209091.22,
India,"Milk, Total",2010,,121857321.68,
India,"Milk, Total",2011,,127914070.92,
India,"Milk, Total",2012,,132440100.77,
India,"Milk, Total",2013,,137695104.2,
India,"Milk, Total",2014,,146322746.49,
India,"Milk, Total",2015,,155490924.37,
India,"Milk, Total",2016,,165126132.66,
India,"Milk, Total",2017,,176068938.17,
India,"Milk, Total",2018,,187757240.45,
India,"Milk, Total",2019,,198447060.35,
India,"Milk, Total",2020,,209966925.7,
India,"Milk, Total",2021,,222076560.0,
India,"Milk, Total",2022,,230585030.0,
India,"Milk, Total",2023,,239306917.23,
India,"Milk, Total",2024,,247843883.74,
India,Millet,2010,11482354.0,12693410.4,1105.5
India,Millet,2011,10805223.0,12656823.46,1171.4
India,Millet,2012,9567895.0,11529157.59,1205.0
India,Millet,2013,9686646.0,11662927.1,1204.0
India,Millet,2014,9115600.0,11631000.0,1275.9
India,Millet,2015,8916754.0,10279447.33,1152.8
India,Millet,2016,9093724.0,11556916.27,1270.9
India,Millet,2017,9221160.0,11633068.43,1261.6
India,Millet,2018,8449723.0,10235828.75,1211.4
India,Millet,2019,9005493.0,12488468.03,1386.8
India,Millet,2020,9255542.0,13208479.58,1427.1
India,Millet,2021,8488147.0,11849184.52,1396.0
India,Millet,2022,8763589.0,12424565.34,1417.7
India,Millet,2023,9060986.0,12864089.9,1419.7
India,Millet,2024,8816931.0,12620812.83,1431.4
India,Molasses,2010,,8400000.0,
India,Molasses,2011,,10970000.0,
India,Molasses,2012,,11800000.0,
India,Molasses,2013,,11744000.0,
India,Molasses,2014,,10882000.0,
India,Molasses,2015,,12482000.0,
India,Molasses,2016,,10873000.0,
India,Molasses,2017,,9026000.0,
India,Molasses,2018,,14063000.0,
India,Molasses,2019,,14100000.0,
India,Molasses,2020,,11125000.0,
India,Molasses,2021,,12325733.99,
India,Molasses,2022,,14352466.67,
India,Molasses,2023,,14399166.67,
India,Mushrooms and truffles,2010,,40600.0,
India,Mushrooms and truffles,2011,,40600.0,
India,Mushrooms and truffles,2012,,30000.0,
India,Mushrooms and truffles,2013,,17000.0,
India,Mushrooms and truffles,2014,,28000.0,
India,Mushrooms and truffles,2015,,51000.0,
India,Mushrooms and truffles,2016,,76000.0,
India,Mushrooms and truffles,2017,,102020.79,
India,Mushrooms and truffles,2018,,134000.0,
India,Mushrooms and truffles,2019,,182000.0,
India,Mushrooms and truffles,2020,,211000.0,
India,Mushrooms and truffles,2021,,243000.0,
India,Mushrooms and truffles,2022,,280000.0,
India,Mushrooms and truffles,2023,,315000.0,
India,Mushrooms and truffles,2024,,347450.0,
India,Natural honey,2010,,60000.0,
India,Natural honey,2011,,60000.0,
India,Natural honey,2012,,60000.0,
India,Natural honey,2013,,61000.0,
India,Natural honey,2014,,61961.34,
India,Natural honey,2015,,62598.92,
India,Natural honey,2016,,61853.42,
India,Natural honey,2017,,62809.97,
India,Natural honey,2018,,65266.5,
India,Natural honey,2019,,67961.49,
India,Natural honey,2020,,69438.41,
India,Natural honey,2021,,74000.0,
India,Natural honey,2022,,90000.0,
India,Natural honey,2023,,105000.0,
India,Natural honey,2024,,146000.0,
India,Natural rubber in primary forms,2010,477000.0,862000.0,1807.1
India,Natural rubber in primary forms,2011,440000.0,800000.0,1818.2
India,Natural rubber in primary forms,2012,442000.0,900000.0,2036.2
India,Natural rubber in primary forms,2013,450000.0,900000.0,2000.0
India,Natural rubber in primary forms,2014,455000.0,940000.0,2065.9
India,Natural rubber in primary forms,2015,455991.0,944504.26,2071.3
India,Natural rubber in primary forms,2016,457422.0,950600.4,2078.2
India,Natural rubber in primary forms,2017,340833.0,713000.0,2091.9
India,Natural rubber in primary forms,2018,312390.0,660000.0,2112.7
India,Natural rubber in primary forms,2019,327932.0,702000.0,2140.7
India,Natural rubber in primary forms,2020,316014.0,685000.0,2167.6
India,Natural rubber in primary forms,2021,337396.0,749000.0,2219.9
India,Natural rubber in primary forms,2022,377915.0,843000.0,2230.7
India,Natural rubber in primary forms,2023,376335.0,849000.0,2256.0
India,Natural rubber in primary forms,2024,383995.0,876000.0,2281.3
India,"Nutmeg, mace, cardamoms, raw",2010,86700.0,15700.0,181.1
India,"Nutmeg, mace, cardamoms, raw",2011,89006.0,15816.0,177.7
India,"Nutmeg, mace, cardamoms, raw",2012,92000.0,18070.0,196.4
India,"Nutmeg, mace, cardamoms, raw",2013,95930.0,16565.0,172.7
India,"Nutmeg, mace, cardamoms, raw",2014,93000.0,21000.0,225.8
India,"Nutmeg, mace, cardamoms, raw",2015,92000.0,22000.0,239.1
India,"Nutmeg, mace, cardamoms, raw",2016,107000.0,38000.0,355.1
India,"Nutmeg, mace, cardamoms, raw",2017,108000.0,43000.0,398.1
India,"Nutmeg, mace, cardamoms, raw",2018,108000.0,43000.0,398.1
India,"Nutmeg, mace, cardamoms, raw",2019,105000.0,38000.0,361.9
India,"Nutmeg, mace, cardamoms, raw",2020,109000.0,37000.0,339.4
India,"Nutmeg, mace, cardamoms, raw",2021,109000.0,50000.0,458.7
India,"Nutmeg, mace, cardamoms, raw",2022,109000.0,55000.0,504.6
India,"Nutmeg, mace, cardamoms, raw",2023,111000.0,54000.0,486.5
India,"Nutmeg, mace, cardamoms, raw",2024,108805.0,54031.0,496.6
India,Oil of linseed,2010,,44000.0,
India,Oil of linseed,2011,,46000.0,
India,Oil of linseed,2012,,45000.0,
India,Oil of linseed,2013,,41000.0,
India,Oil of linseed,2014,,47000.0,
India,Oil of linseed,2015,,32000.0,
India,Oil of linseed,2016,,39000.0,
India,Oil of linseed,2017,,44000.0,
India,Oil of linseed,2018,,40000.0,
India,Oil of linseed,2019,,28000.0,
India,Oil of linseed,2020,,28000.0,
India,Oil of linseed,2021,,32000.0,
India,Oil of linseed,2022,,42000.0,
India,Oil of linseed,2023,,29000.0,
India,Oil of maize,2010,,5796.79,
India,Oil of maize,2011,,5257.91,
India,Oil of maize,2012,,5405.02,
India,Oil of maize,2013,,5810.88,
India,Oil of maize,2014,,5378.08,
India,Oil of maize,2015,,6647.55,
India,Oil of maize,2016,,6435.67,
India,Oil of maize,2017,,6438.06,
India,Oil of maize,2018,,6829.49,
India,Oil of maize,2019,,6608.66,
India,Oil of maize,2020,,4660.65,
India,Oil of maize,2021,,4674.4,
India,Oil of maize,2022,,4686.52,
India,Oil of maize,2023,,6262.76,
India,Oil of sesame seed,2010,,277000.0,
India,Oil of sesame seed,2011,,251000.0,
India,Oil of sesame seed,2012,,212000.0,
India,Oil of sesame seed,2013,,221000.0,
India,Oil of sesame seed,2014,,257000.0,
India,Oil of sesame seed,2015,,265000.0,
India,Oil of sesame seed,2016,,245000.0,
India,Oil of sesame seed,2017,,234000.0,
India,Oil of sesame seed,2018,,236000.0,
India,Oil of sesame seed,2019,,234000.0,
India,Oil of sesame seed,2020,,255000.0,
India,Oil of sesame seed,2021,,246000.0,
India,Oil of sesame seed,2022,,250000.0,
India,Oil of sesame seed,2023,,264000.0,
India,Okra,2010,452000.0,4803000.0,10626.1
India,Okra,2011,498000.0,5784000.0,11614.5
India,Okra,2012,518000.0,6259000.0,12083.0
India,Okra,2013,530790.0,6350000.0,11963.3
India,Okra,2014,532660.0,6346370.0,11914.5
India,Okra,2015,504000.0,5709000.0,11327.4
India,Okra,2016,511000.0,5849000.0,11446.2
India,Okra,2017,507000.0,6003000.0,11840.2
India,Okra,2018,509000.0,6095000.0,11974.5
India,Okra,2019,513000.0,6176000.0,12039.0
India,Okra,2020,521000.0,6355000.0,12197.7
India,Okra,2021,531000.0,6466000.0,12177.0
India,Okra,2022,550000.0,6873000.0,12496.4
India,Okra,2023,549000.0,7158000.0,13038.3
India,Okra,2024,557001.0,7305410.0,13115.6
India,"Onions and shallots, dry (excluding dehydrated)",2010,1064000.0,15118000.0,14208.6
India,"Onions and shallots, dry (excluding dehydrated)",2011,1087230.0,17511090.0,16106.2
India,"Onions and shallots, dry (excluding dehydrated)",2012,1052000.0,16813000.0,15981.9
India,"Onions and shallots, dry (excluding dehydrated)",2013,1217000.0,19299000.0,15857.8
India,"Onions and shallots, dry (excluding dehydrated)",2014,1203570.0,19401680.0,16120.1
India,"Onions and shallots, dry (excluding dehydrated)",2015,1173000.0,18927000.0,16135.5
India,"Onions and shallots, dry (excluding dehydrated)",2016,1320000.0,20931000.0,15856.8
India,"Onions and shallots, dry (excluding dehydrated)",2017,1306000.0,22427000.0,17172.3
India,"Onions and shallots, dry (excluding dehydrated)",2018,1285000.0,23262000.0,18102.7
India,"Onions and shallots, dry (excluding dehydrated)",2019,1220000.0,22819000.0,18704.1
India,"Onions and shallots, dry (excluding dehydrated)",2020,1431000.0,26091000.0,18232.7
India,"Onions and shallots, dry (excluding dehydrated)",2021,1624000.0,26641000.0,16404.6
India,"Onions and shallots, dry (excluding dehydrated)",2022,1941000.0,31687000.0,16325.1
India,"Onions and shallots, dry (excluding dehydrated)",2023,1740000.0,30208000.0,17360.9
India,"Onions and shallots, dry (excluding dehydrated)",2024,1540642.0,24266712.0,15751.0
India,Oranges,2010,346300.0,3882400.0,11211.1
India,Oranges,2011,157000.0,1316000.0,8382.2
India,Oranges,2012,162000.0,1232000.0,7604.9
India,Oranges,2013,323000.0,3520000.0,10897.8
India,Oranges,2014,335000.0,3886000.0,11600.0
India,Oranges,2015,275000.0,4229000.0,15378.2
India,Oranges,2016,243762.0,3468137.0,14227.6
India,Oranges,2017,191232.0,3209401.0,16782.8
India,Oranges,2018,184617.0,3265833.72,17689.8
India,Oranges,2019,187076.0,3266171.0,17459.1
India,Oranges,2020,217429.0,4040126.25,18581.4
India,Oranges,2021,216528.0,3987913.0,18417.5
India,Oranges,2022,228000.0,3895000.0,17083.3
India,Oranges,2023,231000.0,3927000.0,17000.0
India,Oranges,2024,240170.0,3851837.0,16038.0
India,"Other beans, green",2010,106928.0,786495.87,7355.4
India,"Other beans, green",2011,100000.0,888000.0,8880.0
India,"Other beans, green",2012,118000.0,1151000.0,9754.2
India,"Other beans, green",2013,124000.0,1269000.0,10233.9
India,"Other beans, green",2014,138000.0,1370000.0,9927.5
India,"Other beans, green",2015,218000.0,2204000.0,10110.1
India,"Other beans, green",2016,232155.0,2334318.16,10055.0
India,"Other beans, green",2017,198008.0,2011899.55,10160.7
India,"Other beans, green",2018,227784.0,2276946.44,9996.1
India,"Other beans, green",2019,236367.0,2355606.4,9965.9
India,"Other beans, green",2020,239288.0,2269063.61,9482.6
India,"Other beans, green",2021,260950.0,2594676.22,9943.2
India,"Other beans, green",2022,299717.0,2725855.0,9094.8
India,"Other beans, green",2023,308819.0,2831175.0,9167.7
India,"Other beans, green",2024,310811.0,2897509.0,9322.4
India,Other berries and fruits of the genus vaccinium n.e.c.,2010,289.0,1929.39,6686.6
India,Other berries and fruits of the genus vaccinium n.e.c.,2011,292.0,1987.13,6800.0
India,Other berries and fruits of the genus vaccinium n.e.c.,2012,300.0,2044.87,6816.2
India,Other berries and fruits of the genus vaccinium n.e.c.,2013,300.0,2102.61,7008.7
India,Other berries and fruits of the genus vaccinium n.e.c.,2014,300.0,2129.44,7098.1
India,Other berries and fruits of the genus vaccinium n.e.c.,2015,306.0,2200.15,7192.4
India,Other berries and fruits of the genus vaccinium n.e.c.,2016,312.0,2144.06,6863.6
India,Other berries and fruits of the genus vaccinium n.e.c.,2017,316.0,2232.59,7057.0
India,Other berries and fruits of the genus vaccinium n.e.c.,2018,320.0,2295.31,7175.4
India,Other berries and fruits of the genus vaccinium n.e.c.,2019,325.0,2223.99,6844.4
India,Other berries and fruits of the genus vaccinium n.e.c.,2020,327.0,2288.69,6995.4
India,Other berries and fruits of the genus vaccinium n.e.c.,2021,324.0,2269.33,7004.1
India,Other berries and fruits of the genus vaccinium n.e.c.,2022,325.0,2260.67,6948.0
India,Other berries and fruits of the genus vaccinium n.e.c.,2023,326.0,2272.89,6982.5
India,Other berries and fruits of the genus vaccinium n.e.c.,2024,325.0,2267.63,6978.2
India,"Other citrus fruit, n.e.c.",2010,63000.0,781800.0,12409.5
India,"Other citrus fruit, n.e.c.",2011,47000.0,589000.0,12531.9
India,"Other citrus fruit, n.e.c.",2012,77000.0,967000.0,12558.4
India,"Other citrus fruit, n.e.c.",2013,68000.0,855000.0,12573.5
India,"Other citrus fruit, n.e.c.",2014,57000.0,745500.0,13078.9
India,"Other citrus fruit, n.e.c.",2015,60000.0,781500.0,13025.0
India,"Other citrus fruit, n.e.c.",2016,98948.0,1171500.0,11839.5
India,"Other citrus fruit, n.e.c.",2017,136000.0,1408000.0,10352.9
India,"Other citrus fruit, n.e.c.",2018,103000.0,1030000.0,10000.0
India,"Other citrus fruit, n.e.c.",2019,112000.0,1022000.0,9125.0
India,"Other citrus fruit, n.e.c.",2020,67000.0,408000.0,6089.6
India,"Other citrus fruit, n.e.c.",2021,77000.0,489000.0,6350.6
India,"Other citrus fruit, n.e.c.",2022,103000.0,782000.0,7592.2
India,"Other citrus fruit, n.e.c.",2023,97000.0,713000.0,7350.5
India,"Other citrus fruit, n.e.c.",2024,92579.0,789051.0,8523.0
India,"Other fruits, n.e.c.",2010,1244400.0,7860700.0,6316.9
India,"Other fruits, n.e.c.",2011,1054000.0,5524000.0,5241.0
India,"Other fruits, n.e.c.",2012,1117000.0,5727000.0,5127.1
India,"Other fruits, n.e.c.",2013,1159000.0,6687000.0,5769.6
India,"Other fruits, n.e.c.",2014,1272000.0,7896000.0,6207.5
India,"Other fruits, n.e.c.",2015,835000.0,8748000.0,10476.6
India,"Other fruits, n.e.c.",2016,806464.0,8197527.81,10164.8
India,"Other fruits, n.e.c.",2017,820848.0,8775120.48,10690.3
India,"Other fruits, n.e.c.",2018,861010.0,8722078.18,10130.1
India,"Other fruits, n.e.c.",2019,881310.0,8983499.66,10193.3
India,"Other fruits, n.e.c.",2020,942934.0,9756278.25,10346.7
India,"Other fruits, n.e.c.",2021,982463.0,10159074.01,10340.4
India,"Other fruits, n.e.c.",2022,988196.0,11413041.77,11549.4
India,"Other fruits, n.e.c.",2023,956611.0,11520515.89,12043.1
India,"Other fruits, n.e.c.",2024,1010650.0,11943809.98,11817.9
India,"Other meat of mammals, fresh or chilled",2010,,174090.92,
India,"Other meat of mammals, fresh or chilled",2011,,178000.0,
India,"Other meat of mammals, fresh or chilled",2012,,180000.0,
India,"Other meat of mammals, fresh or chilled",2013,,180000.0,
India,"Other meat of mammals, fresh or chilled",2014,,179673.28,
India,"Other meat of mammals, fresh or chilled",2015,,187402.76,
India,"Other meat of mammals, fresh or chilled",2016,,191448.07,
India,"Other meat of mammals, fresh or chilled",2017,,186823.75,
India,"Other meat of mammals, fresh or chilled",2018,,186606.65,
India,"Other meat of mammals, fresh or chilled",2019,,186857.47,
India,"Other meat of mammals, fresh or chilled",2020,,188742.3,
India,"Other meat of mammals, fresh or chilled",2021,,194415.67,
India,"Other meat of mammals, fresh or chilled",2022,,194493.7,
India,"Other meat of mammals, fresh or chilled",2023,,195896.55,
India,"Other meat of mammals, fresh or chilled",2024,,194189.76,
India,"Other oil seeds, n.e.c.",2010,388730.0,108000.0,277.8
India,"Other oil seeds, n.e.c.",2011,310000.0,98000.0,316.1
India,"Other oil seeds, n.e.c.",2012,315000.0,102000.0,323.8
India,"Other oil seeds, n.e.c.",2013,298740.0,98000.0,328.0
India,"Other oil seeds, n.e.c.",2014,234000.0,76000.0,324.8
India,"Other oil seeds, n.e.c.",2015,252000.0,74000.0,293.7
India,"Other oil seeds, n.e.c.",2016,281133.0,85000.0,302.3
India,"Other oil seeds, n.e.c.",2017,226417.0,70000.0,309.2
India,"Other oil seeds, n.e.c.",2018,202686.0,63000.0,310.8
India,"Other oil seeds, n.e.c.",2019,134877.0,42000.0,311.4
India,"Other oil seeds, n.e.c.",2020,131578.0,41000.0,311.6
India,"Other oil seeds, n.e.c.",2021,134569.0,42000.0,312.1
India,"Other oil seeds, n.e.c.",2022,108712.0,34000.0,312.8
India,"Other oil seeds, n.e.c.",2023,92540.0,29000.0,313.4
India,"Other oil seeds, n.e.c.",2024,85986.0,27000.0,314.0
India,"Other stimulant, spice and aromatic crops, n.e.c.",2010,725600.0,1474900.0,2032.7
India,"Other stimulant, spice and aromatic crops, n.e.c.",2011,776516.0,1699790.0,2189.0
India,"Other stimulant, spice and aromatic crops, n.e.c.",2012,740990.0,1496990.0,2020.3
India,"Other stimulant, spice and aromatic crops, n.e.c.",2013,740337.0,1500488.0,2026.8
India,"Other stimulant, spice and aromatic crops, n.e.c.",2014,680000.0,1504000.0,2211.8
India,"Other stimulant, spice and aromatic crops, n.e.c.",2015,737000.0,1292000.0,1753.1
India,"Other stimulant, spice and aromatic crops, n.e.c.",2016,768000.0,1528000.0,1989.6
India,"Other stimulant, spice and aromatic crops, n.e.c.",2017,526000.0,1592000.0,3026.6
India,"Other stimulant, spice and aromatic crops, n.e.c.",2018,836000.0,1364000.0,1631.6
India,"Other stimulant, spice and aromatic crops, n.e.c.",2019,824000.0,1434000.0,1740.3
India,"Other stimulant, spice and aromatic crops, n.e.c.",2020,742790.0,1463333.33,1970.1
India,"Other stimulant, spice and aromatic crops, n.e.c.",2021,709950.0,1420444.44,2000.8
India,"Other stimulant, spice and aromatic crops, n.e.c.",2022,722150.0,1439259.26,1993.0
India,"Other stimulant, spice and aromatic crops, n.e.c.",2023,728372.0,1441012.35,1978.4
India,"Other stimulant, spice and aromatic crops, n.e.c.",2024,712459.0,1433572.02,2012.1
India,Other stone fruits,2010,566.0,1918.67,3392.4
India,Other stone fruits,2011,573.0,1975.43,3446.0
India,Other stone fruits,2012,575.0,2033.66,3536.8
India,Other stone fruits,2013,575.0,2089.95,3634.7
India,Other stone fruits,2014,600.0,2230.25,3717.1
India,Other stone fruits,2015,591.0,2246.85,3799.1
India,Other stone fruits,2016,589.0,2289.63,3885.2
India,Other stone fruits,2017,590.0,2344.88,3972.2
India,Other stone fruits,2018,593.0,2406.1,4058.4
India,Other stone fruits,2019,595.0,2346.87,3941.2
India,Other stone fruits,2020,601.0,2438.53,4056.9
India,Other stone fruits,2021,597.0,2397.17,4016.0
India,Other stone fruits,2022,599.0,2394.19,3994.5
India,Other stone fruits,2023,601.0,2409.96,4010.5
India,Other stone fruits,2024,602.0,2400.44,3985.0
India,"Other tropical fruits, n.e.c.",2010,233300.0,1830100.0,7844.4
India,"Other tropical fruits, n.e.c.",2011,238000.0,1921000.0,8071.4
India,"Other tropical fruits, n.e.c.",2012,243000.0,1964000.0,8082.3
India,"Other tropical fruits, n.e.c.",2013,247000.0,2075000.0,8400.8
India,"Other tropical fruits, n.e.c.",2014,261000.0,2329000.0,8923.4
India,"Other tropical fruits, n.e.c.",2015,191000.0,1867000.0,9774.9
India,"Other tropical fruits, n.e.c.",2016,196735.0,1852529.15,9416.3
India,"Other tropical fruits, n.e.c.",2017,191841.0,1803783.0,9402.5
India,"Other tropical fruits, n.e.c.",2018,189627.0,1862333.55,9821.0
India,"Other tropical fruits, n.e.c.",2019,184397.0,1780395.01,9655.2
India,"Other tropical fruits, n.e.c.",2020,180598.0,1631851.17,9035.8
India,"Other tropical fruits, n.e.c.",2021,176536.0,1542124.18,8735.4
India,"Other tropical fruits, n.e.c.",2022,171000.0,1464000.0,8561.4
India,"Other tropical fruits, n.e.c.",2023,169000.0,1621000.0,9591.7
India,"Other tropical fruits, n.e.c.",2024,177000.0,1678000.0,9480.2
India,"Other vegetables, fresh n.e.c.",2010,2291500.0,31164100.0,13599.9
India,"Other vegetables, fresh n.e.c.",2011,1629000.0,20404000.0,12525.5
India,"Other vegetables, fresh n.e.c.",2012,1821000.0,21773000.0,11956.6
India,"Other vegetables, fresh n.e.c.",2013,1921000.0,23946000.0,12465.4
India,"Other vegetables, fresh n.e.c.",2014,1747000.0,21593000.0,12360.0
India,"Other vegetables, fresh n.e.c.",2015,1822000.0,27360000.0,15016.5
India,"Other vegetables, fresh n.e.c.",2016,1824526.0,25550696.87,14004.0
India,"Other vegetables, fresh n.e.c.",2017,1761163.0,24454628.99,13885.5
India,"Other vegetables, fresh n.e.c.",2018,1788427.0,25381190.46,14191.9
India,"Other vegetables, fresh n.e.c.",2019,1641290.0,24260993.74,14781.7
India,"Other vegetables, fresh n.e.c.",2020,1659420.0,24128587.74,14540.4
India,"Other vegetables, fresh n.e.c.",2021,1724068.0,24813098.06,14392.2
India,"Other vegetables, fresh n.e.c.",2022,1812000.0,26954000.0,14875.3
India,"Other vegetables, fresh n.e.c.",2023,1807000.0,26875000.0,14872.7
India,"Other vegetables, fresh n.e.c.",2024,1770985.0,26077397.0,14724.8
India,Papayas,2010,106000.0,4196000.0,39584.9
India,Papayas,2011,117400.0,4457100.0,37965.1
India,Papayas,2012,132000.0,5382000.0,40772.7
India,Papayas,2013,135000.0,5544000.0,41066.7
India,Papayas,2014,133360.0,5639300.0,42286.3
India,Papayas,2015,115000.0,4913000.0,42721.7
India,Papayas,2016,132000.0,5667000.0,42931.8
India,Papayas,2017,134000.0,5940000.0,44328.4
India,Papayas,2018,138000.0,5989000.0,43398.6
India,Papayas,2019,149000.0,6050000.0,40604.0
India,Papayas,2020,142000.0,5780000.0,40704.2
India,Papayas,2021,146000.0,5540000.0,37945.2
India,Papayas,2022,150000.0,5341000.0,35606.7
India,Papayas,2023,148000.0,5240000.0,35405.4
India,Papayas,2024,148977.0,5292173.0,35523.4
India,Peaches and nectarines,2010,19525.0,98942.11,5067.5
India,Peaches and nectarines,2011,18000.0,92000.0,5111.1
India,Peaches and nectarines,2012,20000.0,91000.0,4550.0
India,Peaches and nectarines,2013,19000.0,98000.0,5157.9
India,Peaches and nectarines,2014,18000.0,94000.0,5222.2
India,Peaches and nectarines,2015,19000.0,97000.0,5105.3
India,Peaches and nectarines,2016,17553.0,107205.5,6107.5
India,Peaches and nectarines,2017,18381.0,106468.0,5792.3
India,Peaches and nectarines,2018,18538.0,113738.68,6135.4
India,Peaches and nectarines,2019,18798.0,117579.52,6255.0
India,Peaches and nectarines,2020,18578.0,119033.82,6407.2
India,Peaches and nectarines,2021,18338.0,111230.36,6065.7
India,Peaches and nectarines,2022,19168.0,121243.0,6325.3
India,Peaches and nectarines,2023,16488.0,101705.0,6168.4
India,Peaches and nectarines,2024,16686.0,108719.0,6515.6
India,Pears,2010,44713.0,336000.0,7514.5
India,Pears,2011,44598.0,335000.0,7511.5
India,Pears,2012,45285.0,340000.0,7508.0
India,Pears,2013,43296.0,325000.0,7506.5
India,Pears,2014,42280.0,316700.0,7490.5
India,Pears,2015,42000.0,303000.0,7214.3
India,Pears,2016,40000.0,323000.0,8075.0
India,Pears,2017,44000.0,346000.0,7863.6
India,Pears,2018,44000.0,318000.0,7227.3
India,Pears,2019,42000.0,300000.0,7142.9
India,Pears,2020,43000.0,290000.0,6744.2
India,Pears,2021,42000.0,276000.0,6571.4
India,Pears,2022,44000.0,309000.0,7022.7
India,Pears,2023,35000.0,271000.0,7742.9
India,Pears,2024,35023.0,274315.0,7832.4
India,"Peas, dry",2010,764400.0,674700.0,882.7
India,"Peas, dry",2011,727200.0,593200.0,815.7
India,"Peas, dry",2012,756000.0,706000.0,933.9
India,"Peas, dry",2013,767000.0,843000.0,1099.1
India,"Peas, dry",2014,963000.0,925000.0,960.5
India,"Peas, dry",2015,975000.0,889000.0,911.8
India,"Peas, dry",2016,903000.0,742000.0,821.7
India,"Peas, dry",2017,1058880.0,1011190.0,955.0
India,"Peas, dry",2018,825210.0,993250.0,1203.6
India,"Peas, dry",2019,606720.0,811810.0,1338.0
India,"Peas, dry",2020,597297.0,860160.0,1440.1
India,"Peas, dry",2021,637566.0,876542.0,1374.8
India,"Peas, dry",2022,761959.0,1004402.0,1318.2
India,"Peas, dry",2023,838961.0,1134336.56,1352.1
India,"Peas, dry",2024,771985.0,1066557.47,1381.6
India,"Peas, green",2010,364900.0,3029400.0,8302.0
India,"Peas, green",2011,370000.0,3517000.0,9505.4
India,"Peas, green",2012,408200.0,3744800.0,9173.9
India,"Peas, green",2013,420900.0,4006200.0,9518.2
India,"Peas, green",2014,433560.0,3868630.0,8922.9
India,"Peas, green",2015,476000.0,4652000.0,9773.1
India,"Peas, green",2016,498000.0,4811000.0,9660.6
India,"Peas, green",2017,530000.0,5345000.0,10084.9
India,"Peas, green",2018,540000.0,5422000.0,10040.7
India,"Peas, green",2019,552000.0,5562000.0,10076.1
India,"Peas, green",2020,568000.0,5848000.0,10295.8
India,"Peas, green",2021,567000.0,5846000.0,10310.4
India,"Peas, green",2022,590000.0,6182000.0,10478.0
India,"Peas, green",2023,609000.0,6592000.0,10824.3
India,"Peas, green",2024,611389.0,6670595.0,10910.6
India,"Pepper (Piper spp.), raw",2010,195920.0,51020.0,260.4
India,"Pepper (Piper spp.), raw",2011,184000.0,52000.0,282.6
India,"Pepper (Piper spp.), raw",2012,200000.0,41000.0,205.0
India,"Pepper (Piper spp.), raw",2013,125000.0,53000.0,424.0
India,"Pepper (Piper spp.), raw",2014,124000.0,51000.0,411.3
India,"Pepper (Piper spp.), raw",2015,129000.0,65000.0,503.9
India,"Pepper (Piper spp.), raw",2016,129000.0,55000.0,426.4
India,"Pepper (Piper spp.), raw",2017,132000.0,72000.0,545.5
India,"Pepper (Piper spp.), raw",2018,134000.0,66000.0,492.5
India,"Pepper (Piper spp.), raw",2019,245000.0,137000.0,559.2
India,"Pepper (Piper spp.), raw",2020,259000.0,104000.0,401.5
India,"Pepper (Piper spp.), raw",2021,309000.0,141000.0,456.3
India,"Pepper (Piper spp.), raw",2022,284000.0,95000.0,334.5
India,"Pepper (Piper spp.), raw",2023,299000.0,117000.0,391.3
India,"Pepper (Piper spp.), raw",2024,312902.0,126038.0,402.8
India,"Pig fat, rendered",2010,,20058.44,
India,"Pig fat, rendered",2011,,19726.02,
India,"Pig fat, rendered",2012,,19333.43,
India,"Pig fat, rendered",2013,,19137.77,
India,"Pig fat, rendered",2014,,19000.0,
India,"Pig fat, rendered",2015,,19547.76,
India,"Pig fat, rendered",2016,,19832.04,
India,"Pig fat, rendered",2017,,20606.28,
India,"Pig fat, rendered",2018,,20269.95,
India,"Pig fat, rendered",2019,,19399.49,
India,"Pig fat, rendered",2020,,17715.35,
India,"Pig fat, rendered",2021,,17637.77,
India,"Pig fat, rendered",2022,,20370.36,
India,"Pig fat, rendered",2023,,20293.53,
India,"Pigeon peas, dry",2010,4366694.0,2861120.0,655.2
India,"Pigeon peas, dry",2011,4007369.0,2654051.0,662.3
India,"Pigeon peas, dry",2012,3892874.0,3022695.0,776.5
India,"Pigeon peas, dry",2013,3904438.0,3174399.0,813.0
India,"Pigeon peas, dry",2014,3853540.0,2807324.0,728.5
India,"Pigeon peas, dry",2015,3963348.0,2560960.5,646.2
India,"Pigeon peas, dry",2016,5337886.0,4873240.54,913.0
India,"Pigeon peas, dry",2017,4438306.0,4289822.37,966.5
India,"Pigeon peas, dry",2018,4549542.0,3315442.36,728.7
India,"Pigeon peas, dry",2019,4532470.0,3891725.17,858.6
India,"Pigeon peas, dry",2020,4724445.0,4315897.25,913.5
India,"Pigeon peas, dry",2021,4900257.0,4220191.99,861.2
India,"Pigeon peas, dry",2022,4068434.0,3311532.36,814.0
India,"Pigeon peas, dry",2023,4130592.0,3416838.21,827.2
India,"Pigeon peas, dry",2024,4199271.0,3510869.73,836.1
India,Pineapples,2010,91900.0,1386800.0,15090.3
India,Pineapples,2011,89000.0,1415000.0,15898.9
India,Pineapples,2012,102000.0,1500000.0,14705.9
India,Pineapples,2013,105000.0,1571000.0,14961.9
India,Pineapples,2014,109880.0,1736740.0,15805.8
India,Pineapples,2015,116000.0,1984000.0,17103.4
India,Pineapples,2016,110000.0,1924000.0,17490.9
India,Pineapples,2017,111000.0,1861000.0,16765.8
India,Pineapples,2018,103000.0,1706000.0,16563.1
India,Pineapples,2019,104000.0,1711000.0,16451.9
India,Pineapples,2020,106000.0,1732000.0,16339.6
India,Pineapples,2021,106000.0,1799000.0,16971.7
India,Pineapples,2022,108000.0,1851000.0,17138.9
India,Pineapples,2023,108000.0,1828000.0,16925.9
India,Pineapples,2024,106020.0,1733499.0,16350.7
India,Plums and sloes,2010,20060.0,55460.03,2764.7
India,Plums and sloes,2011,14000.0,32000.0,2285.7
India,Plums and sloes,2012,26000.0,72000.0,2769.2
India,Plums and sloes,2013,24000.0,74000.0,3083.3
India,Plums and sloes,2014,23000.0,76000.0,3304.3
India,Plums and sloes,2015,23000.0,72000.0,3130.4
India,Plums and sloes,2016,22395.0,82112.0,3666.5
India,Plums and sloes,2017,23538.0,80999.0,3441.2
India,Plums and sloes,2018,23434.0,89175.08,3805.4
India,Plums and sloes,2019,23403.0,85309.0,3645.2
India,Plums and sloes,2020,23421.0,87901.5,3753.1
India,Plums and sloes,2021,23511.0,84452.53,3592.1
India,Plums and sloes,2022,23868.0,86417.0,3620.6
India,Plums and sloes,2023,17782.0,65111.0,3661.6
India,Plums and sloes,2024,18050.0,67936.0,3763.8
India,Pomelos and grapefruits,2010,10994.0,260600.0,23703.8
India,Pomelos and grapefruits,2011,8300.0,196000.0,23614.3
India,Pomelos and grapefruits,2012,13731.0,322500.0,23486.4
India,Pomelos and grapefruits,2013,12203.0,285300.0,23379.0
India,Pomelos and grapefruits,2014,10638.0,248500.0,23359.8
India,Pomelos and grapefruits,2015,11300.0,260500.0,23053.1
India,Pomelos and grapefruits,2016,16271.0,390500.0,23999.8
India,Potatoes,2010,1835300.0,36577300.0,19929.9
India,Potatoes,2011,1863200.0,42339400.0,22724.0
India,Potatoes,2012,1907000.0,41483000.0,21753.0
India,Potatoes,2013,1992200.0,45343600.0,22760.6
India,Potatoes,2014,2024000.0,46395000.0,22922.4
India,Potatoes,2015,2076000.0,48009000.0,23125.7
India,Potatoes,2016,2117000.0,43417000.0,20508.7
India,Potatoes,2017,2179000.0,48605000.0,22306.1
India,Potatoes,2018,2142000.0,51310000.0,23954.2
India,Potatoes,2019,2173000.0,50190000.0,23097.1
India,Potatoes,2020,2051000.0,48562000.0,23677.2
India,Potatoes,2021,2248000.0,54230000.0,24123.7
India,Potatoes,2022,2226000.0,56176000.0,25236.3
India,Potatoes,2023,2332000.0,60142000.0,25789.9
India,Potatoes,2024,2322229.0,57053344.0,24568.4
India,"Pulses, Total",2010,25020769.0,18256767.27,729.7
India,"Pulses, Total",2011,25277297.0,17771150.17,703.0
India,"Pulses, Total",2012,23247009.0,17650945.92,759.3
India,"Pulses, Total",2013,23637918.0,19267280.99,815.1
India,"Pulses, Total",2014,24883729.0,19920810.0,800.6
India,"Pulses, Total",2015,24868748.0,17840492.13,717.4
India,"Pulses, Total",2016,27961162.0,21117842.07,755.3
India,"Pulses, Total",2017,29016651.0,23863564.45,822.4
India,"Pulses, Total",2018,30709529.0,25195058.34,820.4
India,"Pulses, Total",2019,27861754.0,22717188.89,815.4
India,"Pulses, Total",2020,27882194.0,24582754.04,881.7
India,"Pulses, Total",2021,29471964.0,25956465.47,880.7
India,"Pulses, Total",2022,28707525.0,27692500.14,964.6
India,"Pulses, Total",2023,28431477.0,26545243.64,933.7
India,"Pulses, Total",2024,28014573.0,25398564.73,906.6
India,"Pumpkins, squash and gourds",2010,165587.0,2391577.04,14443.0
India,"Pumpkins, squash and gourds",2011,148000.0,2246000.0,15175.7
India,"Pumpkins, squash and gourds",2012,193000.0,3128000.0,16207.3
India,"Pumpkins, squash and gourds",2013,213000.0,3403000.0,15976.5
India,"Pumpkins, squash and gourds",2014,215000.0,3211000.0,14934.9
India,"Pumpkins, squash and gourds",2015,251000.0,4065000.0,16195.2
India,"Pumpkins, squash and gourds",2016,328145.0,5276568.2,16080.0
India,"Pumpkins, squash and gourds",2017,339656.0,5490818.5,16165.8
India,"Pumpkins, squash and gourds",2018,352541.0,5843833.76,16576.3
India,"Pumpkins, squash and gourds",2019,435197.0,7016217.4,16121.9
India,"Pumpkins, squash and gourds",2020,459443.0,7311064.57,15912.9
India,"Pumpkins, squash and gourds",2021,469010.0,7431483.75,15845.1
India,"Pumpkins, squash and gourds",2022,496430.0,7712938.0,15536.8
India,"Pumpkins, squash and gourds",2023,491429.0,7971270.0,16220.6
India,"Pumpkins, squash and gourds",2024,560547.0,9330691.0,16645.7
India,Rape or colza seed,2010,5580000.0,6608100.0,1184.2
India,Rape or colza seed,2011,6506400.0,8179000.0,1257.1
India,Rape or colza seed,2012,5890000.0,6600000.0,1120.5
India,Rape or colza seed,2013,6340000.0,7820000.0,1233.4
India,Rape or colza seed,2014,6645740.0,7877000.0,1185.3
India,Rape or colza seed,2015,5791000.0,6282000.0,1084.8
India,Rape or colza seed,2016,5762000.0,6797000.0,1179.6
India,Rape or colza seed,2017,6073820.0,7917230.0,1303.5
India,Rape or colza seed,2018,5977160.0,8429850.0,1410.3
India,Rape or colza seed,2019,6123930.0,9255660.0,1511.4
India,Rape or colza seed,2020,6856270.0,9123640.0,1330.7
India,Rape or colza seed,2021,6699760.0,10210010.0,1523.9
India,Rape or colza seed,2022,7991420.0,11963090.0,1497.0
India,Rape or colza seed,2023,8851524.0,12643196.4,1428.4
India,Rape or colza seed,2024,9183186.0,13259142.3,1443.8
India,"Rapeseed or canola oil, crude",2010,,2535000.0,
India,"Rapeseed or canola oil, crude",2011,,2047000.0,
India,"Rapeseed or canola oil, crude",2012,,2489000.0,
India,"Rapeseed or canola oil, crude",2013,,2442000.0,
India,"Rapeseed or canola oil, crude",2014,,1947000.0,
India,"Rapeseed or canola oil, crude",2015,,2108000.0,
India,"Rapeseed or canola oil, crude",2016,,2210000.0,
India,"Rapeseed or canola oil, crude",2017,,1759000.0,
India,"Rapeseed or canola oil, crude",2018,,2209000.0,
India,"Rapeseed or canola oil, crude",2019,,1797000.0,
India,"Rapeseed or canola oil, crude",2020,,3167000.0,
India,"Rapeseed or canola oil, crude",2021,,3711000.0,
India,"Rapeseed or canola oil, crude",2022,,3922000.0,
India,"Rapeseed or canola oil, crude",2023,,4113000.0,
India,Raw cane or beet sugar (centrifugal only),2010,,20637000.0,
India,Raw cane or beet sugar (centrifugal only),2011,,26574000.0,
India,Raw cane or beet sugar (centrifugal only),2012,,28830000.0,
India,Raw cane or beet sugar (centrifugal only),2013,,27737000.0,
India,Raw cane or beet sugar (centrifugal only),2014,,26605000.0,
India,Raw cane or beet sugar (centrifugal only),2015,,30460000.0,
India,Raw cane or beet sugar (centrifugal only),2016,,27385000.0,
India,Raw cane or beet sugar (centrifugal only),2017,,22200000.0,
India,Raw cane or beet sugar (centrifugal only),2018,,34309000.0,
India,Raw cane or beet sugar (centrifugal only),2019,,34300000.0,
India,Raw cane or beet sugar (centrifugal only),2020,,28900000.0,
India,Raw cane or beet sugar (centrifugal only),2021,,33760000.0,
India,Raw cane or beet sugar (centrifugal only),2022,,36880000.0,
India,Raw cane or beet sugar (centrifugal only),2023,,37000000.0,
India,Raw hides and skins of buffaloes,2010,,688920.45,
India,Raw hides and skins of buffaloes,2011,,729263.64,
India,Raw hides and skins of buffaloes,2012,,769606.82,
India,Raw hides and skins of buffaloes,2013,,837727.27,
India,Raw hides and skins of buffaloes,2014,,881818.18,
India,Raw hides and skins of buffaloes,2015,,899454.55,
India,Raw hides and skins of buffaloes,2016,,919295.45,
India,Raw hides and skins of buffaloes,2017,,932522.73,
India,Raw hides and skins of buffaloes,2018,,934727.27,
India,Raw hides and skins of buffaloes,2019,,941340.91,
India,Raw hides and skins of buffaloes,2020,,828909.09,
India,Raw hides and skins of buffaloes,2021,,924806.82,
India,Raw hides and skins of buffaloes,2022,,958977.27,
India,Raw hides and skins of buffaloes,2023,,985431.82,
India,Raw hides and skins of buffaloes,2024,,1006375.0,
India,Raw hides and skins of goats or kids,2010,,125712.48,
India,Raw hides and skins of goats or kids,2011,,131689.15,
India,Raw hides and skins of goats or kids,2012,,137875.56,
India,Raw hides and skins of goats or kids,2013,,150567.11,
India,Raw hides and skins of goats or kids,2014,,166205.45,
India,Raw hides and skins of goats or kids,2015,,168892.28,
India,Raw hides and skins of goats or kids,2016,,177951.58,
India,Raw hides and skins of goats or kids,2017,,186985.64,
India,Raw hides and skins of goats or kids,2018,,199620.0,
India,Raw hides and skins of goats or kids,2019,,214452.73,
India,Raw hides and skins of goats or kids,2020,,220463.64,
India,Raw hides and skins of goats or kids,2021,,230190.91,
India,Raw hides and skins of goats or kids,2022,,257021.82,
India,Raw hides and skins of goats or kids,2023,,288898.18,
India,Raw hides and skins of goats or kids,2024,,313232.58,
India,Raw hides and skins of sheep or lambs,2010,,55728.49,
India,Raw hides and skins of sheep or lambs,2011,,60196.12,
India,Raw hides and skins of sheep or lambs,2012,,64435.39,
India,Raw hides and skins of sheep or lambs,2013,,74295.68,
India,Raw hides and skins of sheep or lambs,2014,,80341.78,
India,Raw hides and skins of sheep or lambs,2015,,89098.21,
India,Raw hides and skins of sheep or lambs,2016,,96978.7,
India,Raw hides and skins of sheep or lambs,2017,,104924.34,
India,Raw hides and skins of sheep or lambs,2018,,102954.04,
India,Raw hides and skins of sheep or lambs,2019,,116805.96,
India,Raw hides and skins of sheep or lambs,2020,,134114.04,
India,Raw hides and skins of sheep or lambs,2021,,145792.96,
India,Raw hides and skins of sheep or lambs,2022,,155860.74,
India,Raw hides and skins of sheep or lambs,2023,,173331.3,
India,Raw hides and skins of sheep or lambs,2024,,196199.9,
India,Raw milk of buffalo,2010,,62350000.0,
India,Raw milk of buffalo,2011,,65352000.0,
India,Raw milk of buffalo,2012,,67675432.0,
India,Raw milk of buffalo,2013,,70442616.53,
India,Raw milk of buffalo,2014,,74709900.0,
India,Raw milk of buffalo,2015,,76459000.0,
India,Raw milk of buffalo,2016,,81266300.0,
India,Raw milk of buffalo,2017,,86261680.0,
India,Raw milk of buffalo,2018,,91817140.0,
India,Raw milk of buffalo,2019,,95942593.17,
India,Raw milk of buffalo,2020,,95391341.85,
India,Raw milk of buffalo,2021,,99626360.0,
India,Raw milk of buffalo,2022,,103299834.0,
India,Raw milk of buffalo,2023,,104388290.0,
India,Raw milk of buffalo,2024,,105500000.0,
India,Raw milk of camel,2010,,10321.68,
India,Raw milk of camel,2011,,10070.92,
India,Raw milk of camel,2012,,9510.77,
India,Raw milk of camel,2013,,9211.49,
India,Raw milk of camel,2014,,9216.49,
India,Raw milk of camel,2015,,8944.37,
India,Raw milk of camel,2016,,8562.66,
India,Raw milk of camel,2017,,8188.17,
India,Raw milk of camel,2018,,7780.45,
India,Raw milk of camel,2019,,7394.48,
India,Raw milk of camel,2020,,7045.92,
India,Raw milk of camel,2021,,8000.0,
India,Raw milk of camel,2022,,8000.0,
India,Raw milk of camel,2023,,7929.23,
India,Raw milk of camel,2024,,7976.41,
India,Raw milk of cattle,2010,,54903000.0,
India,Raw milk of cattle,2011,,57770000.0,
India,Raw milk of cattle,2012,,59805248.0,
India,Raw milk of cattle,2013,,62194871.65,
India,Raw milk of cattle,2014,,66423450.0,
India,Raw milk of cattle,2015,,73645390.0,
India,Raw milk of cattle,2016,,78098880.0,
India,Raw milk of cattle,2017,,83633570.0,
India,Raw milk of cattle,2018,,89833590.0,
India,Raw milk of cattle,2019,,96646932.08,
India,Raw milk of cattle,2020,,108306663.52,
India,Raw milk of cattle,2021,,115839640.0,
India,Raw milk of cattle,2022,,119677594.0,
India,Raw milk of cattle,2023,,127105138.0,
India,Raw milk of cattle,2024,,135000000.0,
India,Raw milk of goats,2010,,4594000.0,
India,Raw milk of goats,2011,,4782000.0,
India,Raw milk of goats,2012,,4949910.0,
India,Raw milk of goats,2013,,5048404.52,
India,Raw milk of goats,2014,,5180180.0,
India,Raw milk of goats,2015,,5377590.0,
India,Raw milk of goats,2016,,5752390.0,
India,Raw milk of goats,2017,,6165500.0,
India,Raw milk of goats,2018,,6098730.0,
India,Raw milk of goats,2019,,5850140.62,
India,Raw milk of goats,2020,,6261874.41,
India,Raw milk of goats,2021,,6602560.0,
India,Raw milk of goats,2022,,7599602.0,
India,Raw milk of goats,2023,,7805560.0,
India,Raw milk of goats,2024,,7335907.33,
India,Raw silk (not thrown),2010,,19690.0,
India,Raw silk (not thrown),2011,,20410.0,
India,Raw silk (not thrown),2012,,23060.0,
India,Raw silk (not thrown),2013,,23679.0,
India,Raw silk (not thrown),2014,,26480.0,
India,Raw silk (not thrown),2015,,28708.0,
India,Raw silk (not thrown),2016,,28523.0,
India,Raw silk (not thrown),2017,,30348.0,
India,Raw silk (not thrown),2018,,31906.0,
India,Raw silk (not thrown),2019,,35261.0,
India,Raw silk (not thrown),2020,,35820.0,
India,Raw silk (not thrown),2021,,33770.0,
India,Raw silk (not thrown),2022,,36582.0,
India,Raw silk (not thrown),2023,,38913.0,
India,Rice,2010,42333987.0,140674810.06,3323.0
India,Rice,2011,44967537.0,162151286.59,3606.0
India,Rice,2012,42797306.0,157382919.56,3677.4
India,Rice,2013,43288849.0,156554654.9,3616.5
India,Rice,2014,44515890.0,159810501.3,3590.0
India,Rice,2015,43938012.0,158254967.78,3601.8
India,Rice,2016,43688499.0,163947351.09,3752.6
India,Rice,2017,43496848.0,165796205.79,3811.7
India,Rice,2018,44389153.0,176493653.91,3976.1
India,Rice,2019,43205052.0,175071504.27,4052.1
India,Rice,2020,45007310.0,182702924.12,4059.4
India,Rice,2021,46449121.0,195241449.38,4203.3
India,Rice,2022,45643151.0,193473289.35,4238.8
India,Rice,2023,48163285.0,207753551.26,4313.5
India,Rice,2024,50511930.0,217867864.16,4313.2
India,"Roots and Tubers, Total",2010,2186100.0,45731800.0,20919.4
India,"Roots and Tubers, Total",2011,2197800.0,51462000.0,23415.2
India,"Roots and Tubers, Total",2012,2244100.0,51302300.0,22861.0
India,"Roots and Tubers, Total",2013,2311000.0,53712600.0,23242.1
India,"Roots and Tubers, Total",2014,2363150.0,55844310.0,23631.3
India,"Roots and Tubers, Total",2015,2415000.0,54288000.0,22479.5
India,"Roots and Tubers, Total",2016,2474775.0,49947727.0,20182.7
India,"Roots and Tubers, Total",2017,2534837.0,54983769.0,21691.2
India,"Roots and Tubers, Total",2018,2476385.0,58533879.63,23636.8
India,"Roots and Tubers, Total",2019,2478568.0,57138972.0,23053.2
India,"Roots and Tubers, Total",2020,2363273.0,56487095.8,23902.1
India,"Roots and Tubers, Total",2021,2575384.0,63166210.78,24526.9
India,"Roots and Tubers, Total",2022,2547000.0,64613000.0,25368.3
India,"Roots and Tubers, Total",2023,2647000.0,68356000.0,25824.0
India,"Roots and Tubers, Total",2024,2649722.0,65619684.0,24764.7
India,Safflower seed,2010,287800.0,178800.0,621.3
India,Safflower seed,2011,229060.0,150000.0,654.9
India,Safflower seed,2012,178000.0,145000.0,814.6
India,Safflower seed,2013,150000.0,109000.0,726.7
India,Safflower seed,2014,177730.0,113000.0,635.8
India,Safflower seed,2015,175000.0,90000.0,514.3
India,Safflower seed,2016,144000.0,53000.0,368.1
India,Safflower seed,2017,144270.0,93900.0,650.9
India,Safflower seed,2018,82150.0,55280.0,672.9
India,Safflower seed,2019,45890.0,24640.0,536.9
India,Safflower seed,2020,51790.0,43670.0,843.2
India,Safflower seed,2021,56040.0,35890.0,640.4
India,Safflower seed,2022,78860.0,61270.0,776.9
India,Safflower seed,2023,108927.0,90002.46,826.3
India,Safflower seed,2024,65417.0,50213.96,767.6
India,"Safflower-seed oil, crude",2010,,45000.0,
India,"Safflower-seed oil, crude",2011,,44000.0,
India,"Safflower-seed oil, crude",2012,,33000.0,
India,"Safflower-seed oil, crude",2013,,31000.0,
India,"Safflower-seed oil, crude",2014,,27000.0,
India,"Safflower-seed oil, crude",2015,,15000.0,
India,"Safflower-seed oil, crude",2016,,22000.0,
India,"Safflower-seed oil, crude",2017,,14000.0,
India,"Safflower-seed oil, crude",2018,,7000.0,
India,"Safflower-seed oil, crude",2019,,9000.0,
India,"Safflower-seed oil, crude",2020,,10000.0,
India,"Safflower-seed oil, crude",2021,,18000.0,
India,"Safflower-seed oil, crude",2022,,26000.0,
India,"Safflower-seed oil, crude",2023,,14000.0,
India,"Seed cotton, unginned",2010,11142000.0,17760000.0,1594.0
India,"Seed cotton, unginned",2011,12178000.0,19178000.0,1574.8
India,"Seed cotton, unginned",2012,11980000.0,18179000.0,1517.4
India,"Seed cotton, unginned",2013,11690000.0,18913000.0,1617.9
India,"Seed cotton, unginned",2014,13083000.0,18488000.0,1413.1
India,"Seed cotton, unginned",2015,11870000.0,15943000.0,1343.1
India,"Seed cotton, unginned",2016,10830000.0,17308000.0,1598.2
India,"Seed cotton, unginned",2017,12430000.0,17425000.0,1401.9
India,"Seed cotton, unginned",2018,12586000.0,14657000.0,1164.5
India,"Seed cotton, unginned",2019,12614000.0,18558000.0,1471.2
India,"Seed cotton, unginned",2020,13477000.0,17731050.0,1315.7
India,"Seed cotton, unginned",2021,13285890.0,17204000.0,1294.9
India,"Seed cotton, unginned",2022,12926801.0,15000000.0,1160.4
India,"Seed cotton, unginned",2023,12687643.0,16400000.0,1292.6
India,"Seed cotton, unginned",2024,11446846.0,15000000.0,1310.4
India,Sesame seed,2010,2083203.0,892995.0,428.7
India,Sesame seed,2011,1901550.0,810272.0,426.1
India,Sesame seed,2012,1705757.0,685024.0,401.6
India,Sesame seed,2013,1678903.0,714582.5,425.6
India,Sesame seed,2014,1746062.0,827830.0,474.1
India,Sesame seed,2015,1950880.0,850065.2,435.7
India,Sesame seed,2016,1666926.0,747030.35,448.1
India,Sesame seed,2017,1579767.0,755425.35,478.2
India,Sesame seed,2018,1419975.0,689309.75,485.4
India,Sesame seed,2019,1622602.0,657497.85,405.2
India,Sesame seed,2020,1722667.0,816813.37,474.2
India,Sesame seed,2021,1627045.0,788744.0,484.8
India,Sesame seed,2022,1043086.0,391669.44,375.5
India,Sesame seed,2023,1488224.0,805474.37,541.2
India,Sesame seed,2024,1552614.0,866110.89,557.8
India,Sheep and Goat Meat,2010,,1058411.13,
India,Sheep and Goat Meat,2011,,1120703.85,
India,Sheep and Goat Meat,2012,,1182646.15,
India,Sheep and Goat Meat,2013,,1317383.35,
India,Sheep and Goat Meat,2014,,1443210.0,
India,Sheep and Goat Meat,2015,,1515651.83,
India,Sheep and Goat Meat,2016,,1617373.91,
India,Sheep and Goat Meat,2017,,1719386.21,
India,Sheep and Goat Meat,2018,,1775900.0,
India,Sheep and Goat Meat,2019,,1948700.0,
India,Sheep and Goat Meat,2020,,2095740.0,
India,Sheep and Goat Meat,2021,,2226150.0,
India,Sheep and Goat Meat,2022,,2440020.0,
India,Sheep and Goat Meat,2023,,2730390.0,
India,Sheep and Goat Meat,2024,,3014827.3,
India,"Sheep fat, unrendered",2010,,15631.16,
India,"Sheep fat, unrendered",2011,,16884.28,
India,"Sheep fat, unrendered",2012,,18073.34,
India,"Sheep fat, unrendered",2013,,20839.03,
India,"Sheep fat, unrendered",2014,,22534.89,
India,"Sheep fat, unrendered",2015,,24990.96,
India,"Sheep fat, unrendered",2016,,27201.34,
India,"Sheep fat, unrendered",2017,,29430.0,
India,"Sheep fat, unrendered",2018,,28877.35,
India,"Sheep fat, unrendered",2019,,32762.65,
India,"Sheep fat, unrendered",2020,,37617.35,
India,"Sheep fat, unrendered",2021,,40893.15,
India,"Sheep fat, unrendered",2022,,43717.04,
India,"Sheep fat, unrendered",2023,,48617.31,
India,"Sheep fat, unrendered",2024,,55031.68,
India,"Shorn wool, greasy, including fleece-washed shorn wool",2010,,42991.0,
India,"Shorn wool, greasy, including fleece-washed shorn wool",2011,,44700.0,
India,"Shorn wool, greasy, including fleece-washed shorn wool",2012,,46100.0,
India,"Shorn wool, greasy, including fleece-washed shorn wool",2013,,47909.0,
India,"Shorn wool, greasy, including fleece-washed shorn wool",2014,,48140.0,
India,"Shorn wool, greasy, including fleece-washed shorn wool",2015,,43600.0,
India,"Shorn wool, greasy, including fleece-washed shorn wool",2016,,43500.0,
India,"Shorn wool, greasy, including fleece-washed shorn wool",2017,,41500.0,
India,"Shorn wool, greasy, including fleece-washed shorn wool",2018,,40400.0,
India,"Shorn wool, greasy, including fleece-washed shorn wool",2019,,36700.0,
India,"Shorn wool, greasy, including fleece-washed shorn wool",2020,,36760.0,
India,"Shorn wool, greasy, including fleece-washed shorn wool",2021,,36930.0,
India,"Shorn wool, greasy, including fleece-washed shorn wool",2022,,32920.0,
India,"Shorn wool, greasy, including fleece-washed shorn wool",2023,,33610.0,
India,"Shorn wool, greasy, including fleece-washed shorn wool",2024,,33690.0,
India,Silk-worm cocoons suitable for reeling,2010,,131266.67,
India,Silk-worm cocoons suitable for reeling,2011,,136066.67,
India,Silk-worm cocoons suitable for reeling,2012,,153733.33,
India,Silk-worm cocoons suitable for reeling,2013,,157860.0,
India,Silk-worm cocoons suitable for reeling,2014,,176535.7,
India,Silk-worm cocoons suitable for reeling,2015,,191445.65,
India,Silk-worm cocoons suitable for reeling,2016,,190177.14,
India,Silk-worm cocoons suitable for reeling,2017,,202320.32,
India,Silk-worm cocoons suitable for reeling,2018,,212706.96,
India,Silk-worm cocoons suitable for reeling,2019,,235074.04,
India,Silk-worm cocoons suitable for reeling,2020,,238800.07,
India,Silk-worm cocoons suitable for reeling,2021,,225202.52,
India,Silk-worm cocoons suitable for reeling,2022,,243880.08,
India,Silk-worm cocoons suitable for reeling,2023,,259420.46,
India,Silk-worm cocoons suitable for reeling,2024,,260000.0,
India,"Skim Milk & Buttermilk, Dry",2010,,140437.0,
India,"Skim Milk & Buttermilk, Dry",2011,,165650.0,
India,"Skim Milk & Buttermilk, Dry",2012,,183041.0,
India,"Skim Milk & Buttermilk, Dry",2013,,200000.0,
India,"Skim Milk & Buttermilk, Dry",2014,,211653.18,
India,"Skim Milk & Buttermilk, Dry",2015,,228779.04,
India,"Skim Milk & Buttermilk, Dry",2016,,242756.3,
India,"Skim Milk & Buttermilk, Dry",2017,,262039.73,
India,"Skim Milk & Buttermilk, Dry",2018,,279758.12,
India,"Skim Milk & Buttermilk, Dry",2019,,297651.56,
India,"Skim Milk & Buttermilk, Dry",2020,,346834.63,
India,"Skim Milk & Buttermilk, Dry",2021,,338081.22,
India,"Skim Milk & Buttermilk, Dry",2022,,551479.71,
India,"Skim Milk & Buttermilk, Dry",2023,,629154.69,
India,Skim milk and whey powder,2010,,140437.0,
India,Skim milk and whey powder,2011,,165650.0,
India,Skim milk and whey powder,2012,,183041.0,
India,Skim milk and whey powder,2013,,200000.0,
India,Skim milk and whey powder,2014,,211653.18,
India,Skim milk and whey powder,2015,,228779.04,
India,Skim milk and whey powder,2016,,242756.3,
India,Skim milk and whey powder,2017,,262039.73,
India,Skim milk and whey powder,2018,,279758.12,
India,Skim milk and whey powder,2019,,297651.56,
India,Skim milk and whey powder,2020,,346834.63,
India,Skim milk and whey powder,2021,,338081.22,
India,Skim milk and whey powder,2022,,551479.71,
India,Skim milk and whey powder,2023,,629154.69,
India,Skim milk of cows,2010,,2079769.3,
India,Skim milk of cows,2011,,2190426.84,
India,Skim milk of cows,2012,,2265390.04,
India,Skim milk of cows,2013,,2353321.02,
India,Skim milk of cows,2014,,2526185.09,
India,Skim milk of cows,2015,,2802542.61,
India,Skim milk of cows,2016,,2966692.39,
India,Skim milk of cows,2017,,3180251.34,
India,Skim milk of cows,2018,,3415714.77,
India,Skim milk of cows,2019,,3671215.48,
India,Skim milk of cows,2020,,4279741.92,
India,Skim milk of cows,2021,,4170632.65,
India,Skim milk of cows,2022,,6802920.0,
India,Skim milk of cows,2023,,7762032.0,
India,Sorghum,2010,7620438.0,7374117.0,967.7
India,Sorghum,2011,6929541.0,6857018.0,989.5
India,Sorghum,2012,6051300.0,5526480.0,913.3
India,Sorghum,2013,6065840.0,4833696.0,796.9
India,Sorghum,2014,5784493.0,5449510.0,942.1
India,Sorghum,2015,6031678.0,4961340.0,822.5
India,Sorghum,2016,5998351.0,4386084.2,731.2
India,Sorghum,2017,5624910.0,4877351.18,867.1
India,Sorghum,2018,4719274.0,4264621.52,903.7
India,Sorghum,2019,4093763.0,3437334.88,839.7
India,Sorghum,2020,4710840.0,5061470.76,1074.4
India,Sorghum,2021,4201975.0,4423927.4,1052.8
India,Sorghum,2022,3716443.0,4032110.5,1084.9
India,Sorghum,2023,3442140.0,3842998.2,1116.5
India,Sorghum,2024,4611653.0,5413004.64,1173.8
India,Soya bean oil,2010,,2038000.0,
India,Soya bean oil,2011,,1954000.0,
India,Soya bean oil,2012,,2347000.0,
India,Soya bean oil,2013,,1897000.0,
India,Soya bean oil,2014,,1660000.0,
India,Soya bean oil,2015,,1373000.0,
India,Soya bean oil,2016,,1716000.0,
India,Soya bean oil,2017,,2082000.0,
India,Soya bean oil,2018,,1518000.0,
India,Soya bean oil,2019,,2290000.0,
India,Soya bean oil,2020,,2020000.0,
India,Soya bean oil,2021,,2081000.0,
India,Soya bean oil,2022,,2401000.0,
India,Soya bean oil,2023,,2093000.0,
India,Soya beans,2010,9601036.0,12733697.0,1326.3
India,Soya beans,2011,10109092.0,12213513.0,1208.2
India,Soya beans,2012,10840733.0,14666448.0,1352.9
India,Soya beans,2013,11716408.0,11860818.02,1012.3
India,Soya beans,2014,10910830.0,10373800.0,950.8
India,Soya beans,2015,11604541.0,8569794.62,738.5
India,Soya beans,2016,11183401.0,13158730.0,1176.6
India,Soya beans,2017,10328825.0,10932972.36,1058.5
India,Soya beans,2018,11131257.0,13267518.8,1191.9
India,Soya beans,2019,12192707.0,11225853.4,920.7
India,Soya beans,2020,12918278.0,12610296.12,976.2
India,Soya beans,2021,12146576.0,12986722.0,1069.2
India,Soya beans,2022,13084089.0,14984927.37,1145.3
India,Soya beans,2023,13254897.0,13061988.83,985.4
India,Soya beans,2024,12939104.0,15132082.17,1169.5
India,Strawberries,2015,1000.0,8000.0,8000.0
India,Strawberries,2016,694.0,4902.6,7064.3
India,Strawberries,2017,511.0,3760.0,7358.1
India,Strawberries,2018,653.0,5310.58,8137.3
India,Strawberries,2019,742.0,4919.0,6629.4
India,Strawberries,2020,944.0,8663.0,9176.9
India,Strawberries,2021,3309.0,19835.0,5994.3
India,Strawberries,2022,2569.0,11382.0,4430.5
India,Strawberries,2023,2421.0,18869.0,7793.9
India,Strawberries,2024,3031.0,21100.56,6961.6
India,Sugar Crops Primary,2010,4174600.0,292301600.0,70019.1
India,Sugar Crops Primary,2011,4944390.0,342382016.0,69246.6
India,Sugar Crops Primary,2012,5040000.0,361036992.0,71634.3
India,Sugar Crops Primary,2013,5000000.0,341200000.0,68240.0
India,Sugar Crops Primary,2014,4990000.0,352142000.0,70569.5
India,Sugar Crops Primary,2015,5070000.0,362333000.0,71466.1
India,Sugar Crops Primary,2016,4950000.0,348448000.0,70393.5
India,Sugar Crops Primary,2017,4435690.0,306069000.0,69001.4
India,Sugar Crops Primary,2018,4737060.0,379904850.0,80198.4
India,Sugar Crops Primary,2019,5061090.0,405416180.0,80104.5
India,Sugar Crops Primary,2020,4602680.0,370500300.0,80496.6
India,Sugar Crops Primary,2021,4851230.0,405398710.0,83566.2
India,Sugar Crops Primary,2022,5175410.0,439424890.0,84906.3
India,Sugar Crops Primary,2023,5885317.0,490533351.06,83348.7
India,Sugar Crops Primary,2024,5739595.0,453158493.75,78953.0
India,Sugar cane,2010,4174600.0,292301600.0,70019.1
India,Sugar cane,2011,4944390.0,342382016.0,69246.6
India,Sugar cane,2012,5040000.0,361036992.0,71634.3
India,Sugar cane,2013,5000000.0,341200000.0,68240.0
India,Sugar cane,2014,4990000.0,352142000.0,70569.5
India,Sugar cane,2015,5070000.0,362333000.0,71466.1
India,Sugar cane,2016,4950000.0,348448000.0,70393.5
India,Sugar cane,2017,4435690.0,306069000.0,69001.4
India,Sugar cane,2018,4737060.0,379904850.0,80198.4
India,Sugar cane,2019,5061090.0,405416180.0,80104.5
India,Sugar cane,2020,4602680.0,370500300.0,80496.6
India,Sugar cane,2021,4851230.0,405398710.0,83566.2
India,Sugar cane,2022,5175410.0,439424890.0,84906.3
India,Sugar cane,2023,5885317.0,490533351.06,83348.7
India,Sugar cane,2024,5739595.0,453158493.75,78953.0
India,Sunflower seed,2010,1224122.0,828144.0,676.5
India,Sunflower seed,2011,873869.0,606616.0,694.2
India,Sunflower seed,2012,772712.0,556423.0,720.1
India,Sunflower seed,2013,785543.0,527964.0,672.1
India,Sunflower seed,2014,635200.0,480900.0,757.1
India,Sunflower seed,2015,532300.0,357432.4,671.5
India,Sunflower seed,2016,502845.0,328358.25,653.0
India,Sunflower seed,2017,342981.0,237832.08,693.4
India,Sunflower seed,2018,266117.0,227193.74,853.7
India,Sunflower seed,2019,269571.0,217745.25,807.7
India,Sunflower seed,2020,201789.0,198440.27,983.4
India,Sunflower seed,2021,264977.0,261383.85,986.4
India,Sunflower seed,2022,351445.0,343194.28,976.5
India,Sunflower seed,2023,212714.0,218987.65,1029.5
India,Sunflower seed,2024,157662.0,177328.95,1124.7
India,"Sunflower-seed oil, crude",2010,,215000.0,
India,"Sunflower-seed oil, crude",2011,,170000.0,
India,"Sunflower-seed oil, crude",2012,,180000.0,
India,"Sunflower-seed oil, crude",2013,,166000.0,
India,"Sunflower-seed oil, crude",2014,,143000.0,
India,"Sunflower-seed oil, crude",2015,,98000.0,
India,"Sunflower-seed oil, crude",2016,,80000.0,
India,"Sunflower-seed oil, crude",2017,,70000.0,
India,"Sunflower-seed oil, crude",2018,,73000.0,
India,"Sunflower-seed oil, crude",2019,,72000.0,
India,"Sunflower-seed oil, crude",2020,,76000.0,
India,"Sunflower-seed oil, crude",2021,,83000.0,
India,"Sunflower-seed oil, crude",2022,,121000.0,
India,"Sunflower-seed oil, crude",2023,,58000.0,
India,Sweet potatoes,2010,118900.0,1094700.0,9206.9
India,Sweet potatoes,2011,113200.0,1046600.0,9245.6
India,Sweet potatoes,2012,110400.0,1072800.0,9717.4
India,Sweet potatoes,2013,111800.0,1132400.0,10128.8
India,Sweet potatoes,2014,105870.0,1087880.0,10275.6
India,Sweet potatoes,2015,107000.0,1228000.0,11476.6
India,Sweet potatoes,2016,126000.0,1454000.0,11539.7
India,Sweet potatoes,2017,128000.0,1460000.0,11406.3
India,Sweet potatoes,2018,131000.0,1500000.0,11450.4
India,Sweet potatoes,2019,110000.0,1156000.0,10509.1
India,Sweet potatoes,2020,108000.0,1141000.0,10564.8
India,Sweet potatoes,2021,106000.0,1121000.0,10575.5
India,Sweet potatoes,2022,107000.0,1184000.0,11065.4
India,Sweet potatoes,2023,110000.0,1289000.0,11718.2
India,Sweet potatoes,2024,111866.0,1305997.0,11674.7
India,Tallow,2010,,104632.21,
India,Tallow,2011,,104673.7,
India,Tallow,2012,,104174.58,
India,Tallow,2013,,104235.25,
India,Tallow,2014,,105321.41,
India,Tallow,2015,,102321.16,
India,Tallow,2016,,100792.73,
India,Tallow,2017,,101061.56,
India,Tallow,2018,,103018.4,
India,Tallow,2019,,103370.97,
India,Tallow,2020,,56763.2,
India,Tallow,2021,,124825.44,
India,Tallow,2022,,157390.73,
India,Tallow,2023,,165653.33,
India,"Tangerines, mandarins, clementines",2010,285000.0,2084000.0,7312.3
India,"Tangerines, mandarins, clementines",2011,324000.0,3255000.0,10046.3
India,"Tangerines, mandarins, clementines",2012,329000.0,3128000.0,9507.6
India,"Tangerines, mandarins, clementines",2013,311000.0,2906000.0,9344.1
India,"Tangerines, mandarins, clementines",2014,330000.0,3431000.0,10397.0
India,"Tangerines, mandarins, clementines",2015,299000.0,3699000.0,12371.2
India,"Tangerines, mandarins, clementines",2016,396930.0,4112802.07,10361.5
India,"Tangerines, mandarins, clementines",2017,410230.0,4437500.0,10817.1
India,"Tangerines, mandarins, clementines",2018,428306.0,5101210.59,11910.2
India,"Tangerines, mandarins, clementines",2019,468680.0,6242995.85,13320.4
India,"Tangerines, mandarins, clementines",2020,454456.0,6136154.85,13502.2
India,"Tangerines, mandarins, clementines",2021,476511.0,6219381.0,13051.9
India,"Tangerines, mandarins, clementines",2022,454000.0,6303000.0,13883.3
India,"Tangerines, mandarins, clementines",2023,460000.0,6178000.0,13430.4
India,"Tangerines, mandarins, clementines",2024,474055.0,6075893.0,12816.9
India,Tea leaves,2010,579000.0,4309000.0,7442.1
India,Tea leaves,2011,600000.0,4763000.0,7938.3
India,Tea leaves,2012,605000.0,4935000.0,8157.0
India,Tea leaves,2013,563980.0,5256000.0,9319.5
India,Tea leaves,2014,604000.0,5249000.0,8690.4
India,Tea leaves,2015,566660.0,5361000.0,9460.7
India,Tea leaves,2016,577480.0,5437000.0,9415.0
India,Tea leaves,2017,621610.0,5761000.0,9267.9
India,Tea leaves,2018,621990.0,5820000.0,9357.1
India,Tea leaves,2019,637223.0,6044000.0,9484.9
India,Tea leaves,2020,572021.0,5485000.0,9588.8
India,Tea leaves,2021,627712.0,6090000.0,9701.9
India,Tea leaves,2022,633750.0,6231000.0,9832.0
India,Tea leaves,2023,607373.0,6033531.0,9933.8
India,Tea leaves,2024,613416.0,6156031.41,10035.7
India,Tomatoes,2010,634400.0,12433200.0,19598.4
India,Tomatoes,2011,865000.0,16526000.0,19105.2
India,Tomatoes,2012,907000.0,18653000.0,20565.6
India,Tomatoes,2013,880000.0,18227000.0,20712.5
India,Tomatoes,2014,882030.0,18735910.0,21241.8
India,Tomatoes,2015,767000.0,16385000.0,21362.5
India,Tomatoes,2016,774000.0,18732000.0,24201.6
India,Tomatoes,2017,797000.0,20708000.0,25982.4
India,Tomatoes,2018,789000.0,19759000.0,25043.1
India,Tomatoes,2019,781000.0,19007000.0,24336.7
India,Tomatoes,2020,818000.0,20550000.0,25122.2
India,Tomatoes,2021,845000.0,21181000.0,25066.3
India,Tomatoes,2022,843000.0,20694000.0,24548.0
India,Tomatoes,2023,849000.0,20425000.0,24057.7
India,Tomatoes,2024,853993.0,21323223.0,24968.8
India,"Treenuts, Total",2010,953800.0,651000.0,682.5
India,"Treenuts, Total",2011,1090200.0,875600.0,803.2
India,"Treenuts, Total",2012,1151000.0,1013000.0,880.1
India,"Treenuts, Total",2013,1136000.0,995000.0,875.9
India,"Treenuts, Total",2014,1154000.0,1007000.0,872.6
India,"Treenuts, Total",2015,1166000.0,993000.0,851.6
India,"Treenuts, Total",2016,1139747.0,907530.2,796.3
India,"Treenuts, Total",2017,1102190.0,1039383.0,943.0
India,"Treenuts, Total",2018,1181210.0,1130395.28,957.0
India,"Treenuts, Total",2019,1222976.0,1053145.0,861.1
India,"Treenuts, Total",2020,1241983.0,1000296.0,805.4
India,"Treenuts, Total",2021,1277691.0,1030764.39,806.7
India,"Treenuts, Total",2022,1297827.0,1052973.0,811.3
India,"Treenuts, Total",2023,1302029.0,1110463.0,852.9
India,"Treenuts, Total",2024,1306048.0,1125031.47,861.4
India,Unmanufactured tobacco,2010,444280.0,690000.0,1553.1
India,Unmanufactured tobacco,2011,490000.0,830000.0,1693.9
India,Unmanufactured tobacco,2012,460000.0,820000.0,1782.6
India,Unmanufactured tobacco,2013,445873.0,765153.82,1716.1
India,Unmanufactured tobacco,2014,424511.0,719419.96,1694.7
India,Unmanufactured tobacco,2015,430962.0,738029.07,1712.5
India,Unmanufactured tobacco,2016,435530.0,747976.54,1717.4
India,Unmanufactured tobacco,2017,431801.0,744410.42,1724.0
India,Unmanufactured tobacco,2018,427979.0,744046.46,1738.5
India,Unmanufactured tobacco,2019,425736.0,746861.05,1754.3
India,Unmanufactured tobacco,2020,419350.0,740127.71,1764.9
India,Unmanufactured tobacco,2021,409289.0,731141.68,1786.4
India,Unmanufactured tobacco,2022,418125.0,727518.19,1740.0
India,Unmanufactured tobacco,2023,415588.0,727360.54,1750.2
India,Unmanufactured tobacco,2024,414334.0,727202.88,1755.1
India,"Walnuts, in shell",2010,30800.0,38000.0,1233.8
India,"Walnuts, in shell",2011,114000.0,187000.0,1640.4
India,"Walnuts, in shell",2012,150000.0,284000.0,1893.3
India,"Walnuts, in shell",2013,123000.0,233000.0,1894.3
India,"Walnuts, in shell",2014,122000.0,241000.0,1975.4
India,"Walnuts, in shell",2015,115000.0,238000.0,2069.6
India,"Walnuts, in shell",2016,92062.0,228597.2,2483.1
India,"Walnuts, in shell",2017,112115.0,287322.0,2562.7
India,"Walnuts, in shell",2018,108626.0,299707.28,2759.1
India,"Walnuts, in shell",2019,107544.0,299178.0,2781.9
India,"Walnuts, in shell",2020,108029.0,286422.0,2651.3
India,"Walnuts, in shell",2021,108535.0,281482.39,2593.5
India,"Walnuts, in shell",2022,103545.0,288927.0,2790.4
India,"Walnuts, in shell",2023,97085.0,316008.0,3255.0
India,"Walnuts, in shell",2024,97284.0,317776.0,3266.5
India,Watermelons,2010,61257.0,1258257.99,20540.7
India,Watermelons,2011,67400.0,1436500.0,21313.1
India,Watermelons,2012,71000.0,1727000.0,24323.9
India,Watermelons,2013,81000.0,1789000.0,22086.4
India,Watermelons,2014,75000.0,1810000.0,24133.3
India,Watermelons,2015,89000.0,2145000.0,24101.1
India,Watermelons,2016,95000.0,2325000.0,24473.7
India,Watermelons,2017,91000.0,2182000.0,23978.0
India,Watermelons,2018,101000.0,2520000.0,24950.5
India,Watermelons,2019,100000.0,2495000.0,24950.0
India,Watermelons,2020,116000.0,3157000.0,27215.5
India,Watermelons,2021,119000.0,3254000.0,27344.5
India,Watermelons,2022,120000.0,3308000.0,27566.7
India,Watermelons,2023,126000.0,3626000.0,28777.8
India,Watermelons,2024,127811.0,3721254.0,29115.3
India,Wheat,2010,28457400.0,80803600.0,2839.5
India,Wheat,2011,29068600.0,86874000.0,2988.6
India,Wheat,2012,29860000.0,94880000.0,3177.5
India,Wheat,2013,29650000.0,93510000.0,3153.8
India,Wheat,2014,30470000.0,95850000.0,3145.7
India,Wheat,2015,31470000.0,86530000.0,2749.6
India,Wheat,2016,30420000.0,92290000.0,3033.9
India,Wheat,2017,30785230.0,98510220.0,3199.9
India,Wheat,2018,29650590.0,99869520.0,3368.2
India,Wheat,2019,29318780.0,103596230.0,3533.4
India,Wheat,2020,31357020.0,107860510.0,3439.8
India,Wheat,2021,31125160.0,109586500.0,3520.8
India,Wheat,2022,30458530.0,107742070.0,3537.3
India,Wheat,2023,31400716.0,110553675.31,3520.7
India,Wheat,2024,31832884.0,113292368.0,3559.0
India,"Whey, dry",2010,,856.09,
India,"Whey, dry",2011,,901.28,
India,"Whey, dry",2012,,932.3,
India,"Whey, dry",2013,,969.27,
India,"Whey, dry",2014,,1050.0,
India,"Whey, dry",2015,,1154.03,
India,"Whey, dry",2016,,1224.86,
India,"Whey, dry",2017,,1309.86,
India,"Whey, dry",2018,,1407.87,
India,"Whey, dry",2019,,1513.18,
India,"Whey, dry",2020,,1764.0,
India,"Whey, dry",2021,,1719.03,
India,"Whey, dry",2022,,5512.5,
India,"Whey, dry",2023,,6982.5,
India,Whole milk powder,2010,,1254.29,
India,Whole milk powder,2011,,871.06,
India,Whole milk powder,2012,,1329.44,
India,Whole milk powder,2013,,1941.45,
India,Whole milk powder,2014,,4000.0,
India,Whole milk powder,2015,,3236.44,
India,Whole milk powder,2016,,4573.76,
India,Whole milk powder,2017,,3774.93,
India,Whole milk powder,2018,,4420.94,
India,Whole milk powder,2019,,4751.64,
India,Whole milk powder,2020,,5539.25,
India,Whole milk powder,2021,,5398.03,
India,Whole milk powder,2022,,951945.15,
India,Whole milk powder,2023,,1328860.0,
India,"Whole milk, condensed",2010,,361.76,
India,"Whole milk, condensed",2011,,388.63,
India,"Whole milk, condensed",2012,,400.0,
India,"Whole milk, condensed",2013,,420.63,
India,"Whole milk, condensed",2014,,470.5,
India,"Whole milk, condensed",2015,,491.8,
India,"Whole milk, condensed",2016,,517.46,
India,"Whole milk, condensed",2017,,568.24,
India,"Whole milk, condensed",2018,,601.92,
India,"Whole milk, condensed",2019,,640.47,
India,"Whole milk, condensed",2020,,746.3,
India,"Whole milk, condensed",2021,,727.46,
India,"Whole milk, condensed",2022,,1195.48,
India,"Whole milk, condensed",2023,,1366.13,
India,"Whole milk, evaporated",2010,,327.71,
India,"Whole milk, evaporated",2011,,350.0,
India,"Whole milk, evaporated",2012,,356.74,
India,"Whole milk, evaporated",2013,,367.71,
India,"Whole milk, evaporated",2014,,412.31,
India,"Whole milk, evaporated",2015,,428.64,
India,"Whole milk, evaporated",2016,,452.62,
India,"Whole milk, evaporated",2017,,496.5,
India,"Whole milk, evaporated",2018,,525.6,
India,"Whole milk, evaporated",2019,,564.92,
India,"Whole milk, evaporated",2020,,658.56,
India,"Whole milk, evaporated",2021,,641.77,
India,"Whole milk, evaporated",2022,,2058.0,
India,"Whole milk, evaporated",2023,,2606.8,
India,Yams,2014,5000.0,222000.0,44400.0
India,Yams,2015,24000.0,678000.0,28250.0
India,Yams,2016,27775.0,732727.0,26380.8
India,Yams,2017,28837.0,747769.0,25930.9
India,Yams,2018,30385.0,773879.63,25469.3
India,Yams,2019,32568.0,816972.0,25085.1
India,Yams,2020,31273.0,724095.8,23154.0
India,Yams,2021,38384.0,874210.78,22775.5
India,Yams,2022,42000.0,1040000.0,24761.9
India,Yams,2023,39000.0,987000.0,25307.7
India,Yams,2024,39000.0,977000.0,25051.3
