country,latitude,longitude,crop,planting_start_day,planting_end_day,harvest_start_day,harvest_end_day,planting_start_month,planting_end_month,harvest_start_month,harvest_end_month
India,30.750001271565758,77.25001271565755,Barley,92.0,147.0,197.0,224.0,4,5,7.0,8.0
India,30.750001271565758,77.75001271565755,Barley,246.0,280.0,8.0,63.0,9,10,1.0,3.0
India,31.250001271565758,77.75001271565755,Barley,246.0,280.0,8.0,63.0,9,10,1.0,3.0
India,31.250001271565758,78.25001271565755,Barley,92.0,147.0,197.0,224.0,4,5,7.0,8.0
India,31.250001271565758,78.75001271565755,Barley,92.0,147.0,197.0,224.0,4,5,7.0,8.0
India,31.750001271565758,78.25001271565755,Barley,92.0,147.0,197.0,224.0,4,5,7.0,8.0
India,24.25000063578288,68.75001271565755,Barley Winter,283.0,324.0,70.0,120.0,10,11,3.0,4.0
India,24.25000063578288,69.25001271565755,Barley Winter,283.0,324.0,70.0,120.0,10,11,3.0,4.0
India,25.75000063578288,70.25001271565755,Barley Winter,283.0,324.0,70.0,120.0,10,11,3.0,4.0
India,34.75000127156576,74.25001271565755,Barley Winter,283.0,324.0,70.0,120.0,10,11,3.0,4.0
India,34.75000127156576,76.75001271565755,Barley Winter,283.0,324.0,70.0,120.0,10,11,3.0,4.0
India,8.25000031789144,77.75001271565755,Cotton,15.0,84.0,148.0,224.0,1,3,5.0,8.0
India,8.75000031789144,77.25001271565755,Cotton,15.0,84.0,148.0,224.0,1,3,5.0,8.0
India,8.75000031789144,77.75001271565755,Cotton,260.0,287.0,22.0,70.0,9,10,1.0,3.0
India,9.25000031789144,77.75001271565755,Cotton,246.0,273.0,344.0,49.0,9,9,12.0,2.0
India,9.25000031789144,78.25001271565755,Cotton,211.0,287.0,323.0,63.0,7,10,11.0,3.0
India,9.25000031789144,78.75001271565755,Cotton,211.0,287.0,323.0,63.0,7,10,11.0,3.0
India,9.75000031789144,77.25001271565755,Cotton,211.0,287.0,323.0,63.0,7,10,11.0,3.0
India,9.75000031789144,77.75001271565755,Cotton,211.0,287.0,323.0,63.0,7,10,11.0,3.0
India,9.75000031789144,78.25001271565755,Cotton,211.0,287.0,323.0,63.0,7,10,11.0,3.0
India,10.25000031789144,77.25001271565755,Cotton,225.0,287.0,344.0,63.0,8,10,12.0,3.0
India,10.25000031789144,77.75001271565755,Cotton,225.0,287.0,344.0,63.0,8,10,12.0,3.0
India,10.25000031789144,78.25001271565755,Cotton,225.0,287.0,344.0,63.0,8,10,12.0,3.0
India,10.75000031789144,76.75001271565755,Cotton,225.0,287.0,344.0,63.0,8,10,12.0,3.0
India,10.75000031789144,77.25001271565755,Cotton,225.0,287.0,344.0,63.0,8,10,12.0,3.0
India,10.75000031789144,77.75001271565755,Cotton,211.0,273.0,358.0,49.0,7,9,12.0,2.0
India,11.25000031789144,77.25001271565755,Cotton,211.0,273.0,358.0,49.0,7,9,12.0,2.0
India,11.25000031789144,77.75001271565755,Cotton,211.0,273.0,358.0,49.0,7,9,12.0,2.0
India,11.750000635782875,78.75001271565755,Cotton,344.0,49.0,120.0,189.0,12,2,4.0,7.0
India,11.750000635782875,79.25001271565755,Cotton,344.0,49.0,120.0,189.0,12,2,4.0,7.0
India,11.750000635782875,79.75001271565755,Cotton,344.0,49.0,120.0,189.0,12,2,4.0,7.0
India,12.250000635782875,79.75001271565755,Cotton,344.0,49.0,120.0,189.0,12,2,4.0,7.0
India,14.250000635782875,79.75001271565755,Cotton,43.0,91.0,197.0,238.0,2,3,7.0,8.0
India,14.750000635782875,75.75001271565755,Cotton,155.0,196.0,1.0,42.0,6,7,1.0,2.0
India,14.750000635782875,76.25001271565755,Cotton,155.0,196.0,1.0,42.0,6,7,1.0,2.0
India,14.750000635782875,79.25001271565755,Cotton,43.0,91.0,197.0,238.0,2,3,7.0,8.0
India,14.750000635782875,79.75001271565755,Cotton,43.0,91.0,197.0,238.0,2,3,7.0,8.0
India,15.250000635782875,76.75001271565755,Cotton,155.0,196.0,1.0,42.0,6,7,1.0,2.0
India,15.250000635782875,77.25001271565755,Cotton,183.0,238.0,15.0,63.0,7,8,1.0,3.0
India,15.250000635782875,77.75001271565755,Cotton,183.0,238.0,15.0,63.0,7,8,1.0,3.0
India,15.250000635782875,78.25001271565755,Cotton,183.0,238.0,15.0,63.0,7,8,1.0,3.0
India,15.250000635782875,78.75001271565755,Cotton,183.0,238.0,15.0,63.0,7,8,1.0,3.0
India,15.250000635782875,79.25001271565755,Cotton,155.0,224.0,316.0,28.0,6,8,11.0,1.0
India,15.250000635782875,79.75001271565755,Cotton,155.0,224.0,316.0,28.0,6,8,11.0,1.0
India,15.750000635782875,74.75001271565755,Cotton,155.0,196.0,309.0,364.0,6,7,11.0,12.0
India,15.750000635782875,75.25001271565755,Cotton,155.0,196.0,309.0,364.0,6,7,11.0,12.0
India,15.750000635782875,77.25001271565755,Cotton,183.0,238.0,15.0,63.0,7,8,1.0,3.0
India,15.750000635782875,77.75001271565755,Cotton,183.0,238.0,15.0,63.0,7,8,1.0,3.0
India,15.750000635782875,78.25001271565755,Cotton,183.0,238.0,15.0,63.0,7,8,1.0,3.0
India,15.750000635782875,78.75001271565755,Cotton,183.0,238.0,15.0,63.0,7,8,1.0,3.0
India,15.750000635782875,79.25001271565755,Cotton,155.0,224.0,316.0,28.0,6,8,11.0,1.0
India,15.750000635782875,79.75001271565755,Cotton,155.0,224.0,316.0,28.0,6,8,11.0,1.0
India,15.750000635782875,80.25001271565755,Cotton,155.0,224.0,316.0,28.0,6,8,11.0,1.0
India,16.25000063578288,74.75001271565755,Cotton,155.0,196.0,309.0,364.0,6,7,11.0,12.0
India,16.25000063578288,79.25001271565755,Cotton,155.0,224.0,316.0,28.0,6,8,11.0,1.0
India,16.25000063578288,79.75001271565755,Cotton,155.0,224.0,316.0,28.0,6,8,11.0,1.0
India,16.25000063578288,80.25001271565755,Cotton,155.0,224.0,316.0,28.0,6,8,11.0,1.0
India,16.25000063578288,80.75001271565755,Cotton,155.0,224.0,316.0,28.0,6,8,11.0,1.0
India,16.75000063578288,80.25001271565755,Cotton,155.0,224.0,316.0,28.0,6,8,11.0,1.0
India,16.75000063578288,80.75001271565755,Cotton,155.0,224.0,316.0,28.0,6,8,11.0,1.0
India,18.75000063578288,77.25001271565755,Cotton,162.0,196.0,323.0,7.0,6,7,11.0,1.0
India,18.75000063578288,77.75001271565755,Cotton,162.0,196.0,323.0,7.0,6,7,11.0,1.0
India,19.25000063578288,76.25001271565755,Cotton,155.0,203.0,309.0,14.0,6,7,11.0,1.0
India,19.25000063578288,76.75001271565755,Cotton,155.0,203.0,309.0,14.0,6,7,11.0,1.0
India,19.25000063578288,77.25001271565755,Cotton,155.0,203.0,309.0,14.0,6,7,11.0,1.0
India,19.25000063578288,77.75001271565755,Cotton,162.0,196.0,323.0,7.0,6,7,11.0,1.0
India,19.75000063578288,75.25001271565755,Cotton,155.0,203.0,309.0,14.0,6,7,11.0,1.0
India,19.75000063578288,75.75001271565755,Cotton,155.0,203.0,309.0,14.0,6,7,11.0,1.0
India,19.75000063578288,76.25001271565755,Cotton,155.0,203.0,309.0,14.0,6,7,11.0,1.0
India,19.75000063578288,76.75001271565755,Cotton,155.0,203.0,309.0,14.0,6,7,11.0,1.0
India,19.75000063578288,77.25001271565755,Cotton,155.0,203.0,309.0,14.0,6,7,11.0,1.0
India,19.75000063578288,77.75001271565755,Cotton,162.0,196.0,323.0,7.0,6,7,11.0,1.0
India,19.75000063578288,78.25001271565755,Cotton,162.0,196.0,323.0,7.0,6,7,11.0,1.0
India,19.75000063578288,78.75001271565755,Cotton,162.0,196.0,323.0,7.0,6,7,11.0,1.0
India,20.25000063578288,75.25001271565755,Cotton,155.0,203.0,309.0,14.0,6,7,11.0,1.0
India,20.25000063578288,75.75001271565755,Cotton,155.0,203.0,309.0,14.0,6,7,11.0,1.0
India,20.25000063578288,76.25001271565755,Cotton,134.0,182.0,295.0,343.0,5,6,10.0,12.0
India,20.25000063578288,77.25001271565755,Cotton,162.0,196.0,323.0,7.0,6,7,11.0,1.0
India,20.25000063578288,77.75001271565755,Cotton,162.0,196.0,323.0,7.0,6,7,11.0,1.0
India,20.25000063578288,78.25001271565755,Cotton,162.0,196.0,323.0,7.0,6,7,11.0,1.0
India,20.25000063578288,78.75001271565755,Cotton,162.0,196.0,323.0,7.0,6,7,11.0,1.0
India,20.75000063578288,74.75001271565755,Cotton,134.0,182.0,295.0,343.0,5,6,10.0,12.0
India,20.75000063578288,75.25001271565755,Cotton,134.0,182.0,295.0,343.0,5,6,10.0,12.0
India,20.75000063578288,75.75001271565755,Cotton,134.0,182.0,295.0,343.0,5,6,10.0,12.0
India,20.75000063578288,76.25001271565755,Cotton,134.0,182.0,295.0,343.0,5,6,10.0,12.0
India,20.75000063578288,76.75001271565755,Cotton,134.0,182.0,295.0,343.0,5,6,10.0,12.0
India,20.75000063578288,77.25001271565755,Cotton,162.0,196.0,323.0,7.0,6,7,11.0,1.0
India,20.75000063578288,77.75001271565755,Cotton,120.0,189.0,288.0,42.0,4,7,10.0,2.0
India,20.75000063578288,78.25001271565755,Cotton,120.0,189.0,288.0,42.0,4,7,10.0,2.0
India,20.75000063578288,78.75001271565755,Cotton,120.0,189.0,288.0,42.0,4,7,10.0,2.0
India,20.75000063578288,79.25001271565755,Cotton,120.0,189.0,288.0,42.0,4,7,10.0,2.0
India,21.25000063578288,71.75001271565755,Cotton,148.0,189.0,323.0,28.0,5,7,11.0,1.0
India,21.25000063578288,74.25001271565755,Cotton,134.0,182.0,295.0,343.0,5,6,10.0,12.0
India,21.25000063578288,74.75001271565755,Cotton,134.0,182.0,295.0,343.0,5,6,10.0,12.0
India,21.25000063578288,75.25001271565755,Cotton,134.0,182.0,295.0,343.0,5,6,10.0,12.0
India,21.25000063578288,75.75001271565755,Cotton,134.0,182.0,295.0,343.0,5,6,10.0,12.0
India,21.25000063578288,76.75001271565755,Cotton,120.0,189.0,288.0,42.0,4,7,10.0,2.0
India,21.25000063578288,77.25001271565755,Cotton,120.0,189.0,288.0,42.0,4,7,10.0,2.0
India,21.25000063578288,77.75001271565755,Cotton,120.0,189.0,288.0,42.0,4,7,10.0,2.0
India,21.25000063578288,78.25001271565755,Cotton,120.0,189.0,288.0,42.0,4,7,10.0,2.0
India,21.25000063578288,78.75001271565755,Cotton,120.0,189.0,288.0,42.0,4,7,10.0,2.0
India,21.25000063578288,79.25001271565755,Cotton,120.0,189.0,288.0,42.0,4,7,10.0,2.0
India,21.75000063578288,70.75001271565755,Cotton,148.0,189.0,323.0,35.0,5,7,11.0,2.0
India,21.75000063578288,71.75001271565755,Cotton,148.0,189.0,323.0,28.0,5,7,11.0,1.0
India,21.75000063578288,72.75001271565755,Cotton,148.0,189.0,323.0,28.0,5,7,11.0,1.0
India,21.75000063578288,73.25001271565755,Cotton,148.0,189.0,323.0,28.0,5,7,11.0,1.0
India,21.75000063578288,73.75001271565755,Cotton,148.0,189.0,323.0,28.0,5,7,11.0,1.0
India,21.75000063578288,74.25001271565755,Cotton,134.0,182.0,295.0,343.0,5,6,10.0,12.0
India,22.25000063578288,70.75001271565755,Cotton,148.0,189.0,323.0,35.0,5,7,11.0,2.0
India,22.25000063578288,71.25001271565755,Cotton,148.0,189.0,323.0,35.0,5,7,11.0,2.0
India,22.25000063578288,71.75001271565755,Cotton,148.0,189.0,323.0,28.0,5,7,11.0,1.0
India,22.25000063578288,73.25001271565755,Cotton,148.0,189.0,323.0,28.0,5,7,11.0,1.0
India,22.25000063578288,73.75001271565755,Cotton,148.0,189.0,323.0,28.0,5,7,11.0,1.0
India,22.75000063578288,70.75001271565755,Cotton,148.0,189.0,323.0,35.0,5,7,11.0,2.0
India,22.75000063578288,71.25001271565755,Cotton,148.0,189.0,323.0,28.0,5,7,11.0,1.0
India,22.75000063578288,71.75001271565755,Cotton,148.0,189.0,323.0,28.0,5,7,11.0,1.0
India,24.25000063578288,68.75001271565755,Cotton,151.0,209.0,263.0,351.0,5,7,9.0,12.0
India,24.25000063578288,69.25001271565755,Cotton,151.0,209.0,263.0,351.0,5,7,9.0,12.0
India,24.25000063578288,78.75001271565755,Cotton,67.0,166.0,264.0,360.0,3,6,9.0,12.0
India,24.25000063578288,83.25001271565755,Cotton,67.0,166.0,264.0,360.0,3,6,9.0,12.0
India,24.75000063578288,78.25001271565755,Cotton,67.0,166.0,264.0,360.0,3,6,9.0,12.0
India,24.75000063578288,82.25001271565755,Cotton,67.0,166.0,264.0,360.0,3,6,9.0,12.0
India,24.75000063578288,82.75001271565755,Cotton,67.0,166.0,264.0,360.0,3,6,9.0,12.0
India,24.75000063578288,83.25001271565755,Cotton,67.0,166.0,264.0,360.0,3,6,9.0,12.0
India,25.25000063578288,79.25001271565755,Cotton,67.0,166.0,264.0,360.0,3,6,9.0,12.0
India,25.25000063578288,79.75001271565755,Cotton,67.0,166.0,264.0,360.0,3,6,9.0,12.0
India,25.25000063578288,80.25001271565755,Cotton,67.0,166.0,264.0,360.0,3,6,9.0,12.0
India,25.25000063578288,80.75001271565755,Cotton,67.0,166.0,264.0,360.0,3,6,9.0,12.0
India,25.25000063578288,81.25001271565755,Cotton,67.0,166.0,264.0,360.0,3,6,9.0,12.0
India,25.25000063578288,81.75001271565755,Cotton,67.0,166.0,264.0,360.0,3,6,9.0,12.0
India,25.25000063578288,82.25001271565755,Cotton,67.0,166.0,264.0,360.0,3,6,9.0,12.0
India,25.25000063578288,82.75001271565755,Cotton,67.0,166.0,264.0,360.0,3,6,9.0,12.0
India,25.25000063578288,83.25001271565755,Cotton,67.0,166.0,264.0,360.0,3,6,9.0,12.0
India,25.75000063578288,70.25001271565755,Cotton,151.0,209.0,263.0,351.0,5,7,9.0,12.0
India,25.75000063578288,79.25001271565755,Cotton,67.0,166.0,264.0,360.0,3,6,9.0,12.0
India,25.75000063578288,79.75001271565755,Cotton,67.0,166.0,264.0,360.0,3,6,9.0,12.0
India,25.75000063578288,80.25001271565755,Cotton,67.0,166.0,264.0,360.0,3,6,9.0,12.0
India,25.75000063578288,80.75001271565755,Cotton,67.0,166.0,264.0,360.0,3,6,9.0,12.0
India,25.75000063578288,81.25001271565755,Cotton,67.0,166.0,264.0,360.0,3,6,9.0,12.0
India,25.75000063578288,81.75001271565755,Cotton,67.0,166.0,264.0,360.0,3,6,9.0,12.0
India,25.75000063578288,82.25001271565755,Cotton,67.0,166.0,264.0,360.0,3,6,9.0,12.0
India,25.75000063578288,82.75001271565755,Cotton,67.0,166.0,264.0,360.0,3,6,9.0,12.0
India,25.75000063578288,83.25001271565755,Cotton,67.0,166.0,264.0,360.0,3,6,9.0,12.0
India,25.75000063578288,83.75001271565755,Cotton,67.0,166.0,264.0,360.0,3,6,9.0,12.0
India,25.75000063578288,84.25001271565755,Cotton,67.0,166.0,264.0,360.0,3,6,9.0,12.0
India,26.25000063578288,79.25001271565755,Cotton,67.0,166.0,264.0,360.0,3,6,9.0,12.0
India,26.25000063578288,79.75001271565755,Cotton,67.0,166.0,264.0,360.0,3,6,9.0,12.0
India,26.25000063578288,80.25001271565755,Cotton,67.0,166.0,264.0,360.0,3,6,9.0,12.0
India,26.25000063578288,80.75001271565755,Cotton,67.0,166.0,264.0,360.0,3,6,9.0,12.0
India,26.25000063578288,81.25001271565755,Cotton,67.0,166.0,264.0,360.0,3,6,9.0,12.0
India,26.25000063578288,81.75001271565755,Cotton,67.0,166.0,264.0,360.0,3,6,9.0,12.0
India,26.25000063578288,82.25001271565755,Cotton,67.0,166.0,264.0,360.0,3,6,9.0,12.0
India,26.25000063578288,82.75001271565755,Cotton,67.0,166.0,264.0,360.0,3,6,9.0,12.0
India,26.25000063578288,83.25001271565755,Cotton,67.0,166.0,264.0,360.0,3,6,9.0,12.0
India,26.25000063578288,83.75001271565755,Cotton,67.0,166.0,264.0,360.0,3,6,9.0,12.0
India,26.75000063578288,78.25001271565755,Cotton,67.0,166.0,264.0,360.0,3,6,9.0,12.0
India,26.75000063578288,78.75001271565755,Cotton,67.0,166.0,264.0,360.0,3,6,9.0,12.0
India,26.75000063578288,79.25001271565755,Cotton,67.0,166.0,264.0,360.0,3,6,9.0,12.0
India,26.75000063578288,79.75001271565755,Cotton,67.0,166.0,264.0,360.0,3,6,9.0,12.0
India,26.75000063578288,80.25001271565755,Cotton,67.0,166.0,264.0,360.0,3,6,9.0,12.0
India,26.75000063578288,80.75001271565755,Cotton,67.0,166.0,264.0,360.0,3,6,9.0,12.0
India,26.75000063578288,81.25001271565755,Cotton,67.0,166.0,264.0,360.0,3,6,9.0,12.0
India,26.75000063578288,81.75001271565755,Cotton,67.0,166.0,264.0,360.0,3,6,9.0,12.0
India,26.75000063578288,82.25001271565755,Cotton,67.0,166.0,264.0,360.0,3,6,9.0,12.0
India,26.75000063578288,82.75001271565755,Cotton,67.0,166.0,264.0,360.0,3,6,9.0,12.0
India,26.75000063578288,83.25001271565755,Cotton,67.0,166.0,264.0,360.0,3,6,9.0,12.0
India,26.75000063578288,83.75001271565755,Cotton,67.0,166.0,264.0,360.0,3,6,9.0,12.0
India,27.25000063578288,77.75001271565755,Cotton,67.0,166.0,264.0,360.0,3,6,9.0,12.0
India,27.25000063578288,78.25001271565755,Cotton,67.0,166.0,264.0,360.0,3,6,9.0,12.0
India,27.25000063578288,78.75001271565755,Cotton,67.0,166.0,264.0,360.0,3,6,9.0,12.0
India,27.25000063578288,79.25001271565755,Cotton,67.0,166.0,264.0,360.0,3,6,9.0,12.0
India,27.25000063578288,79.75001271565755,Cotton,67.0,166.0,264.0,360.0,3,6,9.0,12.0
India,27.25000063578288,80.25001271565755,Cotton,67.0,166.0,264.0,360.0,3,6,9.0,12.0
India,27.25000063578288,80.75001271565755,Cotton,67.0,166.0,264.0,360.0,3,6,9.0,12.0
India,27.25000063578288,81.25001271565755,Cotton,67.0,166.0,264.0,360.0,3,6,9.0,12.0
India,27.25000063578288,81.75001271565755,Cotton,67.0,166.0,264.0,360.0,3,6,9.0,12.0
India,27.25000063578288,82.25001271565755,Cotton,67.0,166.0,264.0,360.0,3,6,9.0,12.0
India,27.25000063578288,82.75001271565755,Cotton,67.0,166.0,264.0,360.0,3,6,9.0,12.0
India,27.25000063578288,83.25001271565755,Cotton,67.0,166.0,264.0,360.0,3,6,9.0,12.0
India,27.25000063578288,83.75001271565755,Cotton,67.0,166.0,264.0,360.0,3,6,9.0,12.0
India,27.750001271565758,77.25001271565755,Cotton,67.0,166.0,264.0,360.0,3,6,9.0,12.0
India,27.750001271565758,77.75001271565755,Cotton,67.0,166.0,264.0,360.0,3,6,9.0,12.0
India,27.750001271565758,78.25001271565755,Cotton,67.0,166.0,264.0,360.0,3,6,9.0,12.0
India,27.750001271565758,78.75001271565755,Cotton,67.0,166.0,264.0,360.0,3,6,9.0,12.0
India,27.750001271565758,79.25001271565755,Cotton,67.0,166.0,264.0,360.0,3,6,9.0,12.0
India,27.750001271565758,79.75001271565755,Cotton,67.0,166.0,264.0,360.0,3,6,9.0,12.0
India,27.750001271565758,80.25001271565755,Cotton,67.0,166.0,264.0,360.0,3,6,9.0,12.0
India,27.750001271565758,80.75001271565755,Cotton,67.0,166.0,264.0,360.0,3,6,9.0,12.0
India,27.750001271565758,81.25001271565755,Cotton,67.0,166.0,264.0,360.0,3,6,9.0,12.0
India,27.750001271565758,81.75001271565755,Cotton,67.0,166.0,264.0,360.0,3,6,9.0,12.0
India,27.750001271565758,82.25001271565755,Cotton,67.0,166.0,264.0,360.0,3,6,9.0,12.0
India,28.250001271565758,76.25001271565755,Cotton,67.0,166.0,264.0,360.0,3,6,9.0,12.0
India,28.250001271565758,76.75001271565755,Cotton,67.0,166.0,264.0,360.0,3,6,9.0,12.0
India,28.250001271565758,77.25001271565755,Cotton,67.0,166.0,264.0,360.0,3,6,9.0,12.0
India,28.250001271565758,77.75001271565755,Cotton,67.0,166.0,264.0,360.0,3,6,9.0,12.0
India,28.250001271565758,78.25001271565755,Cotton,67.0,166.0,264.0,360.0,3,6,9.0,12.0
India,28.250001271565758,78.75001271565755,Cotton,67.0,166.0,264.0,360.0,3,6,9.0,12.0
India,28.250001271565758,79.25001271565755,Cotton,67.0,166.0,264.0,360.0,3,6,9.0,12.0
India,28.250001271565758,79.75001271565755,Cotton,67.0,166.0,264.0,360.0,3,6,9.0,12.0
India,28.250001271565758,80.25001271565755,Cotton,67.0,166.0,264.0,360.0,3,6,9.0,12.0
India,28.250001271565758,80.75001271565755,Cotton,67.0,166.0,264.0,360.0,3,6,9.0,12.0
India,28.750001271565758,75.75001271565755,Cotton,67.0,166.0,264.0,360.0,3,6,9.0,12.0
India,28.750001271565758,76.25001271565755,Cotton,67.0,166.0,264.0,360.0,3,6,9.0,12.0
India,28.750001271565758,76.75001271565755,Cotton,67.0,166.0,264.0,360.0,3,6,9.0,12.0
India,28.750001271565758,77.25001271565755,Cotton,67.0,166.0,264.0,360.0,3,6,9.0,12.0
India,28.750001271565758,77.75001271565755,Cotton,67.0,166.0,264.0,360.0,3,6,9.0,12.0
India,28.750001271565758,78.25001271565755,Cotton,67.0,166.0,264.0,360.0,3,6,9.0,12.0
India,28.750001271565758,78.75001271565755,Cotton,67.0,166.0,264.0,360.0,3,6,9.0,12.0
India,28.750001271565758,79.25001271565755,Cotton,67.0,166.0,264.0,360.0,3,6,9.0,12.0
India,28.750001271565758,79.75001271565755,Cotton,67.0,166.0,264.0,360.0,3,6,9.0,12.0
India,29.250001271565758,75.25001271565755,Cotton,67.0,166.0,264.0,360.0,3,6,9.0,12.0
India,29.250001271565758,75.75001271565755,Cotton,67.0,166.0,264.0,360.0,3,6,9.0,12.0
India,29.250001271565758,76.25001271565755,Cotton,67.0,166.0,264.0,360.0,3,6,9.0,12.0
India,29.250001271565758,76.75001271565755,Cotton,67.0,166.0,264.0,360.0,3,6,9.0,12.0
India,29.250001271565758,77.25001271565755,Cotton,67.0,166.0,264.0,360.0,3,6,9.0,12.0
India,29.250001271565758,77.75001271565755,Cotton,67.0,166.0,264.0,360.0,3,6,9.0,12.0
India,29.250001271565758,78.25001271565755,Cotton,67.0,166.0,264.0,360.0,3,6,9.0,12.0
India,29.250001271565758,78.75001271565755,Cotton,67.0,166.0,264.0,360.0,3,6,9.0,12.0
India,29.250001271565758,79.25001271565755,Cotton,67.0,166.0,264.0,360.0,3,6,9.0,12.0
India,29.250001271565758,79.75001271565755,Cotton,67.0,166.0,264.0,360.0,3,6,9.0,12.0
India,29.750001271565758,74.75001271565755,Cotton,67.0,166.0,264.0,360.0,3,6,9.0,12.0
India,29.750001271565758,75.25001271565755,Cotton,67.0,166.0,264.0,360.0,3,6,9.0,12.0
India,29.750001271565758,75.75001271565755,Cotton,67.0,166.0,264.0,360.0,3,6,9.0,12.0
India,29.750001271565758,76.25001271565755,Cotton,67.0,166.0,264.0,360.0,3,6,9.0,12.0
India,29.750001271565758,76.75001271565755,Cotton,67.0,166.0,264.0,360.0,3,6,9.0,12.0
India,29.750001271565758,77.25001271565755,Cotton,67.0,166.0,264.0,360.0,3,6,9.0,12.0
India,29.750001271565758,77.75001271565755,Cotton,67.0,166.0,264.0,360.0,3,6,9.0,12.0
India,29.750001271565758,78.25001271565755,Cotton,67.0,166.0,264.0,360.0,3,6,9.0,12.0
India,29.750001271565758,78.75001271565755,Cotton,67.0,166.0,264.0,360.0,3,6,9.0,12.0
India,29.750001271565758,79.25001271565755,Cotton,67.0,166.0,264.0,360.0,3,6,9.0,12.0
India,29.750001271565758,79.75001271565755,Cotton,67.0,166.0,264.0,360.0,3,6,9.0,12.0
India,29.750001271565758,80.25001271565755,Cotton,67.0,166.0,264.0,360.0,3,6,9.0,12.0
India,30.250001271565758,74.25001271565755,Cotton,67.0,166.0,264.0,360.0,3,6,9.0,12.0
India,30.250001271565758,74.75001271565755,Cotton,67.0,166.0,264.0,360.0,3,6,9.0,12.0
India,30.250001271565758,75.25001271565755,Cotton,67.0,166.0,264.0,360.0,3,6,9.0,12.0
India,30.250001271565758,75.75001271565755,Cotton,67.0,166.0,264.0,360.0,3,6,9.0,12.0
India,30.250001271565758,76.25001271565755,Cotton,67.0,166.0,264.0,360.0,3,6,9.0,12.0
India,30.250001271565758,76.75001271565755,Cotton,67.0,166.0,264.0,360.0,3,6,9.0,12.0
India,30.250001271565758,77.25001271565755,Cotton,67.0,166.0,264.0,360.0,3,6,9.0,12.0
India,30.250001271565758,77.75001271565755,Cotton,67.0,166.0,264.0,360.0,3,6,9.0,12.0
India,30.250001271565758,78.25001271565755,Cotton,67.0,166.0,264.0,360.0,3,6,9.0,12.0
India,30.250001271565758,78.75001271565755,Cotton,67.0,166.0,264.0,360.0,3,6,9.0,12.0
India,30.250001271565758,79.25001271565755,Cotton,67.0,166.0,264.0,360.0,3,6,9.0,12.0
India,30.250001271565758,79.75001271565755,Cotton,67.0,166.0,264.0,360.0,3,6,9.0,12.0
India,30.250001271565758,80.25001271565755,Cotton,67.0,166.0,264.0,360.0,3,6,9.0,12.0
India,30.250001271565758,80.75001271565755,Cotton,67.0,166.0,264.0,360.0,3,6,9.0,12.0
India,30.750001271565758,74.25001271565755,Cotton,151.0,209.0,263.0,351.0,5,7,9.0,12.0
India,30.750001271565758,74.75001271565755,Cotton,67.0,166.0,264.0,360.0,3,6,9.0,12.0
India,30.750001271565758,75.25001271565755,Cotton,67.0,166.0,264.0,360.0,3,6,9.0,12.0
India,30.750001271565758,75.75001271565755,Cotton,67.0,166.0,264.0,360.0,3,6,9.0,12.0
India,30.750001271565758,76.25001271565755,Cotton,67.0,166.0,264.0,360.0,3,6,9.0,12.0
India,30.750001271565758,76.75001271565755,Cotton,67.0,166.0,264.0,360.0,3,6,9.0,12.0
India,30.750001271565758,77.25001271565755,Cotton,67.0,166.0,264.0,360.0,3,6,9.0,12.0
India,30.750001271565758,77.75001271565755,Cotton,67.0,166.0,264.0,360.0,3,6,9.0,12.0
India,30.750001271565758,78.25001271565755,Cotton,67.0,166.0,264.0,360.0,3,6,9.0,12.0
India,30.750001271565758,78.75001271565755,Cotton,67.0,166.0,264.0,360.0,3,6,9.0,12.0
India,30.750001271565758,79.25001271565755,Cotton,67.0,166.0,264.0,360.0,3,6,9.0,12.0
India,30.750001271565758,79.75001271565755,Cotton,67.0,166.0,264.0,360.0,3,6,9.0,12.0
India,31.250001271565758,74.75001271565755,Cotton,67.0,166.0,264.0,360.0,3,6,9.0,12.0
India,31.250001271565758,75.25001271565755,Cotton,67.0,166.0,264.0,360.0,3,6,9.0,12.0
India,31.250001271565758,75.75001271565755,Cotton,67.0,166.0,264.0,360.0,3,6,9.0,12.0
India,31.250001271565758,76.25001271565755,Cotton,67.0,166.0,264.0,360.0,3,6,9.0,12.0
India,31.250001271565758,76.75001271565755,Cotton,67.0,166.0,264.0,360.0,3,6,9.0,12.0
India,31.250001271565758,77.25001271565755,Cotton,67.0,166.0,264.0,360.0,3,6,9.0,12.0
India,31.250001271565758,77.75001271565755,Cotton,67.0,166.0,264.0,360.0,3,6,9.0,12.0
India,31.250001271565758,78.25001271565755,Cotton,67.0,166.0,264.0,360.0,3,6,9.0,12.0
India,31.250001271565758,78.75001271565755,Cotton,67.0,166.0,264.0,360.0,3,6,9.0,12.0
India,31.250001271565758,79.25001271565755,Cotton,89.0,136.0,242.0,303.0,3,5,8.0,10.0
India,31.750001271565758,74.75001271565755,Cotton,67.0,166.0,264.0,360.0,3,6,9.0,12.0
India,31.750001271565758,75.25001271565755,Cotton,67.0,166.0,264.0,360.0,3,6,9.0,12.0
India,31.750001271565758,75.75001271565755,Cotton,67.0,166.0,264.0,360.0,3,6,9.0,12.0
India,31.750001271565758,76.25001271565755,Cotton,67.0,166.0,264.0,360.0,3,6,9.0,12.0
India,31.750001271565758,76.75001271565755,Cotton,67.0,166.0,264.0,360.0,3,6,9.0,12.0
India,31.750001271565758,77.25001271565755,Cotton,67.0,166.0,264.0,360.0,3,6,9.0,12.0
India,31.750001271565758,77.75001271565755,Cotton,67.0,166.0,264.0,360.0,3,6,9.0,12.0
India,31.750001271565758,78.25001271565755,Cotton,67.0,166.0,264.0,360.0,3,6,9.0,12.0
India,32.25000127156576,75.75001271565755,Cotton,67.0,166.0,264.0,360.0,3,6,9.0,12.0
India,32.25000127156576,76.25001271565755,Cotton,67.0,166.0,264.0,360.0,3,6,9.0,12.0
India,32.25000127156576,76.75001271565755,Cotton,67.0,166.0,264.0,360.0,3,6,9.0,12.0
India,32.25000127156576,77.25001271565755,Cotton,67.0,166.0,264.0,360.0,3,6,9.0,12.0
India,32.25000127156576,77.75001271565755,Cotton,67.0,166.0,264.0,360.0,3,6,9.0,12.0
India,32.25000127156576,78.25001271565755,Cotton,67.0,166.0,264.0,360.0,3,6,9.0,12.0
India,32.75000127156576,74.75001271565755,Cotton,67.0,166.0,264.0,360.0,3,6,9.0,12.0
India,32.75000127156576,75.25001271565755,Cotton,67.0,166.0,264.0,360.0,3,6,9.0,12.0
India,32.75000127156576,75.75001271565755,Cotton,67.0,166.0,264.0,360.0,3,6,9.0,12.0
India,32.75000127156576,76.25001271565755,Cotton,67.0,166.0,264.0,360.0,3,6,9.0,12.0
India,32.75000127156576,76.75001271565755,Cotton,67.0,166.0,264.0,360.0,3,6,9.0,12.0
India,32.75000127156576,77.25001271565755,Cotton,67.0,166.0,264.0,360.0,3,6,9.0,12.0
India,32.75000127156576,77.75001271565755,Cotton,67.0,166.0,264.0,360.0,3,6,9.0,12.0
India,32.75000127156576,78.25001271565755,Cotton,67.0,166.0,264.0,360.0,3,6,9.0,12.0
India,32.75000127156576,78.75001271565755,Cotton,67.0,166.0,264.0,360.0,3,6,9.0,12.0
India,32.75000127156576,79.25001271565755,Cotton,67.0,166.0,264.0,360.0,3,6,9.0,12.0
India,33.25000127156576,74.25001271565755,Cotton,67.0,166.0,264.0,360.0,3,6,9.0,12.0
India,33.25000127156576,74.75001271565755,Cotton,67.0,166.0,264.0,360.0,3,6,9.0,12.0
India,33.25000127156576,75.25001271565755,Cotton,67.0,166.0,264.0,360.0,3,6,9.0,12.0
India,33.25000127156576,75.75001271565755,Cotton,67.0,166.0,264.0,360.0,3,6,9.0,12.0
India,33.25000127156576,76.25001271565755,Cotton,67.0,166.0,264.0,360.0,3,6,9.0,12.0
India,33.25000127156576,76.75001271565755,Cotton,67.0,166.0,264.0,360.0,3,6,9.0,12.0
India,33.25000127156576,77.25001271565755,Cotton,67.0,166.0,264.0,360.0,3,6,9.0,12.0
India,33.25000127156576,77.75001271565755,Cotton,67.0,166.0,264.0,360.0,3,6,9.0,12.0
India,33.25000127156576,78.25001271565755,Cotton,67.0,166.0,264.0,360.0,3,6,9.0,12.0
India,33.25000127156576,78.75001271565755,Cotton,67.0,166.0,264.0,360.0,3,6,9.0,12.0
India,33.25000127156576,79.25001271565755,Cotton,89.0,136.0,242.0,303.0,3,5,8.0,10.0
India,33.75000127156576,74.25001271565755,Cotton,67.0,166.0,264.0,360.0,3,6,9.0,12.0
India,33.75000127156576,74.75001271565755,Cotton,67.0,166.0,264.0,360.0,3,6,9.0,12.0
India,33.75000127156576,75.25001271565755,Cotton,67.0,166.0,264.0,360.0,3,6,9.0,12.0
India,33.75000127156576,75.75001271565755,Cotton,67.0,166.0,264.0,360.0,3,6,9.0,12.0
India,33.75000127156576,76.25001271565755,Cotton,67.0,166.0,264.0,360.0,3,6,9.0,12.0
India,33.75000127156576,76.75001271565755,Cotton,67.0,166.0,264.0,360.0,3,6,9.0,12.0
India,33.75000127156576,77.25001271565755,Cotton,67.0,166.0,264.0,360.0,3,6,9.0,12.0
India,33.75000127156576,77.75001271565755,Cotton,67.0,166.0,264.0,360.0,3,6,9.0,12.0
India,33.75000127156576,78.25001271565755,Cotton,67.0,166.0,264.0,360.0,3,6,9.0,12.0
India,33.75000127156576,78.75001271565755,Cotton,67.0,166.0,264.0,360.0,3,6,9.0,12.0
India,34.25000127156576,74.25001271565755,Cotton,67.0,166.0,264.0,360.0,3,6,9.0,12.0
India,34.25000127156576,74.75001271565755,Cotton,67.0,166.0,264.0,360.0,3,6,9.0,12.0
India,34.25000127156576,75.25001271565755,Cotton,67.0,166.0,264.0,360.0,3,6,9.0,12.0
India,34.25000127156576,75.75001271565755,Cotton,67.0,166.0,264.0,360.0,3,6,9.0,12.0
India,34.25000127156576,76.25001271565755,Cotton,67.0,166.0,264.0,360.0,3,6,9.0,12.0
India,34.25000127156576,76.75001271565755,Cotton,67.0,166.0,264.0,360.0,3,6,9.0,12.0
India,34.25000127156576,77.25001271565755,Cotton,67.0,166.0,264.0,360.0,3,6,9.0,12.0
India,34.25000127156576,77.75001271565755,Cotton,67.0,166.0,264.0,360.0,3,6,9.0,12.0
India,34.25000127156576,78.25001271565755,Cotton,67.0,166.0,264.0,360.0,3,6,9.0,12.0
India,34.25000127156576,78.75001271565755,Cotton,67.0,166.0,264.0,360.0,3,6,9.0,12.0
India,34.75000127156576,74.25001271565755,Cotton,67.0,166.0,264.0,360.0,3,6,9.0,12.0
India,34.75000127156576,76.75001271565755,Cotton,67.0,166.0,264.0,360.0,3,6,9.0,12.0
India,34.75000127156576,77.25001271565755,Cotton,67.0,166.0,264.0,360.0,3,6,9.0,12.0
India,34.75000127156576,77.75001271565755,Cotton,67.0,166.0,264.0,360.0,3,6,9.0,12.0
India,35.25000127156576,77.75001271565755,Cotton,67.0,166.0,264.0,360.0,3,6,9.0,12.0
India,9.25000031789144,78.75001271565755,Groundnuts,183.0,245.0,295.0,350.0,7,9,10.0,12.0
India,10.25000031789144,77.75001271565755,Groundnuts,155.0,189.0,253.0,294.0,6,7,9.0,10.0
India,11.750000635782875,76.75001271565755,Groundnuts,127.0,182.0,267.0,308.0,5,6,9.0,11.0
India,11.750000635782875,77.25001271565755,Groundnuts,127.0,182.0,267.0,308.0,5,6,9.0,11.0
India,12.250000635782875,76.25001271565755,Groundnuts,127.0,182.0,267.0,308.0,5,6,9.0,11.0
India,12.250000635782875,76.75001271565755,Groundnuts,127.0,182.0,267.0,308.0,5,6,9.0,11.0
India,12.750000635782875,79.75001271565755,Groundnuts,155.0,189.0,253.0,294.0,6,7,9.0,10.0
India,13.250000635782875,78.75001271565755,Groundnuts,176.0,224.0,288.0,336.0,6,8,10.0,12.0
India,13.250000635782875,79.25001271565755,Groundnuts,176.0,224.0,288.0,336.0,6,8,10.0,12.0
India,13.250000635782875,79.75001271565755,Groundnuts,176.0,224.0,288.0,336.0,6,8,10.0,12.0
India,13.250000635782875,80.25001271565755,Groundnuts,155.0,189.0,253.0,294.0,6,7,9.0,10.0
India,13.750000635782875,78.25001271565755,Groundnuts,176.0,224.0,288.0,336.0,6,8,10.0,12.0
India,13.750000635782875,78.75001271565755,Groundnuts,176.0,224.0,288.0,336.0,6,8,10.0,12.0
India,13.750000635782875,79.75001271565755,Groundnuts,176.0,224.0,288.0,336.0,6,8,10.0,12.0
India,14.250000635782875,77.25001271565755,Groundnuts,176.0,231.0,281.0,336.0,6,8,10.0,12.0
India,14.250000635782875,77.75001271565755,Groundnuts,176.0,231.0,281.0,336.0,6,8,10.0,12.0
India,14.250000635782875,78.25001271565755,Groundnuts,176.0,231.0,281.0,336.0,6,8,10.0,12.0
India,14.250000635782875,78.75001271565755,Groundnuts,176.0,231.0,281.0,336.0,6,8,10.0,12.0
India,14.250000635782875,79.25001271565755,Groundnuts,176.0,231.0,281.0,336.0,6,8,10.0,12.0
India,14.250000635782875,79.75001271565755,Groundnuts,176.0,224.0,288.0,336.0,6,8,10.0,12.0
India,14.750000635782875,75.25001271565755,Groundnuts,148.0,182.0,260.0,308.0,5,6,9.0,11.0
India,14.750000635782875,77.25001271565755,Groundnuts,176.0,231.0,281.0,336.0,6,8,10.0,12.0
India,14.750000635782875,77.75001271565755,Groundnuts,176.0,231.0,281.0,336.0,6,8,10.0,12.0
India,14.750000635782875,78.25001271565755,Groundnuts,176.0,231.0,281.0,336.0,6,8,10.0,12.0
India,14.750000635782875,78.75001271565755,Groundnuts,176.0,231.0,281.0,336.0,6,8,10.0,12.0
India,14.750000635782875,79.25001271565755,Groundnuts,176.0,224.0,288.0,336.0,6,8,10.0,12.0
India,14.750000635782875,79.75001271565755,Groundnuts,176.0,224.0,288.0,336.0,6,8,10.0,12.0
India,15.250000635782875,75.25001271565755,Groundnuts,148.0,182.0,260.0,308.0,5,6,9.0,11.0
India,15.250000635782875,75.75001271565755,Groundnuts,148.0,182.0,260.0,308.0,5,6,9.0,11.0
India,15.250000635782875,77.25001271565755,Groundnuts,176.0,231.0,281.0,336.0,6,8,10.0,12.0
India,15.250000635782875,77.75001271565755,Groundnuts,176.0,231.0,281.0,336.0,6,8,10.0,12.0
India,15.250000635782875,78.25001271565755,Groundnuts,176.0,231.0,281.0,336.0,6,8,10.0,12.0
India,15.250000635782875,78.75001271565755,Groundnuts,176.0,231.0,281.0,336.0,6,8,10.0,12.0
India,15.250000635782875,79.25001271565755,Groundnuts,176.0,224.0,288.0,336.0,6,8,10.0,12.0
India,15.250000635782875,79.75001271565755,Groundnuts,176.0,224.0,288.0,336.0,6,8,10.0,12.0
India,15.750000635782875,74.25001271565755,Groundnuts,148.0,182.0,260.0,308.0,5,6,9.0,11.0
India,15.750000635782875,74.75001271565755,Groundnuts,148.0,182.0,260.0,308.0,5,6,9.0,11.0
India,15.750000635782875,75.25001271565755,Groundnuts,148.0,182.0,260.0,308.0,5,6,9.0,11.0
India,15.750000635782875,75.75001271565755,Groundnuts,148.0,182.0,260.0,308.0,5,6,9.0,11.0
India,15.750000635782875,77.25001271565755,Groundnuts,176.0,231.0,281.0,336.0,6,8,10.0,12.0
India,15.750000635782875,77.75001271565755,Groundnuts,176.0,231.0,281.0,336.0,6,8,10.0,12.0
India,15.750000635782875,78.25001271565755,Groundnuts,176.0,231.0,281.0,336.0,6,8,10.0,12.0
India,15.750000635782875,78.75001271565755,Groundnuts,176.0,231.0,281.0,336.0,6,8,10.0,12.0
India,15.750000635782875,79.25001271565755,Groundnuts,176.0,224.0,288.0,336.0,6,8,10.0,12.0
India,15.750000635782875,79.75001271565755,Groundnuts,176.0,224.0,288.0,336.0,6,8,10.0,12.0
India,15.750000635782875,80.25001271565755,Groundnuts,176.0,224.0,288.0,336.0,6,8,10.0,12.0
India,16.25000063578288,74.25001271565755,Groundnuts,155.0,224.0,253.0,336.0,6,8,9.0,12.0
India,16.25000063578288,74.75001271565755,Groundnuts,148.0,182.0,260.0,308.0,5,6,9.0,11.0
India,16.25000063578288,80.75001271565755,Groundnuts,162.0,203.0,274.0,322.0,6,7,9.0,11.0
India,16.75000063578288,74.25001271565755,Groundnuts,155.0,224.0,253.0,336.0,6,8,9.0,12.0
India,16.75000063578288,74.75001271565755,Groundnuts,155.0,224.0,253.0,336.0,6,8,9.0,12.0
India,16.75000063578288,75.25001271565755,Groundnuts,148.0,182.0,260.0,308.0,5,6,9.0,11.0
India,16.75000063578288,76.75001271565755,Groundnuts,148.0,182.0,267.0,308.0,5,6,9.0,11.0
India,16.75000063578288,77.25001271565755,Groundnuts,148.0,182.0,267.0,308.0,5,6,9.0,11.0
India,16.75000063578288,80.25001271565755,Groundnuts,162.0,203.0,274.0,322.0,6,7,9.0,11.0
India,16.75000063578288,80.75001271565755,Groundnuts,162.0,203.0,274.0,322.0,6,7,9.0,11.0
India,17.25000063578288,73.75001271565755,Groundnuts,155.0,224.0,253.0,336.0,6,8,9.0,12.0
India,17.25000063578288,74.25001271565755,Groundnuts,155.0,224.0,253.0,336.0,6,8,9.0,12.0
India,17.25000063578288,74.75001271565755,Groundnuts,155.0,224.0,253.0,336.0,6,8,9.0,12.0
India,17.25000063578288,76.75001271565755,Groundnuts,148.0,182.0,267.0,308.0,5,6,9.0,11.0
India,17.25000063578288,77.25001271565755,Groundnuts,148.0,182.0,267.0,308.0,5,6,9.0,11.0
India,17.25000063578288,80.25001271565755,Groundnuts,162.0,203.0,274.0,322.0,6,7,9.0,11.0
India,17.25000063578288,80.75001271565755,Groundnuts,162.0,203.0,274.0,322.0,6,7,9.0,11.0
India,17.25000063578288,81.25001271565755,Groundnuts,162.0,203.0,274.0,322.0,6,7,9.0,11.0
India,17.75000063578288,73.75001271565755,Groundnuts,155.0,224.0,253.0,336.0,6,8,9.0,12.0
India,17.75000063578288,74.25001271565755,Groundnuts,155.0,224.0,253.0,336.0,6,8,9.0,12.0
India,17.75000063578288,74.75001271565755,Groundnuts,155.0,224.0,253.0,336.0,6,8,9.0,12.0
India,17.75000063578288,79.25001271565755,Groundnuts,162.0,203.0,274.0,322.0,6,7,9.0,11.0
India,17.75000063578288,79.75001271565755,Groundnuts,162.0,203.0,274.0,322.0,6,7,9.0,11.0
India,17.75000063578288,80.25001271565755,Groundnuts,162.0,203.0,274.0,322.0,6,7,9.0,11.0
India,17.75000063578288,80.75001271565755,Groundnuts,162.0,203.0,274.0,322.0,6,7,9.0,11.0
India,17.75000063578288,81.25001271565755,Groundnuts,162.0,203.0,274.0,322.0,6,7,9.0,11.0
India,17.75000063578288,82.25001271565755,Groundnuts,113.0,168.0,218.0,273.0,4,6,8.0,9.0
India,17.75000063578288,82.75001271565755,Groundnuts,113.0,168.0,218.0,273.0,4,6,8.0,9.0
India,17.75000063578288,83.25001271565755,Groundnuts,113.0,168.0,218.0,273.0,4,6,8.0,9.0
India,18.25000063578288,78.75001271565755,Groundnuts,162.0,203.0,274.0,322.0,6,7,9.0,11.0
India,18.25000063578288,79.25001271565755,Groundnuts,162.0,203.0,274.0,322.0,6,7,9.0,11.0
India,18.25000063578288,79.75001271565755,Groundnuts,162.0,203.0,274.0,322.0,6,7,9.0,11.0
India,18.25000063578288,80.25001271565755,Groundnuts,162.0,203.0,274.0,322.0,6,7,9.0,11.0
India,18.25000063578288,80.75001271565755,Groundnuts,162.0,203.0,274.0,322.0,6,7,9.0,11.0
India,18.25000063578288,82.75001271565755,Groundnuts,113.0,168.0,218.0,273.0,4,6,8.0,9.0
India,18.25000063578288,83.25001271565755,Groundnuts,113.0,168.0,218.0,273.0,4,6,8.0,9.0
India,18.25000063578288,83.75001271565755,Groundnuts,113.0,168.0,218.0,273.0,4,6,8.0,9.0
India,18.75000063578288,74.75001271565755,Groundnuts,155.0,224.0,253.0,336.0,6,8,9.0,12.0
India,18.75000063578288,78.75001271565755,Groundnuts,162.0,203.0,274.0,322.0,6,7,9.0,11.0
India,18.75000063578288,79.25001271565755,Groundnuts,162.0,203.0,274.0,322.0,6,7,9.0,11.0
India,18.75000063578288,83.25001271565755,Groundnuts,113.0,168.0,218.0,273.0,4,6,8.0,9.0
India,18.75000063578288,83.75001271565755,Groundnuts,113.0,168.0,218.0,273.0,4,6,8.0,9.0
India,18.75000063578288,84.25001271565755,Groundnuts,113.0,168.0,218.0,273.0,4,6,8.0,9.0
India,19.25000063578288,74.25001271565755,Groundnuts,155.0,224.0,253.0,336.0,6,8,9.0,12.0
India,19.25000063578288,74.75001271565755,Groundnuts,155.0,224.0,253.0,336.0,6,8,9.0,12.0
India,19.25000063578288,75.25001271565755,Groundnuts,155.0,224.0,253.0,336.0,6,8,9.0,12.0
India,19.75000063578288,74.25001271565755,Groundnuts,155.0,224.0,253.0,336.0,6,8,9.0,12.0
India,20.75000063578288,70.75001271565755,Groundnuts,148.0,203.0,260.0,315.0,5,7,9.0,11.0
India,20.75000063578288,74.75001271565755,Groundnuts,155.0,189.0,281.0,322.0,6,7,10.0,11.0
India,20.75000063578288,77.75001271565755,Groundnuts,155.0,189.0,281.0,322.0,6,7,10.0,11.0
India,20.75000063578288,79.25001271565755,Groundnuts,155.0,189.0,281.0,322.0,6,7,10.0,11.0
India,20.75000063578288,84.75001271565755,Groundnuts,295.0,329.0,29.0,63.0,10,11,1.0,3.0
India,20.75000063578288,85.25001271565755,Groundnuts,295.0,329.0,29.0,63.0,10,11,1.0,3.0
India,20.75000063578288,85.75001271565755,Groundnuts,295.0,329.0,29.0,63.0,10,11,1.0,3.0
India,21.25000063578288,70.25001271565755,Groundnuts,148.0,203.0,260.0,315.0,5,7,9.0,11.0
India,21.25000063578288,70.75001271565755,Groundnuts,148.0,203.0,260.0,315.0,5,7,9.0,11.0
India,21.25000063578288,71.25001271565755,Groundnuts,148.0,203.0,260.0,315.0,5,7,9.0,11.0
India,21.25000063578288,71.75001271565755,Groundnuts,148.0,203.0,260.0,315.0,5,7,9.0,11.0
India,21.25000063578288,74.25001271565755,Groundnuts,155.0,189.0,281.0,322.0,6,7,10.0,11.0
India,21.25000063578288,74.75001271565755,Groundnuts,155.0,189.0,281.0,322.0,6,7,10.0,11.0
India,21.25000063578288,77.25001271565755,Groundnuts,155.0,189.0,281.0,322.0,6,7,10.0,11.0
India,21.25000063578288,77.75001271565755,Groundnuts,155.0,189.0,281.0,322.0,6,7,10.0,11.0
India,21.25000063578288,78.25001271565755,Groundnuts,155.0,189.0,281.0,322.0,6,7,10.0,11.0
India,21.25000063578288,78.75001271565755,Groundnuts,155.0,189.0,281.0,322.0,6,7,10.0,11.0
India,21.25000063578288,79.25001271565755,Groundnuts,155.0,189.0,281.0,322.0,6,7,10.0,11.0
India,21.25000063578288,83.25001271565755,Groundnuts,337.0,7.0,99.0,126.0,12,1,4.0,5.0
India,21.25000063578288,83.75001271565755,Groundnuts,337.0,7.0,99.0,126.0,12,1,4.0,5.0
India,21.25000063578288,84.25001271565755,Groundnuts,337.0,7.0,99.0,126.0,12,1,4.0,5.0
India,21.25000063578288,84.75001271565755,Groundnuts,337.0,7.0,99.0,126.0,12,1,4.0,5.0
India,21.25000063578288,85.25001271565755,Groundnuts,295.0,329.0,29.0,63.0,10,11,1.0,3.0
India,21.75000063578288,69.75001271565755,Groundnuts,148.0,203.0,260.0,315.0,5,7,9.0,11.0
India,21.75000063578288,70.25001271565755,Groundnuts,148.0,203.0,260.0,315.0,5,7,9.0,11.0
India,21.75000063578288,71.25001271565755,Groundnuts,148.0,203.0,260.0,315.0,5,7,9.0,11.0
India,21.75000063578288,71.75001271565755,Groundnuts,148.0,203.0,260.0,315.0,5,7,9.0,11.0
India,21.75000063578288,74.25001271565755,Groundnuts,155.0,189.0,281.0,322.0,6,7,10.0,11.0
India,21.75000063578288,83.75001271565755,Groundnuts,337.0,7.0,99.0,126.0,12,1,4.0,5.0
India,21.75000063578288,84.25001271565755,Groundnuts,337.0,7.0,99.0,126.0,12,1,4.0,5.0
India,22.25000063578288,69.25001271565755,Groundnuts,148.0,203.0,260.0,315.0,5,7,9.0,11.0
India,22.25000063578288,69.75001271565755,Groundnuts,148.0,203.0,260.0,315.0,5,7,9.0,11.0
India,22.25000063578288,70.25001271565755,Groundnuts,148.0,203.0,260.0,315.0,5,7,9.0,11.0
India,23.75000063578288,74.75001271565755,Groundnuts,176.0,196.0,260.0,287.0,6,7,9.0,10.0
India,24.75000063578288,74.25001271565755,Groundnuts,176.0,196.0,260.0,287.0,6,7,9.0,10.0
India,24.75000063578288,74.75001271565755,Groundnuts,176.0,196.0,260.0,287.0,6,7,9.0,10.0
India,25.75000063578288,75.75001271565755,Groundnuts,176.0,196.0,260.0,287.0,6,7,9.0,10.0
India,26.25000063578288,75.25001271565755,Groundnuts,176.0,196.0,260.0,287.0,6,7,9.0,10.0
India,26.25000063578288,75.75001271565755,Groundnuts,176.0,196.0,260.0,287.0,6,7,9.0,10.0
India,31.250001271565758,79.25001271565755,Groundnuts,113.0,156.0,251.0,304.0,4,6,9.0,10.0
India,33.25000127156576,79.25001271565755,Groundnuts,113.0,156.0,251.0,304.0,4,6,9.0,10.0
India,19.75000063578288,83.75001271565755,Maize,155.0,196.0,253.0,287.0,6,7,9.0,10.0
India,19.75000063578288,84.25001271565755,Maize,155.0,196.0,253.0,287.0,6,7,9.0,10.0
India,20.25000063578288,83.75001271565755,Maize,155.0,196.0,253.0,287.0,6,7,9.0,10.0
India,20.25000063578288,84.25001271565755,Maize,155.0,196.0,253.0,287.0,6,7,9.0,10.0
India,20.75000063578288,84.25001271565755,Maize,155.0,196.0,253.0,287.0,6,7,9.0,10.0
India,21.25000063578288,85.75001271565755,Maize,155.0,182.0,232.0,259.0,6,6,8.0,9.0
India,21.75000063578288,85.25001271565755,Maize,155.0,182.0,232.0,259.0,6,6,8.0,9.0
India,21.75000063578288,85.75001271565755,Maize,155.0,182.0,232.0,259.0,6,6,8.0,9.0
India,22.75000063578288,73.75001271565755,Maize,162.0,196.0,267.0,308.0,6,7,9.0,11.0
India,22.75000063578288,74.25001271565755,Maize,162.0,196.0,267.0,308.0,6,7,9.0,11.0
India,23.25000063578288,73.75001271565755,Maize,162.0,196.0,267.0,308.0,6,7,9.0,11.0
India,24.25000063578288,68.75001271565755,Maize,101.0,232.0,252.0,334.0,4,8,9.0,11.0
India,24.25000063578288,69.25001271565755,Maize,101.0,232.0,252.0,334.0,4,8,9.0,11.0
India,25.75000063578288,70.25001271565755,Maize,101.0,232.0,252.0,334.0,4,8,9.0,11.0
India,29.250001271565758,80.25001271565755,Maize,32.0,141.0,222.0,273.0,2,5,8.0,9.0
India,30.750001271565758,77.25001271565755,Maize,155.0,182.0,260.0,287.0,6,6,9.0,10.0
India,31.250001271565758,77.25001271565755,Maize,155.0,182.0,281.0,315.0,6,6,10.0,11.0
India,31.750001271565758,76.25001271565755,Maize,155.0,182.0,260.0,287.0,6,6,9.0,10.0
India,31.750001271565758,76.75001271565755,Maize,155.0,182.0,281.0,315.0,6,6,10.0,11.0
India,31.750001271565758,77.25001271565755,Maize,155.0,182.0,281.0,315.0,6,6,10.0,11.0
India,31.750001271565758,77.75001271565755,Maize,155.0,182.0,281.0,315.0,6,6,10.0,11.0
India,32.25000127156576,76.25001271565755,Maize,155.0,182.0,260.0,287.0,6,6,9.0,10.0
India,32.25000127156576,76.75001271565755,Maize,155.0,182.0,260.0,287.0,6,6,9.0,10.0
India,32.25000127156576,77.25001271565755,Maize,155.0,182.0,281.0,315.0,6,6,10.0,11.0
India,34.75000127156576,74.25001271565755,Maize,101.0,232.0,252.0,334.0,4,8,9.0,11.0
India,34.75000127156576,76.75001271565755,Maize,101.0,232.0,252.0,334.0,4,8,9.0,11.0
India,14.250000635782875,79.75001271565755,Millet,141.0,189.0,239.0,280.0,5,7,8.0,10.0
India,14.750000635782875,79.25001271565755,Millet,141.0,189.0,239.0,280.0,5,7,8.0,10.0
India,14.750000635782875,79.75001271565755,Millet,141.0,189.0,239.0,280.0,5,7,8.0,10.0
India,15.250000635782875,77.25001271565755,Millet,162.0,203.0,253.0,294.0,6,7,9.0,10.0
India,15.250000635782875,77.75001271565755,Millet,162.0,203.0,253.0,294.0,6,7,9.0,10.0
India,15.250000635782875,78.25001271565755,Millet,162.0,203.0,253.0,294.0,6,7,9.0,10.0
India,15.250000635782875,78.75001271565755,Millet,162.0,203.0,253.0,294.0,6,7,9.0,10.0
India,15.250000635782875,79.25001271565755,Millet,127.0,182.0,218.0,273.0,5,6,8.0,9.0
India,15.250000635782875,79.75001271565755,Millet,127.0,182.0,218.0,273.0,5,6,8.0,9.0
India,15.750000635782875,77.25001271565755,Millet,162.0,203.0,253.0,294.0,6,7,9.0,10.0
India,15.750000635782875,77.75001271565755,Millet,162.0,203.0,253.0,294.0,6,7,9.0,10.0
India,15.750000635782875,78.25001271565755,Millet,162.0,203.0,253.0,294.0,6,7,9.0,10.0
India,15.750000635782875,78.75001271565755,Millet,162.0,203.0,253.0,294.0,6,7,9.0,10.0
India,15.750000635782875,79.25001271565755,Millet,127.0,182.0,218.0,273.0,5,6,8.0,9.0
India,15.750000635782875,79.75001271565755,Millet,127.0,182.0,218.0,273.0,5,6,8.0,9.0
India,15.750000635782875,80.25001271565755,Millet,127.0,182.0,218.0,273.0,5,6,8.0,9.0
India,16.75000063578288,79.25001271565755,Millet,127.0,182.0,218.0,273.0,5,6,8.0,9.0
India,16.75000063578288,79.75001271565755,Millet,127.0,182.0,218.0,273.0,5,6,8.0,9.0
India,17.25000063578288,73.75001271565755,Millet,162.0,217.0,260.0,294.0,6,8,9.0,10.0
India,17.25000063578288,74.25001271565755,Millet,162.0,217.0,260.0,294.0,6,8,9.0,10.0
India,17.25000063578288,74.75001271565755,Millet,162.0,217.0,260.0,294.0,6,8,9.0,10.0
India,17.25000063578288,75.25001271565755,Millet,162.0,217.0,260.0,294.0,6,8,9.0,10.0
India,17.25000063578288,75.75001271565755,Millet,162.0,217.0,260.0,294.0,6,8,9.0,10.0
India,17.25000063578288,79.25001271565755,Millet,127.0,182.0,218.0,273.0,5,6,8.0,9.0
India,17.25000063578288,79.75001271565755,Millet,127.0,182.0,218.0,273.0,5,6,8.0,9.0
India,17.75000063578288,73.75001271565755,Millet,162.0,217.0,260.0,294.0,6,8,9.0,10.0
India,17.75000063578288,74.25001271565755,Millet,162.0,217.0,260.0,294.0,6,8,9.0,10.0
India,17.75000063578288,74.75001271565755,Millet,162.0,217.0,260.0,294.0,6,8,9.0,10.0
India,17.75000063578288,75.25001271565755,Millet,162.0,217.0,260.0,294.0,6,8,9.0,10.0
India,17.75000063578288,75.75001271565755,Millet,162.0,217.0,260.0,294.0,6,8,9.0,10.0
India,18.25000063578288,73.75001271565755,Millet,162.0,217.0,260.0,294.0,6,8,9.0,10.0
India,18.25000063578288,74.25001271565755,Millet,162.0,217.0,260.0,294.0,6,8,9.0,10.0
India,18.25000063578288,74.75001271565755,Millet,162.0,217.0,260.0,294.0,6,8,9.0,10.0
India,18.25000063578288,75.25001271565755,Millet,162.0,217.0,260.0,294.0,6,8,9.0,10.0
India,18.25000063578288,75.75001271565755,Millet,162.0,217.0,260.0,294.0,6,8,9.0,10.0
India,18.25000063578288,83.25001271565755,Millet,155.0,196.0,232.0,273.0,6,7,8.0,9.0
India,18.75000063578288,73.75001271565755,Millet,162.0,217.0,260.0,294.0,6,8,9.0,10.0
India,18.75000063578288,74.25001271565755,Millet,162.0,217.0,260.0,294.0,6,8,9.0,10.0
India,18.75000063578288,74.75001271565755,Millet,148.0,210.0,246.0,287.0,5,7,9.0,10.0
India,18.75000063578288,83.25001271565755,Millet,155.0,196.0,232.0,273.0,6,7,8.0,9.0
India,18.75000063578288,83.75001271565755,Millet,155.0,196.0,232.0,273.0,6,7,8.0,9.0
India,19.25000063578288,73.75001271565755,Millet,162.0,217.0,260.0,294.0,6,8,9.0,10.0
India,19.25000063578288,74.25001271565755,Millet,148.0,210.0,246.0,287.0,5,7,9.0,10.0
India,19.25000063578288,74.75001271565755,Millet,148.0,210.0,246.0,287.0,5,7,9.0,10.0
India,19.25000063578288,75.25001271565755,Millet,148.0,210.0,246.0,287.0,5,7,9.0,10.0
India,19.25000063578288,84.25001271565755,Millet,148.0,168.0,239.0,273.0,5,6,8.0,9.0
India,19.25000063578288,84.75001271565755,Millet,148.0,168.0,239.0,273.0,5,6,8.0,9.0
India,19.75000063578288,73.75001271565755,Millet,148.0,210.0,246.0,287.0,5,7,9.0,10.0
India,19.75000063578288,74.25001271565755,Millet,148.0,210.0,246.0,287.0,5,7,9.0,10.0
India,19.75000063578288,74.75001271565755,Millet,148.0,210.0,246.0,287.0,5,7,9.0,10.0
India,19.75000063578288,75.25001271565755,Millet,148.0,210.0,246.0,287.0,5,7,9.0,10.0
India,19.75000063578288,75.75001271565755,Millet,148.0,210.0,246.0,287.0,5,7,9.0,10.0
India,19.75000063578288,76.25001271565755,Millet,148.0,210.0,246.0,287.0,5,7,9.0,10.0
India,19.75000063578288,84.75001271565755,Millet,148.0,168.0,239.0,273.0,5,6,8.0,9.0
India,20.25000063578288,73.75001271565755,Millet,148.0,210.0,246.0,287.0,5,7,9.0,10.0
India,20.25000063578288,74.25001271565755,Millet,148.0,210.0,246.0,287.0,5,7,9.0,10.0
India,20.25000063578288,74.75001271565755,Millet,148.0,210.0,246.0,287.0,5,7,9.0,10.0
India,20.25000063578288,75.25001271565755,Millet,148.0,210.0,246.0,287.0,5,7,9.0,10.0
India,20.25000063578288,75.75001271565755,Millet,148.0,210.0,246.0,287.0,5,7,9.0,10.0
India,20.75000063578288,74.25001271565755,Millet,148.0,210.0,246.0,287.0,5,7,9.0,10.0
India,20.75000063578288,74.75001271565755,Millet,148.0,210.0,246.0,287.0,5,7,9.0,10.0
India,21.25000063578288,70.25001271565755,Millet,162.0,203.0,253.0,294.0,6,7,9.0,10.0
India,21.25000063578288,70.75001271565755,Millet,162.0,203.0,253.0,294.0,6,7,9.0,10.0
India,21.25000063578288,71.75001271565755,Millet,162.0,203.0,253.0,294.0,6,7,9.0,10.0
India,21.25000063578288,74.25001271565755,Millet,148.0,210.0,246.0,287.0,5,7,9.0,10.0
India,21.25000063578288,74.75001271565755,Millet,148.0,210.0,246.0,287.0,5,7,9.0,10.0
India,21.75000063578288,69.75001271565755,Millet,162.0,203.0,253.0,294.0,6,7,9.0,10.0
India,21.75000063578288,70.25001271565755,Millet,162.0,203.0,253.0,294.0,6,7,9.0,10.0
India,21.75000063578288,71.75001271565755,Millet,162.0,203.0,253.0,294.0,6,7,9.0,10.0
India,21.75000063578288,74.25001271565755,Millet,148.0,210.0,246.0,287.0,5,7,9.0,10.0
India,22.25000063578288,69.25001271565755,Millet,162.0,203.0,253.0,294.0,6,7,9.0,10.0
India,22.25000063578288,69.75001271565755,Millet,162.0,203.0,253.0,294.0,6,7,9.0,10.0
India,22.25000063578288,70.25001271565755,Millet,162.0,203.0,253.0,294.0,6,7,9.0,10.0
India,22.25000063578288,72.75001271565755,Millet,155.0,217.0,274.0,301.0,6,8,9.0,10.0
India,22.25000063578288,73.25001271565755,Millet,155.0,217.0,274.0,301.0,6,8,9.0,10.0
India,22.25000063578288,73.75001271565755,Millet,155.0,217.0,274.0,301.0,6,8,9.0,10.0
India,22.75000063578288,72.75001271565755,Millet,155.0,217.0,274.0,301.0,6,8,9.0,10.0
India,22.75000063578288,73.25001271565755,Millet,155.0,217.0,274.0,301.0,6,8,9.0,10.0
India,22.75000063578288,73.75001271565755,Millet,155.0,217.0,274.0,301.0,6,8,9.0,10.0
India,22.75000063578288,74.25001271565755,Millet,155.0,217.0,274.0,301.0,6,8,9.0,10.0
India,23.25000063578288,68.75001271565755,Millet,155.0,217.0,274.0,301.0,6,8,9.0,10.0
India,23.25000063578288,69.25001271565755,Millet,155.0,217.0,274.0,301.0,6,8,9.0,10.0
India,23.25000063578288,69.75001271565755,Millet,155.0,217.0,274.0,301.0,6,8,9.0,10.0
India,23.25000063578288,70.25001271565755,Millet,155.0,217.0,274.0,301.0,6,8,9.0,10.0
India,23.25000063578288,70.75001271565755,Millet,155.0,217.0,274.0,301.0,6,8,9.0,10.0
India,23.25000063578288,71.25001271565755,Millet,155.0,217.0,274.0,301.0,6,8,9.0,10.0
India,23.25000063578288,71.75001271565755,Millet,155.0,217.0,274.0,301.0,6,8,9.0,10.0
India,23.25000063578288,72.75001271565755,Millet,162.0,189.0,253.0,294.0,6,7,9.0,10.0
India,23.25000063578288,73.75001271565755,Millet,155.0,217.0,274.0,301.0,6,8,9.0,10.0
India,23.75000063578288,68.25001271565755,Millet,155.0,217.0,274.0,301.0,6,8,9.0,10.0
India,23.75000063578288,68.75001271565755,Millet,155.0,217.0,274.0,301.0,6,8,9.0,10.0
India,23.75000063578288,69.25001271565755,Millet,155.0,217.0,274.0,301.0,6,8,9.0,10.0
India,23.75000063578288,69.75001271565755,Millet,155.0,217.0,274.0,301.0,6,8,9.0,10.0
India,23.75000063578288,70.25001271565755,Millet,155.0,217.0,274.0,301.0,6,8,9.0,10.0
India,23.75000063578288,70.75001271565755,Millet,155.0,217.0,274.0,301.0,6,8,9.0,10.0
India,23.75000063578288,71.25001271565755,Millet,155.0,217.0,274.0,301.0,6,8,9.0,10.0
India,23.75000063578288,71.75001271565755,Millet,162.0,189.0,253.0,294.0,6,7,9.0,10.0
India,23.75000063578288,72.25001271565755,Millet,162.0,189.0,253.0,294.0,6,7,9.0,10.0
India,23.75000063578288,72.75001271565755,Millet,162.0,189.0,253.0,294.0,6,7,9.0,10.0
India,24.25000063578288,68.75001271565755,Millet,162.0,233.0,252.0,313.0,6,8,9.0,11.0
India,24.25000063578288,69.25001271565755,Millet,162.0,233.0,252.0,313.0,6,8,9.0,11.0
India,24.25000063578288,71.25001271565755,Millet,162.0,189.0,253.0,294.0,6,7,9.0,10.0
India,24.25000063578288,71.75001271565755,Millet,162.0,189.0,253.0,294.0,6,7,9.0,10.0
India,24.25000063578288,72.25001271565755,Millet,162.0,189.0,253.0,294.0,6,7,9.0,10.0
India,24.25000063578288,72.75001271565755,Millet,162.0,189.0,253.0,294.0,6,7,9.0,10.0
India,24.75000063578288,71.25001271565755,Millet,169.0,203.0,253.0,294.0,6,7,9.0,10.0
India,24.75000063578288,71.75001271565755,Millet,169.0,203.0,253.0,294.0,6,7,9.0,10.0
India,24.75000063578288,72.25001271565755,Millet,169.0,203.0,253.0,294.0,6,7,9.0,10.0
India,24.75000063578288,72.75001271565755,Millet,169.0,203.0,253.0,294.0,6,7,9.0,10.0
India,25.25000063578288,71.25001271565755,Millet,169.0,203.0,253.0,294.0,6,7,9.0,10.0
India,25.25000063578288,71.75001271565755,Millet,169.0,203.0,253.0,294.0,6,7,9.0,10.0
India,25.25000063578288,72.25001271565755,Millet,169.0,203.0,253.0,294.0,6,7,9.0,10.0
India,25.25000063578288,72.75001271565755,Millet,169.0,203.0,253.0,294.0,6,7,9.0,10.0
India,25.25000063578288,73.25001271565755,Millet,169.0,203.0,253.0,294.0,6,7,9.0,10.0
India,25.75000063578288,70.25001271565755,Millet,162.0,233.0,252.0,313.0,6,8,9.0,11.0
India,25.75000063578288,70.75001271565755,Millet,169.0,203.0,253.0,294.0,6,7,9.0,10.0
India,25.75000063578288,71.25001271565755,Millet,169.0,203.0,253.0,294.0,6,7,9.0,10.0
India,25.75000063578288,71.75001271565755,Millet,169.0,203.0,253.0,294.0,6,7,9.0,10.0
India,25.75000063578288,72.25001271565755,Millet,169.0,203.0,253.0,294.0,6,7,9.0,10.0
India,25.75000063578288,72.75001271565755,Millet,169.0,203.0,253.0,294.0,6,7,9.0,10.0
India,25.75000063578288,73.25001271565755,Millet,169.0,203.0,253.0,294.0,6,7,9.0,10.0
India,25.75000063578288,73.75001271565755,Millet,169.0,203.0,253.0,294.0,6,7,9.0,10.0
India,25.75000063578288,75.25001271565755,Millet,183.0,196.0,260.0,294.0,7,7,9.0,10.0
India,25.75000063578288,75.75001271565755,Millet,183.0,196.0,260.0,294.0,7,7,9.0,10.0
India,25.75000063578288,76.25001271565755,Millet,183.0,203.0,267.0,308.0,7,7,9.0,11.0
India,26.25000063578288,70.25001271565755,Millet,183.0,196.0,260.0,294.0,7,7,9.0,10.0
India,26.25000063578288,70.75001271565755,Millet,183.0,196.0,260.0,294.0,7,7,9.0,10.0
India,26.25000063578288,71.25001271565755,Millet,169.0,203.0,253.0,294.0,6,7,9.0,10.0
India,26.25000063578288,71.75001271565755,Millet,169.0,203.0,253.0,294.0,6,7,9.0,10.0
India,26.25000063578288,72.25001271565755,Millet,169.0,203.0,253.0,294.0,6,7,9.0,10.0
India,26.25000063578288,72.75001271565755,Millet,176.0,200.0,257.0,294.0,6,7,9.0,10.0
India,26.25000063578288,73.25001271565755,Millet,176.0,200.0,257.0,294.0,6,7,9.0,10.0
India,26.25000063578288,73.75001271565755,Millet,169.0,203.0,253.0,294.0,6,7,9.0,10.0
India,26.25000063578288,74.25001271565755,Millet,169.0,203.0,253.0,294.0,6,7,9.0,10.0
India,26.25000063578288,74.75001271565755,Millet,162.0,189.0,239.0,273.0,6,7,8.0,9.0
India,26.25000063578288,75.25001271565755,Millet,183.0,196.0,260.0,294.0,7,7,9.0,10.0
India,26.25000063578288,75.75001271565755,Millet,183.0,196.0,260.0,294.0,7,7,9.0,10.0
India,26.25000063578288,76.25001271565755,Millet,183.0,203.0,267.0,308.0,7,7,9.0,11.0
India,26.25000063578288,76.75001271565755,Millet,183.0,203.0,267.0,308.0,7,7,9.0,11.0
India,26.75000063578288,69.75001271565755,Millet,183.0,196.0,260.0,294.0,7,7,9.0,10.0
India,26.75000063578288,70.25001271565755,Millet,183.0,196.0,260.0,294.0,7,7,9.0,10.0
India,26.75000063578288,70.75001271565755,Millet,183.0,196.0,260.0,294.0,7,7,9.0,10.0
India,26.75000063578288,71.25001271565755,Millet,183.0,196.0,260.0,294.0,7,7,9.0,10.0
India,26.75000063578288,71.75001271565755,Millet,183.0,196.0,260.0,294.0,7,7,9.0,10.0
India,26.75000063578288,72.25001271565755,Millet,176.0,200.0,257.0,294.0,6,7,9.0,10.0
India,26.75000063578288,72.75001271565755,Millet,176.0,200.0,257.0,294.0,6,7,9.0,10.0
India,26.75000063578288,73.25001271565755,Millet,176.0,200.0,257.0,294.0,6,7,9.0,10.0
India,26.75000063578288,73.75001271565755,Millet,169.0,203.0,253.0,294.0,6,7,9.0,10.0
India,26.75000063578288,74.25001271565755,Millet,169.0,203.0,253.0,294.0,6,7,9.0,10.0
India,26.75000063578288,74.75001271565755,Millet,162.0,189.0,239.0,273.0,6,7,8.0,9.0
India,26.75000063578288,75.25001271565755,Millet,176.0,196.0,267.0,294.0,6,7,9.0,10.0
India,26.75000063578288,75.75001271565755,Millet,176.0,196.0,267.0,294.0,6,7,9.0,10.0
India,26.75000063578288,76.25001271565755,Millet,176.0,196.0,267.0,294.0,6,7,9.0,10.0
India,26.75000063578288,76.75001271565755,Millet,183.0,203.0,267.0,308.0,7,7,9.0,11.0
India,26.75000063578288,77.25001271565755,Millet,183.0,203.0,267.0,308.0,7,7,9.0,11.0
India,27.25000063578288,69.75001271565755,Millet,183.0,196.0,260.0,294.0,7,7,9.0,10.0
India,27.25000063578288,70.25001271565755,Millet,183.0,196.0,260.0,294.0,7,7,9.0,10.0
India,27.25000063578288,70.75001271565755,Millet,183.0,196.0,260.0,294.0,7,7,9.0,10.0
India,27.25000063578288,71.25001271565755,Millet,183.0,196.0,260.0,294.0,7,7,9.0,10.0
India,27.25000063578288,71.75001271565755,Millet,183.0,196.0,260.0,294.0,7,7,9.0,10.0
India,27.25000063578288,72.25001271565755,Millet,176.0,200.0,257.0,294.0,6,7,9.0,10.0
India,27.25000063578288,72.75001271565755,Millet,176.0,200.0,257.0,294.0,6,7,9.0,10.0
India,27.25000063578288,73.25001271565755,Millet,169.0,203.0,253.0,294.0,6,7,9.0,10.0
India,27.25000063578288,73.75001271565755,Millet,169.0,203.0,253.0,294.0,6,7,9.0,10.0
India,27.25000063578288,74.25001271565755,Millet,169.0,203.0,253.0,294.0,6,7,9.0,10.0
India,27.25000063578288,74.75001271565755,Millet,169.0,203.0,253.0,294.0,6,7,9.0,10.0
India,27.25000063578288,75.25001271565755,Millet,169.0,196.0,274.0,294.0,6,7,9.0,10.0
India,27.25000063578288,75.75001271565755,Millet,176.0,196.0,267.0,294.0,6,7,9.0,10.0
India,27.25000063578288,76.25001271565755,Millet,169.0,196.0,274.0,294.0,6,7,9.0,10.0
India,27.25000063578288,76.75001271565755,Millet,169.0,196.0,274.0,294.0,6,7,9.0,10.0
India,27.25000063578288,77.25001271565755,Millet,183.0,203.0,267.0,308.0,7,7,9.0,11.0
India,27.750001271565758,70.25001271565755,Millet,183.0,196.0,260.0,294.0,7,7,9.0,10.0
India,27.750001271565758,71.25001271565755,Millet,183.0,196.0,260.0,294.0,7,7,9.0,10.0
India,27.750001271565758,71.75001271565755,Millet,183.0,196.0,260.0,294.0,7,7,9.0,10.0
India,27.750001271565758,72.25001271565755,Millet,162.0,189.0,260.0,280.0,6,7,9.0,10.0
India,27.750001271565758,72.75001271565755,Millet,162.0,189.0,260.0,280.0,6,7,9.0,10.0
India,27.750001271565758,73.25001271565755,Millet,162.0,189.0,260.0,280.0,6,7,9.0,10.0
India,27.750001271565758,73.75001271565755,Millet,162.0,189.0,260.0,280.0,6,7,9.0,10.0
India,27.750001271565758,74.25001271565755,Millet,176.0,196.0,274.0,294.0,6,7,9.0,10.0
India,27.750001271565758,74.75001271565755,Millet,169.0,196.0,274.0,294.0,6,7,9.0,10.0
India,27.750001271565758,75.25001271565755,Millet,169.0,196.0,274.0,294.0,6,7,9.0,10.0
India,27.750001271565758,75.75001271565755,Millet,169.0,196.0,274.0,294.0,6,7,9.0,10.0
India,27.750001271565758,76.25001271565755,Millet,169.0,196.0,274.0,294.0,6,7,9.0,10.0
India,27.750001271565758,76.75001271565755,Millet,169.0,196.0,274.0,294.0,6,7,9.0,10.0
India,28.250001271565758,72.25001271565755,Millet,162.0,189.0,260.0,280.0,6,7,9.0,10.0
India,28.250001271565758,72.75001271565755,Millet,162.0,189.0,260.0,280.0,6,7,9.0,10.0
India,28.250001271565758,73.25001271565755,Millet,162.0,189.0,260.0,280.0,6,7,9.0,10.0
India,28.250001271565758,73.75001271565755,Millet,162.0,189.0,260.0,280.0,6,7,9.0,10.0
India,28.250001271565758,74.25001271565755,Millet,176.0,196.0,274.0,294.0,6,7,9.0,10.0
India,28.250001271565758,74.75001271565755,Millet,176.0,196.0,274.0,294.0,6,7,9.0,10.0
India,28.250001271565758,75.25001271565755,Millet,169.0,203.0,253.0,294.0,6,7,9.0,10.0
India,28.250001271565758,75.75001271565755,Millet,169.0,203.0,253.0,294.0,6,7,9.0,10.0
India,28.750001271565758,72.75001271565755,Millet,162.0,189.0,260.0,280.0,6,7,9.0,10.0
India,28.750001271565758,73.25001271565755,Millet,162.0,189.0,260.0,280.0,6,7,9.0,10.0
India,28.750001271565758,73.75001271565755,Millet,162.0,189.0,260.0,280.0,6,7,9.0,10.0
India,28.750001271565758,74.25001271565755,Millet,176.0,196.0,274.0,294.0,6,7,9.0,10.0
India,28.750001271565758,74.75001271565755,Millet,176.0,196.0,274.0,294.0,6,7,9.0,10.0
India,28.750001271565758,75.25001271565755,Millet,176.0,196.0,274.0,294.0,6,7,9.0,10.0
India,29.250001271565758,80.25001271565755,Millet,161.0,223.0,263.0,354.0,6,8,9.0,12.0
India,34.75000127156576,74.25001271565755,Millet,162.0,233.0,252.0,313.0,6,8,9.0,11.0
India,34.75000127156576,76.75001271565755,Millet,162.0,233.0,252.0,313.0,6,8,9.0,11.0
India,22.75000063578288,87.75001271565755,Potatoes,316.0,350.0,50.0,84.0,11,12,2.0,3.0
India,22.75000063578288,88.25001271565755,Potatoes,316.0,350.0,50.0,84.0,11,12,2.0,3.0
India,23.25000063578288,87.75001271565755,Potatoes,316.0,350.0,50.0,84.0,11,12,2.0,3.0
India,23.25000063578288,88.25001271565755,Potatoes,316.0,350.0,50.0,84.0,11,12,2.0,3.0
India,24.25000063578288,68.75001271565755,Potatoes,10.0,70.0,101.0,162.0,1,3,4.0,6.0
India,24.25000063578288,69.25001271565755,Potatoes,10.0,70.0,101.0,162.0,1,3,4.0,6.0
India,24.75000063578288,92.25001271565756,Potatoes,274.0,365.0,80.0,141.0,9,12,3.0,5.0
India,25.75000063578288,70.25001271565755,Potatoes,10.0,70.0,101.0,162.0,1,3,4.0,6.0
India,30.750001271565758,77.25001271565755,Potatoes,99.0,147.0,253.0,301.0,4,5,9.0,10.0
India,30.750001271565758,77.75001271565755,Potatoes,71.0,119.0,225.0,280.0,3,4,8.0,10.0
India,31.250001271565758,77.75001271565755,Potatoes,71.0,119.0,225.0,280.0,3,4,8.0,10.0
India,31.250001271565758,78.25001271565755,Potatoes,99.0,147.0,253.0,301.0,4,5,9.0,10.0
India,31.250001271565758,78.75001271565755,Potatoes,99.0,147.0,253.0,301.0,4,5,9.0,10.0
India,31.750001271565758,78.25001271565755,Potatoes,99.0,147.0,253.0,301.0,4,5,9.0,10.0
India,32.25000127156576,77.75001271565755,Potatoes,99.0,147.0,253.0,301.0,4,5,9.0,10.0
India,32.25000127156576,78.25001271565755,Potatoes,99.0,147.0,253.0,301.0,4,5,9.0,10.0
India,32.75000127156576,76.75001271565755,Potatoes,99.0,147.0,253.0,301.0,4,5,9.0,10.0
India,32.75000127156576,77.25001271565755,Potatoes,99.0,147.0,253.0,301.0,4,5,9.0,10.0
India,32.75000127156576,77.75001271565755,Potatoes,99.0,147.0,253.0,301.0,4,5,9.0,10.0
India,34.75000127156576,74.25001271565755,Potatoes,10.0,70.0,101.0,162.0,1,3,4.0,6.0
India,34.75000127156576,76.75001271565755,Potatoes,10.0,70.0,101.0,162.0,1,3,4.0,6.0
India,11.750000635782875,78.75001271565755,Pulses,183.0,259.0,267.0,343.0,7,9,9.0,12.0
India,11.750000635782875,79.25001271565755,Pulses,183.0,259.0,267.0,343.0,7,9,9.0,12.0
India,11.750000635782875,79.75001271565755,Pulses,183.0,259.0,267.0,343.0,7,9,9.0,12.0
India,12.250000635782875,77.75001271565755,Pulses,183.0,259.0,267.0,343.0,7,9,9.0,12.0
India,12.250000635782875,78.25001271565755,Pulses,183.0,259.0,267.0,343.0,7,9,9.0,12.0
India,12.250000635782875,79.75001271565755,Pulses,183.0,259.0,267.0,343.0,7,9,9.0,12.0
India,19.75000063578288,82.75001271565755,Pulses,267.0,315.0,351.0,21.0,9,11,12.0,1.0
India,19.75000063578288,83.25001271565755,Pulses,267.0,315.0,351.0,21.0,9,11,12.0,1.0
India,20.25000063578288,82.75001271565755,Pulses,267.0,315.0,351.0,21.0,9,11,12.0,1.0
India,20.75000063578288,86.75001271565755,Pulses,281.0,322.0,8.0,49.0,10,11,1.0,2.0
India,21.25000063578288,86.75001271565755,Pulses,281.0,322.0,8.0,49.0,10,11,1.0,2.0
India,21.75000063578288,84.75001271565755,Pulses,218.0,245.0,288.0,322.0,8,9,10.0,11.0
India,22.25000063578288,84.25001271565755,Pulses,218.0,245.0,288.0,322.0,8,9,10.0,11.0
India,22.25000063578288,84.75001271565755,Pulses,218.0,245.0,288.0,322.0,8,9,10.0,11.0
India,23.75000063578288,74.75001271565755,Pulses,288.0,308.0,43.0,70.0,10,11,2.0,3.0
India,24.25000063578288,75.75001271565755,Pulses,288.0,308.0,43.0,70.0,10,11,2.0,3.0
India,24.25000063578288,76.25001271565755,Pulses,288.0,308.0,43.0,70.0,10,11,2.0,3.0
India,24.75000063578288,74.25001271565755,Pulses,288.0,308.0,43.0,70.0,10,11,2.0,3.0
India,24.75000063578288,74.75001271565755,Pulses,288.0,308.0,43.0,70.0,10,11,2.0,3.0
India,25.25000063578288,73.25001271565755,Pulses,288.0,301.0,43.0,63.0,10,10,2.0,3.0
India,25.75000063578288,73.25001271565755,Pulses,288.0,301.0,43.0,63.0,10,10,2.0,3.0
India,25.75000063578288,73.75001271565755,Pulses,288.0,301.0,43.0,63.0,10,10,2.0,3.0
India,25.75000063578288,75.75001271565755,Pulses,288.0,308.0,43.0,70.0,10,11,2.0,3.0
India,26.25000063578288,75.25001271565755,Pulses,288.0,308.0,43.0,70.0,10,11,2.0,3.0
India,26.25000063578288,75.75001271565755,Pulses,288.0,308.0,43.0,70.0,10,11,2.0,3.0
India,27.750001271565758,74.25001271565755,Pulses,281.0,301.0,43.0,77.0,10,10,2.0,3.0
India,28.250001271565758,74.25001271565755,Pulses,281.0,301.0,43.0,77.0,10,10,2.0,3.0
India,28.250001271565758,74.75001271565755,Pulses,281.0,301.0,43.0,77.0,10,10,2.0,3.0
India,28.750001271565758,74.25001271565755,Pulses,281.0,301.0,43.0,77.0,10,10,2.0,3.0
India,28.750001271565758,74.75001271565755,Pulses,281.0,301.0,43.0,77.0,10,10,2.0,3.0
India,28.750001271565758,75.25001271565755,Pulses,281.0,301.0,43.0,77.0,10,10,2.0,3.0
India,8.25000031789144,77.25001271565755,Rapeseed Winter,274.0,360.0,75.0,141.0,9,12,3.0,5.0
India,8.25000031789144,77.75001271565755,Rapeseed Winter,274.0,360.0,75.0,141.0,9,12,3.0,5.0
India,8.75000031789144,76.75001271565755,Rapeseed Winter,274.0,360.0,75.0,141.0,9,12,3.0,5.0
India,8.75000031789144,77.25001271565755,Rapeseed Winter,274.0,360.0,75.0,141.0,9,12,3.0,5.0
India,8.75000031789144,77.75001271565755,Rapeseed Winter,274.0,360.0,75.0,141.0,9,12,3.0,5.0
India,9.25000031789144,76.75001271565755,Rapeseed Winter,274.0,360.0,75.0,141.0,9,12,3.0,5.0
India,9.25000031789144,77.25001271565755,Rapeseed Winter,274.0,360.0,75.0,141.0,9,12,3.0,5.0
India,9.25000031789144,77.75001271565755,Rapeseed Winter,274.0,360.0,75.0,141.0,9,12,3.0,5.0
India,9.25000031789144,78.25001271565755,Rapeseed Winter,274.0,360.0,75.0,141.0,9,12,3.0,5.0
India,9.25000031789144,78.75001271565755,Rapeseed Winter,274.0,360.0,75.0,141.0,9,12,3.0,5.0
India,9.75000031789144,76.75001271565755,Rapeseed Winter,274.0,360.0,75.0,141.0,9,12,3.0,5.0
India,9.75000031789144,77.25001271565755,Rapeseed Winter,274.0,360.0,75.0,141.0,9,12,3.0,5.0
India,9.75000031789144,77.75001271565755,Rapeseed Winter,274.0,360.0,75.0,141.0,9,12,3.0,5.0
India,9.75000031789144,78.25001271565755,Rapeseed Winter,274.0,360.0,75.0,141.0,9,12,3.0,5.0
India,9.75000031789144,78.75001271565755,Rapeseed Winter,274.0,360.0,75.0,141.0,9,12,3.0,5.0
India,10.25000031789144,76.25001271565755,Rapeseed Winter,274.0,360.0,75.0,141.0,9,12,3.0,5.0
India,10.25000031789144,76.75001271565755,Rapeseed Winter,274.0,360.0,75.0,141.0,9,12,3.0,5.0
India,10.25000031789144,77.25001271565755,Rapeseed Winter,274.0,360.0,75.0,141.0,9,12,3.0,5.0
India,10.25000031789144,77.75001271565755,Rapeseed Winter,274.0,360.0,75.0,141.0,9,12,3.0,5.0
India,10.25000031789144,78.25001271565755,Rapeseed Winter,274.0,360.0,75.0,141.0,9,12,3.0,5.0
India,10.25000031789144,78.75001271565755,Rapeseed Winter,274.0,360.0,75.0,141.0,9,12,3.0,5.0
India,10.25000031789144,79.25001271565755,Rapeseed Winter,274.0,360.0,75.0,141.0,9,12,3.0,5.0
India,10.75000031789144,76.25001271565755,Rapeseed Winter,274.0,360.0,75.0,141.0,9,12,3.0,5.0
India,10.75000031789144,76.75001271565755,Rapeseed Winter,274.0,360.0,75.0,141.0,9,12,3.0,5.0
India,10.75000031789144,77.25001271565755,Rapeseed Winter,274.0,360.0,75.0,141.0,9,12,3.0,5.0
India,10.75000031789144,77.75001271565755,Rapeseed Winter,274.0,360.0,75.0,141.0,9,12,3.0,5.0
India,10.75000031789144,78.25001271565755,Rapeseed Winter,274.0,360.0,75.0,141.0,9,12,3.0,5.0
India,10.75000031789144,78.75001271565755,Rapeseed Winter,274.0,360.0,75.0,141.0,9,12,3.0,5.0
India,10.75000031789144,79.25001271565755,Rapeseed Winter,274.0,360.0,75.0,141.0,9,12,3.0,5.0
India,10.75000031789144,79.75001271565755,Rapeseed Winter,274.0,360.0,75.0,141.0,9,12,3.0,5.0
India,11.25000031789144,76.25001271565755,Rapeseed Winter,274.0,360.0,75.0,141.0,9,12,3.0,5.0
India,11.25000031789144,76.75001271565755,Rapeseed Winter,274.0,360.0,75.0,141.0,9,12,3.0,5.0
India,11.25000031789144,77.25001271565755,Rapeseed Winter,274.0,360.0,75.0,141.0,9,12,3.0,5.0
India,11.25000031789144,77.75001271565755,Rapeseed Winter,274.0,360.0,75.0,141.0,9,12,3.0,5.0
India,11.25000031789144,78.25001271565755,Rapeseed Winter,274.0,360.0,75.0,141.0,9,12,3.0,5.0
India,11.25000031789144,78.75001271565755,Rapeseed Winter,274.0,360.0,75.0,141.0,9,12,3.0,5.0
India,11.25000031789144,79.25001271565755,Rapeseed Winter,274.0,360.0,75.0,141.0,9,12,3.0,5.0
India,11.25000031789144,79.75001271565755,Rapeseed Winter,274.0,360.0,75.0,141.0,9,12,3.0,5.0
India,11.750000635782875,75.75001271565755,Rapeseed Winter,274.0,360.0,75.0,141.0,9,12,3.0,5.0
India,11.750000635782875,76.25001271565755,Rapeseed Winter,274.0,360.0,75.0,141.0,9,12,3.0,5.0
India,11.750000635782875,76.75001271565755,Rapeseed Winter,274.0,360.0,75.0,141.0,9,12,3.0,5.0
India,11.750000635782875,77.25001271565755,Rapeseed Winter,274.0,360.0,75.0,141.0,9,12,3.0,5.0
India,11.750000635782875,77.75001271565755,Rapeseed Winter,274.0,360.0,75.0,141.0,9,12,3.0,5.0
India,11.750000635782875,78.25001271565755,Rapeseed Winter,274.0,360.0,75.0,141.0,9,12,3.0,5.0
India,11.750000635782875,78.75001271565755,Rapeseed Winter,274.0,360.0,75.0,141.0,9,12,3.0,5.0
India,11.750000635782875,79.25001271565755,Rapeseed Winter,274.0,360.0,75.0,141.0,9,12,3.0,5.0
India,11.750000635782875,79.75001271565755,Rapeseed Winter,274.0,360.0,75.0,141.0,9,12,3.0,5.0
India,11.750000635782875,92.75001271565756,Rapeseed Winter,274.0,360.0,75.0,141.0,9,12,3.0,5.0
India,12.250000635782875,75.25001271565755,Rapeseed Winter,274.0,360.0,75.0,141.0,9,12,3.0,5.0
India,12.250000635782875,75.75001271565755,Rapeseed Winter,274.0,360.0,75.0,141.0,9,12,3.0,5.0
India,12.250000635782875,76.25001271565755,Rapeseed Winter,274.0,360.0,75.0,141.0,9,12,3.0,5.0
India,12.250000635782875,76.75001271565755,Rapeseed Winter,274.0,360.0,75.0,141.0,9,12,3.0,5.0
India,12.250000635782875,77.25001271565755,Rapeseed Winter,274.0,360.0,75.0,141.0,9,12,3.0,5.0
India,12.250000635782875,77.75001271565755,Rapeseed Winter,274.0,360.0,75.0,141.0,9,12,3.0,5.0
India,12.250000635782875,78.25001271565755,Rapeseed Winter,274.0,360.0,75.0,141.0,9,12,3.0,5.0
India,12.250000635782875,78.75001271565755,Rapeseed Winter,274.0,360.0,75.0,141.0,9,12,3.0,5.0
India,12.250000635782875,79.25001271565755,Rapeseed Winter,274.0,360.0,75.0,141.0,9,12,3.0,5.0
India,12.250000635782875,79.75001271565755,Rapeseed Winter,274.0,360.0,75.0,141.0,9,12,3.0,5.0
India,12.750000635782875,75.25001271565755,Rapeseed Winter,274.0,360.0,75.0,141.0,9,12,3.0,5.0
India,12.750000635782875,75.75001271565755,Rapeseed Winter,274.0,360.0,75.0,141.0,9,12,3.0,5.0
India,12.750000635782875,76.25001271565755,Rapeseed Winter,274.0,360.0,75.0,141.0,9,12,3.0,5.0
India,12.750000635782875,76.75001271565755,Rapeseed Winter,274.0,360.0,75.0,141.0,9,12,3.0,5.0
India,12.750000635782875,77.25001271565755,Rapeseed Winter,274.0,360.0,75.0,141.0,9,12,3.0,5.0
India,12.750000635782875,77.75001271565755,Rapeseed Winter,274.0,360.0,75.0,141.0,9,12,3.0,5.0
India,12.750000635782875,78.25001271565755,Rapeseed Winter,274.0,360.0,75.0,141.0,9,12,3.0,5.0
India,12.750000635782875,78.75001271565755,Rapeseed Winter,274.0,360.0,75.0,141.0,9,12,3.0,5.0
India,12.750000635782875,79.25001271565755,Rapeseed Winter,274.0,360.0,75.0,141.0,9,12,3.0,5.0
India,12.750000635782875,79.75001271565755,Rapeseed Winter,274.0,360.0,75.0,141.0,9,12,3.0,5.0
India,12.750000635782875,92.75001271565756,Rapeseed Winter,274.0,360.0,75.0,141.0,9,12,3.0,5.0
India,13.250000635782875,74.75001271565755,Rapeseed Winter,274.0,360.0,75.0,141.0,9,12,3.0,5.0
India,13.250000635782875,75.25001271565755,Rapeseed Winter,274.0,360.0,75.0,141.0,9,12,3.0,5.0
India,13.250000635782875,75.75001271565755,Rapeseed Winter,274.0,360.0,75.0,141.0,9,12,3.0,5.0
India,13.250000635782875,76.25001271565755,Rapeseed Winter,274.0,360.0,75.0,141.0,9,12,3.0,5.0
India,13.250000635782875,76.75001271565755,Rapeseed Winter,274.0,360.0,75.0,141.0,9,12,3.0,5.0
India,13.250000635782875,77.25001271565755,Rapeseed Winter,274.0,360.0,75.0,141.0,9,12,3.0,5.0
India,13.250000635782875,77.75001271565755,Rapeseed Winter,274.0,360.0,75.0,141.0,9,12,3.0,5.0
India,13.250000635782875,78.25001271565755,Rapeseed Winter,274.0,360.0,75.0,141.0,9,12,3.0,5.0
India,13.250000635782875,78.75001271565755,Rapeseed Winter,274.0,360.0,75.0,141.0,9,12,3.0,5.0
India,13.250000635782875,79.25001271565755,Rapeseed Winter,274.0,360.0,75.0,141.0,9,12,3.0,5.0
India,13.250000635782875,79.75001271565755,Rapeseed Winter,274.0,360.0,75.0,141.0,9,12,3.0,5.0
India,13.250000635782875,80.25001271565755,Rapeseed Winter,274.0,360.0,75.0,141.0,9,12,3.0,5.0
India,13.750000635782875,74.75001271565755,Rapeseed Winter,274.0,360.0,75.0,141.0,9,12,3.0,5.0
India,13.750000635782875,75.25001271565755,Rapeseed Winter,274.0,360.0,75.0,141.0,9,12,3.0,5.0
India,13.750000635782875,75.75001271565755,Rapeseed Winter,274.0,360.0,75.0,141.0,9,12,3.0,5.0
India,13.750000635782875,76.25001271565755,Rapeseed Winter,274.0,360.0,75.0,141.0,9,12,3.0,5.0
India,13.750000635782875,76.75001271565755,Rapeseed Winter,274.0,360.0,75.0,141.0,9,12,3.0,5.0
India,13.750000635782875,77.25001271565755,Rapeseed Winter,274.0,360.0,75.0,141.0,9,12,3.0,5.0
India,13.750000635782875,77.75001271565755,Rapeseed Winter,274.0,360.0,75.0,141.0,9,12,3.0,5.0
India,13.750000635782875,78.25001271565755,Rapeseed Winter,274.0,360.0,75.0,141.0,9,12,3.0,5.0
India,13.750000635782875,78.75001271565755,Rapeseed Winter,274.0,360.0,75.0,141.0,9,12,3.0,5.0
India,13.750000635782875,79.25001271565755,Rapeseed Winter,274.0,360.0,75.0,141.0,9,12,3.0,5.0
India,13.750000635782875,79.75001271565755,Rapeseed Winter,274.0,360.0,75.0,141.0,9,12,3.0,5.0
India,14.250000635782875,74.75001271565755,Rapeseed Winter,274.0,360.0,75.0,141.0,9,12,3.0,5.0
India,14.250000635782875,75.25001271565755,Rapeseed Winter,274.0,360.0,75.0,141.0,9,12,3.0,5.0
India,14.250000635782875,75.75001271565755,Rapeseed Winter,274.0,360.0,75.0,141.0,9,12,3.0,5.0
India,14.250000635782875,76.25001271565755,Rapeseed Winter,274.0,360.0,75.0,141.0,9,12,3.0,5.0
India,14.250000635782875,76.75001271565755,Rapeseed Winter,274.0,360.0,75.0,141.0,9,12,3.0,5.0
India,14.250000635782875,77.25001271565755,Rapeseed Winter,274.0,360.0,75.0,141.0,9,12,3.0,5.0
India,14.250000635782875,77.75001271565755,Rapeseed Winter,274.0,360.0,75.0,141.0,9,12,3.0,5.0
India,14.250000635782875,78.25001271565755,Rapeseed Winter,274.0,360.0,75.0,141.0,9,12,3.0,5.0
India,14.250000635782875,78.75001271565755,Rapeseed Winter,274.0,360.0,75.0,141.0,9,12,3.0,5.0
India,14.250000635782875,79.25001271565755,Rapeseed Winter,274.0,360.0,75.0,141.0,9,12,3.0,5.0
India,14.250000635782875,79.75001271565755,Rapeseed Winter,274.0,360.0,75.0,141.0,9,12,3.0,5.0
India,14.750000635782875,74.25001271565755,Rapeseed Winter,274.0,360.0,75.0,141.0,9,12,3.0,5.0
India,14.750000635782875,74.75001271565755,Rapeseed Winter,274.0,360.0,75.0,141.0,9,12,3.0,5.0
India,14.750000635782875,75.25001271565755,Rapeseed Winter,274.0,360.0,75.0,141.0,9,12,3.0,5.0
India,14.750000635782875,75.75001271565755,Rapeseed Winter,274.0,360.0,75.0,141.0,9,12,3.0,5.0
India,14.750000635782875,76.25001271565755,Rapeseed Winter,274.0,360.0,75.0,141.0,9,12,3.0,5.0
India,14.750000635782875,76.75001271565755,Rapeseed Winter,274.0,360.0,75.0,141.0,9,12,3.0,5.0
India,14.750000635782875,77.25001271565755,Rapeseed Winter,274.0,360.0,75.0,141.0,9,12,3.0,5.0
India,14.750000635782875,77.75001271565755,Rapeseed Winter,274.0,360.0,75.0,141.0,9,12,3.0,5.0
India,14.750000635782875,78.25001271565755,Rapeseed Winter,274.0,360.0,75.0,141.0,9,12,3.0,5.0
India,14.750000635782875,78.75001271565755,Rapeseed Winter,274.0,360.0,75.0,141.0,9,12,3.0,5.0
India,14.750000635782875,79.25001271565755,Rapeseed Winter,274.0,360.0,75.0,141.0,9,12,3.0,5.0
India,14.750000635782875,79.75001271565755,Rapeseed Winter,274.0,360.0,75.0,141.0,9,12,3.0,5.0
India,15.250000635782875,74.25001271565755,Rapeseed Winter,274.0,360.0,75.0,141.0,9,12,3.0,5.0
India,15.250000635782875,74.75001271565755,Rapeseed Winter,274.0,360.0,75.0,141.0,9,12,3.0,5.0
India,15.250000635782875,75.25001271565755,Rapeseed Winter,274.0,360.0,75.0,141.0,9,12,3.0,5.0
India,15.250000635782875,75.75001271565755,Rapeseed Winter,274.0,360.0,75.0,141.0,9,12,3.0,5.0
India,15.250000635782875,76.25001271565755,Rapeseed Winter,274.0,360.0,75.0,141.0,9,12,3.0,5.0
India,15.250000635782875,76.75001271565755,Rapeseed Winter,274.0,360.0,75.0,141.0,9,12,3.0,5.0
India,15.250000635782875,77.25001271565755,Rapeseed Winter,274.0,360.0,75.0,141.0,9,12,3.0,5.0
India,15.250000635782875,77.75001271565755,Rapeseed Winter,274.0,360.0,75.0,141.0,9,12,3.0,5.0
India,15.250000635782875,78.25001271565755,Rapeseed Winter,274.0,360.0,75.0,141.0,9,12,3.0,5.0
India,15.250000635782875,78.75001271565755,Rapeseed Winter,274.0,360.0,75.0,141.0,9,12,3.0,5.0
India,15.250000635782875,79.25001271565755,Rapeseed Winter,274.0,360.0,75.0,141.0,9,12,3.0,5.0
India,15.250000635782875,79.75001271565755,Rapeseed Winter,274.0,360.0,75.0,141.0,9,12,3.0,5.0
India,15.750000635782875,73.75001271565755,Rapeseed Winter,274.0,360.0,75.0,141.0,9,12,3.0,5.0
India,15.750000635782875,74.25001271565755,Rapeseed Winter,274.0,360.0,75.0,141.0,9,12,3.0,5.0
India,15.750000635782875,74.75001271565755,Rapeseed Winter,274.0,360.0,75.0,141.0,9,12,3.0,5.0
India,15.750000635782875,75.25001271565755,Rapeseed Winter,274.0,360.0,75.0,141.0,9,12,3.0,5.0
India,15.750000635782875,75.75001271565755,Rapeseed Winter,274.0,360.0,75.0,141.0,9,12,3.0,5.0
India,15.750000635782875,76.25001271565755,Rapeseed Winter,274.0,360.0,75.0,141.0,9,12,3.0,5.0
India,15.750000635782875,76.75001271565755,Rapeseed Winter,274.0,360.0,75.0,141.0,9,12,3.0,5.0
India,15.750000635782875,77.25001271565755,Rapeseed Winter,274.0,360.0,75.0,141.0,9,12,3.0,5.0
India,15.750000635782875,77.75001271565755,Rapeseed Winter,274.0,360.0,75.0,141.0,9,12,3.0,5.0
India,15.750000635782875,78.25001271565755,Rapeseed Winter,274.0,360.0,75.0,141.0,9,12,3.0,5.0
India,15.750000635782875,78.75001271565755,Rapeseed Winter,274.0,360.0,75.0,141.0,9,12,3.0,5.0
India,15.750000635782875,79.25001271565755,Rapeseed Winter,274.0,360.0,75.0,141.0,9,12,3.0,5.0
India,15.750000635782875,79.75001271565755,Rapeseed Winter,274.0,360.0,75.0,141.0,9,12,3.0,5.0
India,15.750000635782875,80.25001271565755,Rapeseed Winter,274.0,360.0,75.0,141.0,9,12,3.0,5.0
India,16.25000063578288,73.75001271565755,Rapeseed Winter,274.0,360.0,75.0,141.0,9,12,3.0,5.0
India,16.25000063578288,74.25001271565755,Rapeseed Winter,274.0,360.0,75.0,141.0,9,12,3.0,5.0
India,16.25000063578288,74.75001271565755,Rapeseed Winter,274.0,360.0,75.0,141.0,9,12,3.0,5.0
India,16.25000063578288,75.25001271565755,Rapeseed Winter,274.0,360.0,75.0,141.0,9,12,3.0,5.0
India,16.25000063578288,75.75001271565755,Rapeseed Winter,274.0,360.0,75.0,141.0,9,12,3.0,5.0
India,16.25000063578288,76.25001271565755,Rapeseed Winter,274.0,360.0,75.0,141.0,9,12,3.0,5.0
India,16.25000063578288,76.75001271565755,Rapeseed Winter,274.0,360.0,75.0,141.0,9,12,3.0,5.0
India,16.25000063578288,77.25001271565755,Rapeseed Winter,274.0,360.0,75.0,141.0,9,12,3.0,5.0
India,16.25000063578288,77.75001271565755,Rapeseed Winter,274.0,360.0,75.0,141.0,9,12,3.0,5.0
India,16.25000063578288,78.25001271565755,Rapeseed Winter,274.0,360.0,75.0,141.0,9,12,3.0,5.0
India,16.25000063578288,78.75001271565755,Rapeseed Winter,274.0,360.0,75.0,141.0,9,12,3.0,5.0
India,16.25000063578288,79.25001271565755,Rapeseed Winter,274.0,360.0,75.0,141.0,9,12,3.0,5.0
India,16.25000063578288,79.75001271565755,Rapeseed Winter,274.0,360.0,75.0,141.0,9,12,3.0,5.0
India,16.25000063578288,80.25001271565755,Rapeseed Winter,274.0,360.0,75.0,141.0,9,12,3.0,5.0
India,16.25000063578288,80.75001271565755,Rapeseed Winter,274.0,360.0,75.0,141.0,9,12,3.0,5.0
India,16.75000063578288,73.75001271565755,Rapeseed Winter,274.0,360.0,75.0,141.0,9,12,3.0,5.0
India,16.75000063578288,74.25001271565755,Rapeseed Winter,274.0,360.0,75.0,141.0,9,12,3.0,5.0
India,16.75000063578288,74.75001271565755,Rapeseed Winter,274.0,360.0,75.0,141.0,9,12,3.0,5.0
India,16.75000063578288,75.25001271565755,Rapeseed Winter,274.0,360.0,75.0,141.0,9,12,3.0,5.0
India,16.75000063578288,75.75001271565755,Rapeseed Winter,274.0,360.0,75.0,141.0,9,12,3.0,5.0
India,16.75000063578288,76.25001271565755,Rapeseed Winter,274.0,360.0,75.0,141.0,9,12,3.0,5.0
India,16.75000063578288,76.75001271565755,Rapeseed Winter,274.0,360.0,75.0,141.0,9,12,3.0,5.0
India,16.75000063578288,77.25001271565755,Rapeseed Winter,274.0,360.0,75.0,141.0,9,12,3.0,5.0
India,16.75000063578288,77.75001271565755,Rapeseed Winter,274.0,360.0,75.0,141.0,9,12,3.0,5.0
India,16.75000063578288,78.25001271565755,Rapeseed Winter,274.0,360.0,75.0,141.0,9,12,3.0,5.0
India,16.75000063578288,78.75001271565755,Rapeseed Winter,274.0,360.0,75.0,141.0,9,12,3.0,5.0
India,16.75000063578288,79.25001271565755,Rapeseed Winter,274.0,360.0,75.0,141.0,9,12,3.0,5.0
India,16.75000063578288,79.75001271565755,Rapeseed Winter,274.0,360.0,75.0,141.0,9,12,3.0,5.0
India,16.75000063578288,80.25001271565755,Rapeseed Winter,274.0,360.0,75.0,141.0,9,12,3.0,5.0
India,16.75000063578288,80.75001271565755,Rapeseed Winter,274.0,360.0,75.0,141.0,9,12,3.0,5.0
India,16.75000063578288,81.25001271565755,Rapeseed Winter,274.0,360.0,75.0,141.0,9,12,3.0,5.0
India,16.75000063578288,81.75001271565755,Rapeseed Winter,274.0,360.0,75.0,141.0,9,12,3.0,5.0
India,16.75000063578288,82.25001271565755,Rapeseed Winter,274.0,360.0,75.0,141.0,9,12,3.0,5.0
India,17.25000063578288,73.25001271565755,Rapeseed Winter,274.0,360.0,75.0,141.0,9,12,3.0,5.0
India,17.25000063578288,73.75001271565755,Rapeseed Winter,274.0,360.0,75.0,141.0,9,12,3.0,5.0
India,17.25000063578288,74.25001271565755,Rapeseed Winter,274.0,360.0,75.0,141.0,9,12,3.0,5.0
India,17.25000063578288,74.75001271565755,Rapeseed Winter,274.0,360.0,75.0,141.0,9,12,3.0,5.0
India,17.25000063578288,75.25001271565755,Rapeseed Winter,274.0,360.0,75.0,141.0,9,12,3.0,5.0
India,17.25000063578288,75.75001271565755,Rapeseed Winter,274.0,360.0,75.0,141.0,9,12,3.0,5.0
India,17.25000063578288,76.25001271565755,Rapeseed Winter,274.0,360.0,75.0,141.0,9,12,3.0,5.0
India,17.25000063578288,76.75001271565755,Rapeseed Winter,274.0,360.0,75.0,141.0,9,12,3.0,5.0
India,17.25000063578288,77.25001271565755,Rapeseed Winter,274.0,360.0,75.0,141.0,9,12,3.0,5.0
India,17.25000063578288,77.75001271565755,Rapeseed Winter,274.0,360.0,75.0,141.0,9,12,3.0,5.0
India,17.25000063578288,78.25001271565755,Rapeseed Winter,274.0,360.0,75.0,141.0,9,12,3.0,5.0
India,17.25000063578288,78.75001271565755,Rapeseed Winter,274.0,360.0,75.0,141.0,9,12,3.0,5.0
India,17.25000063578288,79.25001271565755,Rapeseed Winter,274.0,360.0,75.0,141.0,9,12,3.0,5.0
India,17.25000063578288,79.75001271565755,Rapeseed Winter,274.0,360.0,75.0,141.0,9,12,3.0,5.0
India,17.25000063578288,80.25001271565755,Rapeseed Winter,274.0,360.0,75.0,141.0,9,12,3.0,5.0
India,17.25000063578288,80.75001271565755,Rapeseed Winter,274.0,360.0,75.0,141.0,9,12,3.0,5.0
India,17.25000063578288,81.25001271565755,Rapeseed Winter,274.0,360.0,75.0,141.0,9,12,3.0,5.0
India,17.25000063578288,81.75001271565755,Rapeseed Winter,274.0,360.0,75.0,141.0,9,12,3.0,5.0
India,17.25000063578288,82.25001271565755,Rapeseed Winter,274.0,360.0,75.0,141.0,9,12,3.0,5.0
India,17.75000063578288,73.25001271565755,Rapeseed Winter,274.0,360.0,75.0,141.0,9,12,3.0,5.0
India,17.75000063578288,73.75001271565755,Rapeseed Winter,274.0,360.0,75.0,141.0,9,12,3.0,5.0
India,17.75000063578288,74.25001271565755,Rapeseed Winter,274.0,360.0,75.0,141.0,9,12,3.0,5.0
India,17.75000063578288,74.75001271565755,Rapeseed Winter,274.0,360.0,75.0,141.0,9,12,3.0,5.0
India,17.75000063578288,75.25001271565755,Rapeseed Winter,274.0,360.0,75.0,141.0,9,12,3.0,5.0
India,17.75000063578288,75.75001271565755,Rapeseed Winter,274.0,360.0,75.0,141.0,9,12,3.0,5.0
India,17.75000063578288,76.25001271565755,Rapeseed Winter,274.0,360.0,75.0,141.0,9,12,3.0,5.0
India,17.75000063578288,76.75001271565755,Rapeseed Winter,274.0,360.0,75.0,141.0,9,12,3.0,5.0
India,17.75000063578288,77.25001271565755,Rapeseed Winter,274.0,360.0,75.0,141.0,9,12,3.0,5.0
India,17.75000063578288,77.75001271565755,Rapeseed Winter,274.0,360.0,75.0,141.0,9,12,3.0,5.0
India,17.75000063578288,78.25001271565755,Rapeseed Winter,274.0,360.0,75.0,141.0,9,12,3.0,5.0
India,17.75000063578288,78.75001271565755,Rapeseed Winter,274.0,360.0,75.0,141.0,9,12,3.0,5.0
India,17.75000063578288,79.25001271565755,Rapeseed Winter,274.0,360.0,75.0,141.0,9,12,3.0,5.0
India,17.75000063578288,79.75001271565755,Rapeseed Winter,274.0,360.0,75.0,141.0,9,12,3.0,5.0
India,17.75000063578288,80.25001271565755,Rapeseed Winter,274.0,360.0,75.0,141.0,9,12,3.0,5.0
India,17.75000063578288,80.75001271565755,Rapeseed Winter,274.0,360.0,75.0,141.0,9,12,3.0,5.0
India,17.75000063578288,81.25001271565755,Rapeseed Winter,274.0,360.0,75.0,141.0,9,12,3.0,5.0
India,17.75000063578288,81.75001271565755,Rapeseed Winter,274.0,360.0,75.0,141.0,9,12,3.0,5.0
India,17.75000063578288,82.25001271565755,Rapeseed Winter,274.0,360.0,75.0,141.0,9,12,3.0,5.0
India,17.75000063578288,82.75001271565755,Rapeseed Winter,274.0,360.0,75.0,141.0,9,12,3.0,5.0
India,17.75000063578288,83.25001271565755,Rapeseed Winter,274.0,360.0,75.0,141.0,9,12,3.0,5.0
India,18.25000063578288,73.25001271565755,Rapeseed Winter,274.0,360.0,75.0,141.0,9,12,3.0,5.0
India,18.25000063578288,73.75001271565755,Rapeseed Winter,274.0,360.0,75.0,141.0,9,12,3.0,5.0
India,18.25000063578288,74.25001271565755,Rapeseed Winter,274.0,360.0,75.0,141.0,9,12,3.0,5.0
India,18.25000063578288,74.75001271565755,Rapeseed Winter,274.0,360.0,75.0,141.0,9,12,3.0,5.0
India,18.25000063578288,75.25001271565755,Rapeseed Winter,274.0,360.0,75.0,141.0,9,12,3.0,5.0
India,18.25000063578288,75.75001271565755,Rapeseed Winter,274.0,360.0,75.0,141.0,9,12,3.0,5.0
India,18.25000063578288,76.25001271565755,Rapeseed Winter,274.0,360.0,75.0,141.0,9,12,3.0,5.0
India,18.25000063578288,76.75001271565755,Rapeseed Winter,274.0,360.0,75.0,141.0,9,12,3.0,5.0
India,18.25000063578288,77.25001271565755,Rapeseed Winter,274.0,360.0,75.0,141.0,9,12,3.0,5.0
India,18.25000063578288,77.75001271565755,Rapeseed Winter,274.0,360.0,75.0,141.0,9,12,3.0,5.0
India,18.25000063578288,78.25001271565755,Rapeseed Winter,274.0,360.0,75.0,141.0,9,12,3.0,5.0
India,18.25000063578288,78.75001271565755,Rapeseed Winter,274.0,360.0,75.0,141.0,9,12,3.0,5.0
India,18.25000063578288,79.25001271565755,Rapeseed Winter,274.0,360.0,75.0,141.0,9,12,3.0,5.0
India,18.25000063578288,79.75001271565755,Rapeseed Winter,274.0,360.0,75.0,141.0,9,12,3.0,5.0
India,18.25000063578288,80.25001271565755,Rapeseed Winter,274.0,360.0,75.0,141.0,9,12,3.0,5.0
India,18.25000063578288,80.75001271565755,Rapeseed Winter,274.0,360.0,75.0,141.0,9,12,3.0,5.0
India,18.25000063578288,81.25001271565755,Rapeseed Winter,274.0,360.0,75.0,141.0,9,12,3.0,5.0
India,18.25000063578288,81.75001271565755,Rapeseed Winter,274.0,360.0,75.0,141.0,9,12,3.0,5.0
India,18.25000063578288,82.25001271565755,Rapeseed Winter,274.0,360.0,75.0,141.0,9,12,3.0,5.0
India,18.25000063578288,82.75001271565755,Rapeseed Winter,274.0,360.0,75.0,141.0,9,12,3.0,5.0
India,18.25000063578288,83.25001271565755,Rapeseed Winter,274.0,360.0,75.0,141.0,9,12,3.0,5.0
India,18.25000063578288,83.75001271565755,Rapeseed Winter,274.0,360.0,75.0,141.0,9,12,3.0,5.0
India,18.75000063578288,73.25001271565755,Rapeseed Winter,274.0,360.0,75.0,141.0,9,12,3.0,5.0
India,18.75000063578288,73.75001271565755,Rapeseed Winter,274.0,360.0,75.0,141.0,9,12,3.0,5.0
India,18.75000063578288,74.25001271565755,Rapeseed Winter,274.0,360.0,75.0,141.0,9,12,3.0,5.0
India,18.75000063578288,74.75001271565755,Rapeseed Winter,274.0,360.0,75.0,141.0,9,12,3.0,5.0
India,18.75000063578288,75.25001271565755,Rapeseed Winter,274.0,360.0,75.0,141.0,9,12,3.0,5.0
India,18.75000063578288,75.75001271565755,Rapeseed Winter,274.0,360.0,75.0,141.0,9,12,3.0,5.0
India,18.75000063578288,76.25001271565755,Rapeseed Winter,274.0,360.0,75.0,141.0,9,12,3.0,5.0
India,18.75000063578288,76.75001271565755,Rapeseed Winter,274.0,360.0,75.0,141.0,9,12,3.0,5.0
India,18.75000063578288,77.25001271565755,Rapeseed Winter,274.0,360.0,75.0,141.0,9,12,3.0,5.0
India,18.75000063578288,77.75001271565755,Rapeseed Winter,274.0,360.0,75.0,141.0,9,12,3.0,5.0
India,18.75000063578288,78.25001271565755,Rapeseed Winter,274.0,360.0,75.0,141.0,9,12,3.0,5.0
India,18.75000063578288,78.75001271565755,Rapeseed Winter,274.0,360.0,75.0,141.0,9,12,3.0,5.0
India,18.75000063578288,79.25001271565755,Rapeseed Winter,274.0,360.0,75.0,141.0,9,12,3.0,5.0
India,18.75000063578288,79.75001271565755,Rapeseed Winter,274.0,360.0,75.0,141.0,9,12,3.0,5.0
India,18.75000063578288,80.25001271565755,Rapeseed Winter,274.0,360.0,75.0,141.0,9,12,3.0,5.0
India,18.75000063578288,80.75001271565755,Rapeseed Winter,274.0,360.0,75.0,141.0,9,12,3.0,5.0
India,18.75000063578288,81.25001271565755,Rapeseed Winter,274.0,360.0,75.0,141.0,9,12,3.0,5.0
India,18.75000063578288,81.75001271565755,Rapeseed Winter,274.0,360.0,75.0,141.0,9,12,3.0,5.0
India,18.75000063578288,82.25001271565755,Rapeseed Winter,274.0,360.0,75.0,141.0,9,12,3.0,5.0
India,18.75000063578288,82.75001271565755,Rapeseed Winter,274.0,360.0,75.0,141.0,9,12,3.0,5.0
India,18.75000063578288,83.25001271565755,Rapeseed Winter,274.0,360.0,75.0,141.0,9,12,3.0,5.0
India,18.75000063578288,83.75001271565755,Rapeseed Winter,274.0,360.0,75.0,141.0,9,12,3.0,5.0
India,18.75000063578288,84.25001271565755,Rapeseed Winter,274.0,360.0,75.0,141.0,9,12,3.0,5.0
India,19.25000063578288,73.25001271565755,Rapeseed Winter,274.0,360.0,75.0,141.0,9,12,3.0,5.0
India,19.25000063578288,73.75001271565755,Rapeseed Winter,274.0,360.0,75.0,141.0,9,12,3.0,5.0
India,19.25000063578288,74.25001271565755,Rapeseed Winter,274.0,360.0,75.0,141.0,9,12,3.0,5.0
India,19.25000063578288,74.75001271565755,Rapeseed Winter,274.0,360.0,75.0,141.0,9,12,3.0,5.0
India,19.25000063578288,75.25001271565755,Rapeseed Winter,274.0,360.0,75.0,141.0,9,12,3.0,5.0
India,19.25000063578288,75.75001271565755,Rapeseed Winter,274.0,360.0,75.0,141.0,9,12,3.0,5.0
India,19.25000063578288,76.25001271565755,Rapeseed Winter,274.0,360.0,75.0,141.0,9,12,3.0,5.0
India,19.25000063578288,76.75001271565755,Rapeseed Winter,274.0,360.0,75.0,141.0,9,12,3.0,5.0
India,19.25000063578288,77.25001271565755,Rapeseed Winter,274.0,360.0,75.0,141.0,9,12,3.0,5.0
India,19.25000063578288,77.75001271565755,Rapeseed Winter,274.0,360.0,75.0,141.0,9,12,3.0,5.0
India,19.25000063578288,78.25001271565755,Rapeseed Winter,274.0,360.0,75.0,141.0,9,12,3.0,5.0
India,19.25000063578288,78.75001271565755,Rapeseed Winter,274.0,360.0,75.0,141.0,9,12,3.0,5.0
India,19.25000063578288,79.25001271565755,Rapeseed Winter,274.0,360.0,75.0,141.0,9,12,3.0,5.0
India,19.25000063578288,79.75001271565755,Rapeseed Winter,274.0,360.0,75.0,141.0,9,12,3.0,5.0
India,19.25000063578288,80.25001271565755,Rapeseed Winter,274.0,360.0,75.0,141.0,9,12,3.0,5.0
India,19.25000063578288,80.75001271565755,Rapeseed Winter,274.0,360.0,75.0,141.0,9,12,3.0,5.0
India,19.25000063578288,81.25001271565755,Rapeseed Winter,274.0,360.0,75.0,141.0,9,12,3.0,5.0
India,19.25000063578288,81.75001271565755,Rapeseed Winter,274.0,360.0,75.0,141.0,9,12,3.0,5.0
India,19.25000063578288,82.25001271565755,Rapeseed Winter,274.0,360.0,75.0,141.0,9,12,3.0,5.0
India,19.25000063578288,82.75001271565755,Rapeseed Winter,274.0,360.0,75.0,141.0,9,12,3.0,5.0
India,19.25000063578288,83.25001271565755,Rapeseed Winter,274.0,360.0,75.0,141.0,9,12,3.0,5.0
India,19.25000063578288,83.75001271565755,Rapeseed Winter,274.0,360.0,75.0,141.0,9,12,3.0,5.0
India,19.25000063578288,84.25001271565755,Rapeseed Winter,274.0,360.0,75.0,141.0,9,12,3.0,5.0
India,19.25000063578288,84.75001271565755,Rapeseed Winter,274.0,360.0,75.0,141.0,9,12,3.0,5.0
India,19.75000063578288,72.75001271565755,Rapeseed Winter,274.0,360.0,75.0,141.0,9,12,3.0,5.0
India,19.75000063578288,73.25001271565755,Rapeseed Winter,274.0,360.0,75.0,141.0,9,12,3.0,5.0
India,19.75000063578288,73.75001271565755,Rapeseed Winter,274.0,360.0,75.0,141.0,9,12,3.0,5.0
India,19.75000063578288,74.25001271565755,Rapeseed Winter,274.0,360.0,75.0,141.0,9,12,3.0,5.0
India,19.75000063578288,74.75001271565755,Rapeseed Winter,274.0,360.0,75.0,141.0,9,12,3.0,5.0
India,19.75000063578288,75.25001271565755,Rapeseed Winter,274.0,360.0,75.0,141.0,9,12,3.0,5.0
India,19.75000063578288,75.75001271565755,Rapeseed Winter,274.0,360.0,75.0,141.0,9,12,3.0,5.0
India,19.75000063578288,76.25001271565755,Rapeseed Winter,274.0,360.0,75.0,141.0,9,12,3.0,5.0
India,19.75000063578288,76.75001271565755,Rapeseed Winter,274.0,360.0,75.0,141.0,9,12,3.0,5.0
India,19.75000063578288,77.25001271565755,Rapeseed Winter,274.0,360.0,75.0,141.0,9,12,3.0,5.0
India,19.75000063578288,77.75001271565755,Rapeseed Winter,274.0,360.0,75.0,141.0,9,12,3.0,5.0
India,19.75000063578288,78.25001271565755,Rapeseed Winter,274.0,360.0,75.0,141.0,9,12,3.0,5.0
India,19.75000063578288,78.75001271565755,Rapeseed Winter,274.0,360.0,75.0,141.0,9,12,3.0,5.0
India,19.75000063578288,79.25001271565755,Rapeseed Winter,274.0,360.0,75.0,141.0,9,12,3.0,5.0
India,19.75000063578288,79.75001271565755,Rapeseed Winter,274.0,360.0,75.0,141.0,9,12,3.0,5.0
India,19.75000063578288,80.25001271565755,Rapeseed Winter,274.0,360.0,75.0,141.0,9,12,3.0,5.0
India,19.75000063578288,80.75001271565755,Rapeseed Winter,274.0,360.0,75.0,141.0,9,12,3.0,5.0
India,19.75000063578288,81.25001271565755,Rapeseed Winter,274.0,360.0,75.0,141.0,9,12,3.0,5.0
India,19.75000063578288,81.75001271565755,Rapeseed Winter,274.0,360.0,75.0,141.0,9,12,3.0,5.0
India,19.75000063578288,82.25001271565755,Rapeseed Winter,274.0,360.0,75.0,141.0,9,12,3.0,5.0
India,19.75000063578288,82.75001271565755,Rapeseed Winter,274.0,360.0,75.0,141.0,9,12,3.0,5.0
India,19.75000063578288,83.25001271565755,Rapeseed Winter,274.0,360.0,75.0,141.0,9,12,3.0,5.0
India,19.75000063578288,83.75001271565755,Rapeseed Winter,274.0,360.0,75.0,141.0,9,12,3.0,5.0
India,19.75000063578288,84.25001271565755,Rapeseed Winter,274.0,360.0,75.0,141.0,9,12,3.0,5.0
India,19.75000063578288,84.75001271565755,Rapeseed Winter,274.0,360.0,75.0,141.0,9,12,3.0,5.0
India,20.25000063578288,72.75001271565755,Rapeseed Winter,274.0,360.0,75.0,141.0,9,12,3.0,5.0
India,20.25000063578288,73.25001271565755,Rapeseed Winter,274.0,360.0,75.0,141.0,9,12,3.0,5.0
India,20.25000063578288,73.75001271565755,Rapeseed Winter,274.0,360.0,75.0,141.0,9,12,3.0,5.0
India,20.25000063578288,74.25001271565755,Rapeseed Winter,274.0,360.0,75.0,141.0,9,12,3.0,5.0
India,20.25000063578288,74.75001271565755,Rapeseed Winter,274.0,360.0,75.0,141.0,9,12,3.0,5.0
India,20.25000063578288,75.25001271565755,Rapeseed Winter,274.0,360.0,75.0,141.0,9,12,3.0,5.0
India,20.25000063578288,75.75001271565755,Rapeseed Winter,274.0,360.0,75.0,141.0,9,12,3.0,5.0
India,20.25000063578288,76.25001271565755,Rapeseed Winter,274.0,360.0,75.0,141.0,9,12,3.0,5.0
India,20.25000063578288,76.75001271565755,Rapeseed Winter,274.0,360.0,75.0,141.0,9,12,3.0,5.0
India,20.25000063578288,77.25001271565755,Rapeseed Winter,274.0,360.0,75.0,141.0,9,12,3.0,5.0
India,20.25000063578288,77.75001271565755,Rapeseed Winter,274.0,360.0,75.0,141.0,9,12,3.0,5.0
India,20.25000063578288,78.25001271565755,Rapeseed Winter,274.0,360.0,75.0,141.0,9,12,3.0,5.0
India,20.25000063578288,78.75001271565755,Rapeseed Winter,274.0,360.0,75.0,141.0,9,12,3.0,5.0
India,20.25000063578288,79.25001271565755,Rapeseed Winter,274.0,360.0,75.0,141.0,9,12,3.0,5.0
India,20.25000063578288,79.75001271565755,Rapeseed Winter,274.0,360.0,75.0,141.0,9,12,3.0,5.0
India,20.25000063578288,80.25001271565755,Rapeseed Winter,274.0,360.0,75.0,141.0,9,12,3.0,5.0
India,20.25000063578288,80.75001271565755,Rapeseed Winter,274.0,360.0,75.0,141.0,9,12,3.0,5.0
India,20.25000063578288,81.25001271565755,Rapeseed Winter,274.0,360.0,75.0,141.0,9,12,3.0,5.0
India,20.25000063578288,81.75001271565755,Rapeseed Winter,274.0,360.0,75.0,141.0,9,12,3.0,5.0
India,20.25000063578288,82.25001271565755,Rapeseed Winter,274.0,360.0,75.0,141.0,9,12,3.0,5.0
India,20.25000063578288,82.75001271565755,Rapeseed Winter,274.0,360.0,75.0,141.0,9,12,3.0,5.0
India,20.25000063578288,83.25001271565755,Rapeseed Winter,274.0,360.0,75.0,141.0,9,12,3.0,5.0
India,20.25000063578288,83.75001271565755,Rapeseed Winter,274.0,360.0,75.0,141.0,9,12,3.0,5.0
India,20.25000063578288,84.25001271565755,Rapeseed Winter,274.0,360.0,75.0,141.0,9,12,3.0,5.0
India,20.25000063578288,84.75001271565755,Rapeseed Winter,274.0,360.0,75.0,141.0,9,12,3.0,5.0
India,20.25000063578288,85.25001271565755,Rapeseed Winter,274.0,360.0,75.0,141.0,9,12,3.0,5.0
India,20.25000063578288,85.75001271565755,Rapeseed Winter,274.0,360.0,75.0,141.0,9,12,3.0,5.0
India,20.25000063578288,86.25001271565755,Rapeseed Winter,274.0,360.0,75.0,141.0,9,12,3.0,5.0
India,20.75000063578288,70.75001271565755,Rapeseed Winter,274.0,360.0,75.0,141.0,9,12,3.0,5.0
India,20.75000063578288,73.25001271565755,Rapeseed Winter,274.0,360.0,75.0,141.0,9,12,3.0,5.0
India,20.75000063578288,73.75001271565755,Rapeseed Winter,274.0,360.0,75.0,141.0,9,12,3.0,5.0
India,20.75000063578288,74.25001271565755,Rapeseed Winter,274.0,360.0,75.0,141.0,9,12,3.0,5.0
India,20.75000063578288,74.75001271565755,Rapeseed Winter,274.0,360.0,75.0,141.0,9,12,3.0,5.0
India,20.75000063578288,75.25001271565755,Rapeseed Winter,274.0,360.0,75.0,141.0,9,12,3.0,5.0
India,20.75000063578288,75.75001271565755,Rapeseed Winter,274.0,360.0,75.0,141.0,9,12,3.0,5.0
India,20.75000063578288,76.25001271565755,Rapeseed Winter,274.0,360.0,75.0,141.0,9,12,3.0,5.0
India,20.75000063578288,76.75001271565755,Rapeseed Winter,274.0,360.0,75.0,141.0,9,12,3.0,5.0
India,20.75000063578288,77.25001271565755,Rapeseed Winter,274.0,360.0,75.0,141.0,9,12,3.0,5.0
India,20.75000063578288,77.75001271565755,Rapeseed Winter,274.0,360.0,75.0,141.0,9,12,3.0,5.0
India,20.75000063578288,78.25001271565755,Rapeseed Winter,274.0,360.0,75.0,141.0,9,12,3.0,5.0
India,20.75000063578288,78.75001271565755,Rapeseed Winter,274.0,360.0,75.0,141.0,9,12,3.0,5.0
India,20.75000063578288,79.25001271565755,Rapeseed Winter,274.0,360.0,75.0,141.0,9,12,3.0,5.0
India,20.75000063578288,79.75001271565755,Rapeseed Winter,274.0,360.0,75.0,141.0,9,12,3.0,5.0
India,20.75000063578288,80.25001271565755,Rapeseed Winter,274.0,360.0,75.0,141.0,9,12,3.0,5.0
India,20.75000063578288,80.75001271565755,Rapeseed Winter,274.0,360.0,75.0,141.0,9,12,3.0,5.0
India,20.75000063578288,81.25001271565755,Rapeseed Winter,274.0,360.0,75.0,141.0,9,12,3.0,5.0
India,20.75000063578288,81.75001271565755,Rapeseed Winter,274.0,360.0,75.0,141.0,9,12,3.0,5.0
India,20.75000063578288,82.25001271565755,Rapeseed Winter,274.0,360.0,75.0,141.0,9,12,3.0,5.0
India,20.75000063578288,82.75001271565755,Rapeseed Winter,274.0,360.0,75.0,141.0,9,12,3.0,5.0
India,20.75000063578288,83.25001271565755,Rapeseed Winter,274.0,360.0,75.0,141.0,9,12,3.0,5.0
India,20.75000063578288,83.75001271565755,Rapeseed Winter,274.0,360.0,75.0,141.0,9,12,3.0,5.0
India,20.75000063578288,84.25001271565755,Rapeseed Winter,274.0,360.0,75.0,141.0,9,12,3.0,5.0
India,20.75000063578288,84.75001271565755,Rapeseed Winter,274.0,360.0,75.0,141.0,9,12,3.0,5.0
India,20.75000063578288,85.25001271565755,Rapeseed Winter,274.0,360.0,75.0,141.0,9,12,3.0,5.0
India,20.75000063578288,85.75001271565755,Rapeseed Winter,274.0,360.0,75.0,141.0,9,12,3.0,5.0
India,20.75000063578288,86.25001271565755,Rapeseed Winter,274.0,360.0,75.0,141.0,9,12,3.0,5.0
India,20.75000063578288,86.75001271565755,Rapeseed Winter,274.0,360.0,75.0,141.0,9,12,3.0,5.0
India,21.25000063578288,70.25001271565755,Rapeseed Winter,274.0,360.0,75.0,141.0,9,12,3.0,5.0
India,21.25000063578288,70.75001271565755,Rapeseed Winter,274.0,360.0,75.0,141.0,9,12,3.0,5.0
India,21.25000063578288,71.25001271565755,Rapeseed Winter,274.0,360.0,75.0,141.0,9,12,3.0,5.0
India,21.25000063578288,71.75001271565755,Rapeseed Winter,274.0,360.0,75.0,141.0,9,12,3.0,5.0
India,21.25000063578288,72.75001271565755,Rapeseed Winter,274.0,360.0,75.0,141.0,9,12,3.0,5.0
India,21.25000063578288,73.25001271565755,Rapeseed Winter,274.0,360.0,75.0,141.0,9,12,3.0,5.0
India,21.25000063578288,73.75001271565755,Rapeseed Winter,274.0,360.0,75.0,141.0,9,12,3.0,5.0
India,21.25000063578288,74.25001271565755,Rapeseed Winter,274.0,360.0,75.0,141.0,9,12,3.0,5.0
India,21.25000063578288,74.75001271565755,Rapeseed Winter,274.0,360.0,75.0,141.0,9,12,3.0,5.0
India,21.25000063578288,75.25001271565755,Rapeseed Winter,274.0,360.0,75.0,141.0,9,12,3.0,5.0
India,21.25000063578288,75.75001271565755,Rapeseed Winter,274.0,360.0,75.0,141.0,9,12,3.0,5.0
India,21.25000063578288,76.25001271565755,Rapeseed Winter,274.0,360.0,75.0,141.0,9,12,3.0,5.0
India,21.25000063578288,76.75001271565755,Rapeseed Winter,274.0,360.0,75.0,141.0,9,12,3.0,5.0
India,21.25000063578288,77.25001271565755,Rapeseed Winter,274.0,360.0,75.0,141.0,9,12,3.0,5.0
India,21.25000063578288,77.75001271565755,Rapeseed Winter,274.0,360.0,75.0,141.0,9,12,3.0,5.0
India,21.25000063578288,78.25001271565755,Rapeseed Winter,274.0,360.0,75.0,141.0,9,12,3.0,5.0
India,21.25000063578288,78.75001271565755,Rapeseed Winter,274.0,360.0,75.0,141.0,9,12,3.0,5.0
India,21.25000063578288,79.25001271565755,Rapeseed Winter,274.0,360.0,75.0,141.0,9,12,3.0,5.0
India,21.25000063578288,79.75001271565755,Rapeseed Winter,274.0,360.0,75.0,141.0,9,12,3.0,5.0
India,21.25000063578288,80.25001271565755,Rapeseed Winter,274.0,360.0,75.0,141.0,9,12,3.0,5.0
India,21.25000063578288,80.75001271565755,Rapeseed Winter,274.0,360.0,75.0,141.0,9,12,3.0,5.0
India,21.25000063578288,81.25001271565755,Rapeseed Winter,274.0,360.0,75.0,141.0,9,12,3.0,5.0
India,21.25000063578288,81.75001271565755,Rapeseed Winter,274.0,360.0,75.0,141.0,9,12,3.0,5.0
India,21.25000063578288,82.25001271565755,Rapeseed Winter,274.0,360.0,75.0,141.0,9,12,3.0,5.0
India,21.25000063578288,82.75001271565755,Rapeseed Winter,274.0,360.0,75.0,141.0,9,12,3.0,5.0
India,21.25000063578288,83.25001271565755,Rapeseed Winter,274.0,360.0,75.0,141.0,9,12,3.0,5.0
India,21.25000063578288,83.75001271565755,Rapeseed Winter,274.0,360.0,75.0,141.0,9,12,3.0,5.0
India,21.25000063578288,84.25001271565755,Rapeseed Winter,274.0,360.0,75.0,141.0,9,12,3.0,5.0
India,21.25000063578288,84.75001271565755,Rapeseed Winter,274.0,360.0,75.0,141.0,9,12,3.0,5.0
India,21.25000063578288,85.25001271565755,Rapeseed Winter,274.0,360.0,75.0,141.0,9,12,3.0,5.0
India,21.25000063578288,85.75001271565755,Rapeseed Winter,274.0,360.0,75.0,141.0,9,12,3.0,5.0
India,21.25000063578288,86.25001271565755,Rapeseed Winter,274.0,360.0,75.0,141.0,9,12,3.0,5.0
India,21.25000063578288,86.75001271565755,Rapeseed Winter,274.0,360.0,75.0,141.0,9,12,3.0,5.0
India,21.75000063578288,69.75001271565755,Rapeseed Winter,274.0,360.0,75.0,141.0,9,12,3.0,5.0
India,21.75000063578288,70.25001271565755,Rapeseed Winter,274.0,360.0,75.0,141.0,9,12,3.0,5.0
India,21.75000063578288,70.75001271565755,Rapeseed Winter,274.0,360.0,75.0,141.0,9,12,3.0,5.0
India,21.75000063578288,71.25001271565755,Rapeseed Winter,274.0,360.0,75.0,141.0,9,12,3.0,5.0
India,21.75000063578288,71.75001271565755,Rapeseed Winter,274.0,360.0,75.0,141.0,9,12,3.0,5.0
India,21.75000063578288,72.75001271565755,Rapeseed Winter,274.0,360.0,75.0,141.0,9,12,3.0,5.0
India,21.75000063578288,73.25001271565755,Rapeseed Winter,274.0,360.0,75.0,141.0,9,12,3.0,5.0
India,21.75000063578288,73.75001271565755,Rapeseed Winter,274.0,360.0,75.0,141.0,9,12,3.0,5.0
India,21.75000063578288,74.25001271565755,Rapeseed Winter,274.0,360.0,75.0,141.0,9,12,3.0,5.0
India,21.75000063578288,74.75001271565755,Rapeseed Winter,274.0,360.0,75.0,141.0,9,12,3.0,5.0
India,21.75000063578288,75.25001271565755,Rapeseed Winter,274.0,360.0,75.0,141.0,9,12,3.0,5.0
India,21.75000063578288,75.75001271565755,Rapeseed Winter,274.0,360.0,75.0,141.0,9,12,3.0,5.0
India,21.75000063578288,76.25001271565755,Rapeseed Winter,274.0,360.0,75.0,141.0,9,12,3.0,5.0
India,21.75000063578288,76.75001271565755,Rapeseed Winter,274.0,360.0,75.0,141.0,9,12,3.0,5.0
India,21.75000063578288,77.25001271565755,Rapeseed Winter,274.0,360.0,75.0,141.0,9,12,3.0,5.0
India,21.75000063578288,77.75001271565755,Rapeseed Winter,274.0,360.0,75.0,141.0,9,12,3.0,5.0
India,21.75000063578288,78.25001271565755,Rapeseed Winter,274.0,360.0,75.0,141.0,9,12,3.0,5.0
India,21.75000063578288,78.75001271565755,Rapeseed Winter,274.0,360.0,75.0,141.0,9,12,3.0,5.0
India,21.75000063578288,79.25001271565755,Rapeseed Winter,274.0,360.0,75.0,141.0,9,12,3.0,5.0
India,21.75000063578288,79.75001271565755,Rapeseed Winter,274.0,360.0,75.0,141.0,9,12,3.0,5.0
India,21.75000063578288,80.25001271565755,Rapeseed Winter,274.0,360.0,75.0,141.0,9,12,3.0,5.0
India,21.75000063578288,80.75001271565755,Rapeseed Winter,274.0,360.0,75.0,141.0,9,12,3.0,5.0
India,21.75000063578288,81.25001271565755,Rapeseed Winter,274.0,360.0,75.0,141.0,9,12,3.0,5.0
India,21.75000063578288,81.75001271565755,Rapeseed Winter,274.0,360.0,75.0,141.0,9,12,3.0,5.0
India,21.75000063578288,82.25001271565755,Rapeseed Winter,274.0,360.0,75.0,141.0,9,12,3.0,5.0
India,21.75000063578288,82.75001271565755,Rapeseed Winter,274.0,360.0,75.0,141.0,9,12,3.0,5.0
India,21.75000063578288,83.25001271565755,Rapeseed Winter,274.0,360.0,75.0,141.0,9,12,3.0,5.0
India,21.75000063578288,83.75001271565755,Rapeseed Winter,274.0,360.0,75.0,141.0,9,12,3.0,5.0
India,21.75000063578288,84.25001271565755,Rapeseed Winter,274.0,360.0,75.0,141.0,9,12,3.0,5.0
India,21.75000063578288,84.75001271565755,Rapeseed Winter,274.0,360.0,75.0,141.0,9,12,3.0,5.0
India,21.75000063578288,85.25001271565755,Rapeseed Winter,274.0,360.0,75.0,141.0,9,12,3.0,5.0
India,21.75000063578288,85.75001271565755,Rapeseed Winter,274.0,360.0,75.0,141.0,9,12,3.0,5.0
India,21.75000063578288,86.25001271565755,Rapeseed Winter,274.0,360.0,75.0,141.0,9,12,3.0,5.0
India,21.75000063578288,86.75001271565755,Rapeseed Winter,274.0,360.0,75.0,141.0,9,12,3.0,5.0
India,21.75000063578288,87.25001271565755,Rapeseed Winter,274.0,360.0,75.0,141.0,9,12,3.0,5.0
India,21.75000063578288,87.75001271565755,Rapeseed Winter,274.0,360.0,75.0,141.0,9,12,3.0,5.0
India,21.75000063578288,88.25001271565755,Rapeseed Winter,274.0,360.0,75.0,141.0,9,12,3.0,5.0
India,21.75000063578288,88.75001271565755,Rapeseed Winter,274.0,360.0,75.0,141.0,9,12,3.0,5.0
India,22.25000063578288,69.25001271565755,Rapeseed Winter,274.0,360.0,75.0,141.0,9,12,3.0,5.0
India,22.25000063578288,69.75001271565755,Rapeseed Winter,274.0,360.0,75.0,141.0,9,12,3.0,5.0
India,22.25000063578288,70.25001271565755,Rapeseed Winter,274.0,360.0,75.0,141.0,9,12,3.0,5.0
India,22.25000063578288,70.75001271565755,Rapeseed Winter,274.0,360.0,75.0,141.0,9,12,3.0,5.0
India,22.25000063578288,71.25001271565755,Rapeseed Winter,274.0,360.0,75.0,141.0,9,12,3.0,5.0
India,22.25000063578288,71.75001271565755,Rapeseed Winter,274.0,360.0,75.0,141.0,9,12,3.0,5.0
India,22.25000063578288,72.75001271565755,Rapeseed Winter,274.0,360.0,75.0,141.0,9,12,3.0,5.0
India,22.25000063578288,73.25001271565755,Rapeseed Winter,274.0,360.0,75.0,141.0,9,12,3.0,5.0
India,22.25000063578288,73.75001271565755,Rapeseed Winter,274.0,360.0,75.0,141.0,9,12,3.0,5.0
India,22.25000063578288,74.25001271565755,Rapeseed Winter,274.0,360.0,75.0,141.0,9,12,3.0,5.0
India,22.25000063578288,74.75001271565755,Rapeseed Winter,274.0,360.0,75.0,141.0,9,12,3.0,5.0
India,22.25000063578288,75.25001271565755,Rapeseed Winter,274.0,360.0,75.0,141.0,9,12,3.0,5.0
India,22.25000063578288,75.75001271565755,Rapeseed Winter,274.0,360.0,75.0,141.0,9,12,3.0,5.0
India,22.25000063578288,76.25001271565755,Rapeseed Winter,274.0,360.0,75.0,141.0,9,12,3.0,5.0
India,22.25000063578288,76.75001271565755,Rapeseed Winter,274.0,360.0,75.0,141.0,9,12,3.0,5.0
India,22.25000063578288,77.25001271565755,Rapeseed Winter,274.0,360.0,75.0,141.0,9,12,3.0,5.0
India,22.25000063578288,77.75001271565755,Rapeseed Winter,274.0,360.0,75.0,141.0,9,12,3.0,5.0
India,22.25000063578288,78.25001271565755,Rapeseed Winter,274.0,360.0,75.0,141.0,9,12,3.0,5.0
India,22.25000063578288,78.75001271565755,Rapeseed Winter,274.0,360.0,75.0,141.0,9,12,3.0,5.0
India,22.25000063578288,79.25001271565755,Rapeseed Winter,274.0,360.0,75.0,141.0,9,12,3.0,5.0
India,22.25000063578288,79.75001271565755,Rapeseed Winter,274.0,360.0,75.0,141.0,9,12,3.0,5.0
India,22.25000063578288,80.25001271565755,Rapeseed Winter,274.0,360.0,75.0,141.0,9,12,3.0,5.0
India,22.25000063578288,80.75001271565755,Rapeseed Winter,274.0,360.0,75.0,141.0,9,12,3.0,5.0
India,22.25000063578288,81.25001271565755,Rapeseed Winter,274.0,360.0,75.0,141.0,9,12,3.0,5.0
India,22.25000063578288,81.75001271565755,Rapeseed Winter,274.0,360.0,75.0,141.0,9,12,3.0,5.0
India,22.25000063578288,82.25001271565755,Rapeseed Winter,274.0,360.0,75.0,141.0,9,12,3.0,5.0
India,22.25000063578288,82.75001271565755,Rapeseed Winter,274.0,360.0,75.0,141.0,9,12,3.0,5.0
India,22.25000063578288,83.25001271565755,Rapeseed Winter,274.0,360.0,75.0,141.0,9,12,3.0,5.0
India,22.25000063578288,83.75001271565755,Rapeseed Winter,274.0,360.0,75.0,141.0,9,12,3.0,5.0
India,22.25000063578288,84.25001271565755,Rapeseed Winter,274.0,360.0,75.0,141.0,9,12,3.0,5.0
India,22.25000063578288,84.75001271565755,Rapeseed Winter,274.0,360.0,75.0,141.0,9,12,3.0,5.0
India,22.25000063578288,85.25001271565755,Rapeseed Winter,274.0,360.0,75.0,141.0,9,12,3.0,5.0
India,22.25000063578288,85.75001271565755,Rapeseed Winter,274.0,360.0,75.0,141.0,9,12,3.0,5.0
India,22.25000063578288,86.25001271565755,Rapeseed Winter,274.0,360.0,75.0,141.0,9,12,3.0,5.0
India,22.25000063578288,86.75001271565755,Rapeseed Winter,274.0,360.0,75.0,141.0,9,12,3.0,5.0
India,22.25000063578288,87.25001271565755,Rapeseed Winter,274.0,360.0,75.0,141.0,9,12,3.0,5.0
India,22.25000063578288,87.75001271565755,Rapeseed Winter,274.0,360.0,75.0,141.0,9,12,3.0,5.0
India,22.25000063578288,88.25001271565755,Rapeseed Winter,274.0,360.0,75.0,141.0,9,12,3.0,5.0
India,22.25000063578288,88.75001271565755,Rapeseed Winter,274.0,360.0,75.0,141.0,9,12,3.0,5.0
India,22.25000063578288,92.75001271565756,Rapeseed Winter,274.0,360.0,75.0,141.0,9,12,3.0,5.0
India,22.75000063578288,70.75001271565755,Rapeseed Winter,274.0,360.0,75.0,141.0,9,12,3.0,5.0
India,22.75000063578288,71.25001271565755,Rapeseed Winter,274.0,360.0,75.0,141.0,9,12,3.0,5.0
India,22.75000063578288,71.75001271565755,Rapeseed Winter,274.0,360.0,75.0,141.0,9,12,3.0,5.0
India,22.75000063578288,72.25001271565755,Rapeseed Winter,274.0,360.0,75.0,141.0,9,12,3.0,5.0
India,22.75000063578288,72.75001271565755,Rapeseed Winter,274.0,360.0,75.0,141.0,9,12,3.0,5.0
India,22.75000063578288,73.25001271565755,Rapeseed Winter,274.0,360.0,75.0,141.0,9,12,3.0,5.0
India,22.75000063578288,73.75001271565755,Rapeseed Winter,274.0,360.0,75.0,141.0,9,12,3.0,5.0
India,22.75000063578288,74.25001271565755,Rapeseed Winter,274.0,360.0,75.0,141.0,9,12,3.0,5.0
India,22.75000063578288,74.75001271565755,Rapeseed Winter,274.0,360.0,75.0,141.0,9,12,3.0,5.0
India,22.75000063578288,75.25001271565755,Rapeseed Winter,274.0,360.0,75.0,141.0,9,12,3.0,5.0
India,22.75000063578288,75.75001271565755,Rapeseed Winter,274.0,360.0,75.0,141.0,9,12,3.0,5.0
India,22.75000063578288,76.25001271565755,Rapeseed Winter,274.0,360.0,75.0,141.0,9,12,3.0,5.0
India,22.75000063578288,76.75001271565755,Rapeseed Winter,274.0,360.0,75.0,141.0,9,12,3.0,5.0
India,22.75000063578288,77.25001271565755,Rapeseed Winter,274.0,360.0,75.0,141.0,9,12,3.0,5.0
India,22.75000063578288,77.75001271565755,Rapeseed Winter,274.0,360.0,75.0,141.0,9,12,3.0,5.0
India,22.75000063578288,78.25001271565755,Rapeseed Winter,274.0,360.0,75.0,141.0,9,12,3.0,5.0
India,22.75000063578288,78.75001271565755,Rapeseed Winter,274.0,360.0,75.0,141.0,9,12,3.0,5.0
India,22.75000063578288,79.25001271565755,Rapeseed Winter,274.0,360.0,75.0,141.0,9,12,3.0,5.0
India,22.75000063578288,79.75001271565755,Rapeseed Winter,274.0,360.0,75.0,141.0,9,12,3.0,5.0
India,22.75000063578288,80.25001271565755,Rapeseed Winter,274.0,360.0,75.0,141.0,9,12,3.0,5.0
India,22.75000063578288,80.75001271565755,Rapeseed Winter,274.0,360.0,75.0,141.0,9,12,3.0,5.0
India,22.75000063578288,81.25001271565755,Rapeseed Winter,274.0,360.0,75.0,141.0,9,12,3.0,5.0
India,22.75000063578288,81.75001271565755,Rapeseed Winter,274.0,360.0,75.0,141.0,9,12,3.0,5.0
India,22.75000063578288,82.25001271565755,Rapeseed Winter,274.0,360.0,75.0,141.0,9,12,3.0,5.0
India,22.75000063578288,82.75001271565755,Rapeseed Winter,274.0,360.0,75.0,141.0,9,12,3.0,5.0
India,22.75000063578288,83.25001271565755,Rapeseed Winter,274.0,360.0,75.0,141.0,9,12,3.0,5.0
India,22.75000063578288,83.75001271565755,Rapeseed Winter,274.0,360.0,75.0,141.0,9,12,3.0,5.0
India,22.75000063578288,84.25001271565755,Rapeseed Winter,274.0,360.0,75.0,141.0,9,12,3.0,5.0
India,22.75000063578288,84.75001271565755,Rapeseed Winter,274.0,360.0,75.0,141.0,9,12,3.0,5.0
India,22.75000063578288,85.25001271565755,Rapeseed Winter,274.0,360.0,75.0,141.0,9,12,3.0,5.0
India,22.75000063578288,85.75001271565755,Rapeseed Winter,274.0,360.0,75.0,141.0,9,12,3.0,5.0
India,22.75000063578288,86.25001271565755,Rapeseed Winter,274.0,360.0,75.0,141.0,9,12,3.0,5.0
India,22.75000063578288,86.75001271565755,Rapeseed Winter,274.0,360.0,75.0,141.0,9,12,3.0,5.0
India,22.75000063578288,87.25001271565755,Rapeseed Winter,274.0,360.0,75.0,141.0,9,12,3.0,5.0
India,22.75000063578288,87.75001271565755,Rapeseed Winter,274.0,360.0,75.0,141.0,9,12,3.0,5.0
India,22.75000063578288,88.25001271565755,Rapeseed Winter,274.0,360.0,75.0,141.0,9,12,3.0,5.0
India,22.75000063578288,88.75001271565755,Rapeseed Winter,274.0,360.0,75.0,141.0,9,12,3.0,5.0
India,22.75000063578288,92.75001271565756,Rapeseed Winter,274.0,360.0,75.0,141.0,9,12,3.0,5.0
India,23.25000063578288,68.75001271565755,Rapeseed Winter,274.0,360.0,75.0,141.0,9,12,3.0,5.0
India,23.25000063578288,69.25001271565755,Rapeseed Winter,274.0,360.0,75.0,141.0,9,12,3.0,5.0
India,23.25000063578288,69.75001271565755,Rapeseed Winter,274.0,360.0,75.0,141.0,9,12,3.0,5.0
India,23.25000063578288,70.25001271565755,Rapeseed Winter,274.0,360.0,75.0,141.0,9,12,3.0,5.0
India,23.25000063578288,70.75001271565755,Rapeseed Winter,274.0,360.0,75.0,141.0,9,12,3.0,5.0
India,23.25000063578288,71.25001271565755,Rapeseed Winter,274.0,360.0,75.0,141.0,9,12,3.0,5.0
India,23.25000063578288,71.75001271565755,Rapeseed Winter,274.0,360.0,75.0,141.0,9,12,3.0,5.0
India,23.25000063578288,72.25001271565755,Rapeseed Winter,274.0,360.0,75.0,141.0,9,12,3.0,5.0
India,23.25000063578288,72.75001271565755,Rapeseed Winter,274.0,360.0,75.0,141.0,9,12,3.0,5.0
India,23.25000063578288,73.25001271565755,Rapeseed Winter,274.0,360.0,75.0,141.0,9,12,3.0,5.0
India,23.25000063578288,73.75001271565755,Rapeseed Winter,274.0,360.0,75.0,141.0,9,12,3.0,5.0
India,23.25000063578288,74.25001271565755,Rapeseed Winter,274.0,360.0,75.0,141.0,9,12,3.0,5.0
India,23.25000063578288,74.75001271565755,Rapeseed Winter,274.0,360.0,75.0,141.0,9,12,3.0,5.0
India,23.25000063578288,75.25001271565755,Rapeseed Winter,274.0,360.0,75.0,141.0,9,12,3.0,5.0
India,23.25000063578288,75.75001271565755,Rapeseed Winter,274.0,360.0,75.0,141.0,9,12,3.0,5.0
India,23.25000063578288,76.25001271565755,Rapeseed Winter,274.0,360.0,75.0,141.0,9,12,3.0,5.0
India,23.25000063578288,76.75001271565755,Rapeseed Winter,274.0,360.0,75.0,141.0,9,12,3.0,5.0
India,23.25000063578288,77.25001271565755,Rapeseed Winter,274.0,360.0,75.0,141.0,9,12,3.0,5.0
India,23.25000063578288,77.75001271565755,Rapeseed Winter,274.0,360.0,75.0,141.0,9,12,3.0,5.0
India,23.25000063578288,78.25001271565755,Rapeseed Winter,274.0,360.0,75.0,141.0,9,12,3.0,5.0
India,23.25000063578288,78.75001271565755,Rapeseed Winter,274.0,360.0,75.0,141.0,9,12,3.0,5.0
India,23.25000063578288,79.25001271565755,Rapeseed Winter,274.0,360.0,75.0,141.0,9,12,3.0,5.0
India,23.25000063578288,79.75001271565755,Rapeseed Winter,274.0,360.0,75.0,141.0,9,12,3.0,5.0
India,23.25000063578288,80.25001271565755,Rapeseed Winter,274.0,360.0,75.0,141.0,9,12,3.0,5.0
India,23.25000063578288,80.75001271565755,Rapeseed Winter,274.0,360.0,75.0,141.0,9,12,3.0,5.0
India,23.25000063578288,81.25001271565755,Rapeseed Winter,274.0,360.0,75.0,141.0,9,12,3.0,5.0
India,23.25000063578288,81.75001271565755,Rapeseed Winter,274.0,360.0,75.0,141.0,9,12,3.0,5.0
India,23.25000063578288,82.25001271565755,Rapeseed Winter,274.0,360.0,75.0,141.0,9,12,3.0,5.0
India,23.25000063578288,82.75001271565755,Rapeseed Winter,274.0,360.0,75.0,141.0,9,12,3.0,5.0
India,23.25000063578288,83.25001271565755,Rapeseed Winter,274.0,360.0,75.0,141.0,9,12,3.0,5.0
India,23.25000063578288,83.75001271565755,Rapeseed Winter,274.0,360.0,75.0,141.0,9,12,3.0,5.0
India,23.25000063578288,84.25001271565755,Rapeseed Winter,274.0,360.0,75.0,141.0,9,12,3.0,5.0
India,23.25000063578288,84.75001271565755,Rapeseed Winter,274.0,360.0,75.0,141.0,9,12,3.0,5.0
India,23.25000063578288,85.25001271565755,Rapeseed Winter,274.0,360.0,75.0,141.0,9,12,3.0,5.0
India,23.25000063578288,85.75001271565755,Rapeseed Winter,274.0,360.0,75.0,141.0,9,12,3.0,5.0
India,23.25000063578288,86.25001271565755,Rapeseed Winter,274.0,360.0,75.0,141.0,9,12,3.0,5.0
India,23.25000063578288,86.75001271565755,Rapeseed Winter,274.0,360.0,75.0,141.0,9,12,3.0,5.0
India,23.25000063578288,87.25001271565755,Rapeseed Winter,274.0,360.0,75.0,141.0,9,12,3.0,5.0
India,23.25000063578288,87.75001271565755,Rapeseed Winter,274.0,360.0,75.0,141.0,9,12,3.0,5.0
India,23.25000063578288,88.25001271565755,Rapeseed Winter,274.0,360.0,75.0,141.0,9,12,3.0,5.0
India,23.25000063578288,92.75001271565756,Rapeseed Winter,274.0,360.0,75.0,141.0,9,12,3.0,5.0
India,23.25000063578288,93.25001271565756,Rapeseed Winter,274.0,360.0,75.0,141.0,9,12,3.0,5.0
India,23.75000063578288,68.25001271565755,Rapeseed Winter,274.0,360.0,75.0,141.0,9,12,3.0,5.0
India,23.75000063578288,68.75001271565755,Rapeseed Winter,274.0,360.0,75.0,141.0,9,12,3.0,5.0
India,23.75000063578288,69.25001271565755,Rapeseed Winter,274.0,360.0,75.0,141.0,9,12,3.0,5.0
India,23.75000063578288,69.75001271565755,Rapeseed Winter,274.0,360.0,75.0,141.0,9,12,3.0,5.0
India,23.75000063578288,70.25001271565755,Rapeseed Winter,274.0,360.0,75.0,141.0,9,12,3.0,5.0
India,23.75000063578288,70.75001271565755,Rapeseed Winter,274.0,360.0,75.0,141.0,9,12,3.0,5.0
India,23.75000063578288,71.25001271565755,Rapeseed Winter,274.0,360.0,75.0,141.0,9,12,3.0,5.0
India,23.75000063578288,71.75001271565755,Rapeseed Winter,274.0,360.0,75.0,141.0,9,12,3.0,5.0
India,23.75000063578288,72.25001271565755,Rapeseed Winter,274.0,360.0,75.0,141.0,9,12,3.0,5.0
India,23.75000063578288,72.75001271565755,Rapeseed Winter,274.0,360.0,75.0,141.0,9,12,3.0,5.0
India,23.75000063578288,73.25001271565755,Rapeseed Winter,274.0,360.0,75.0,141.0,9,12,3.0,5.0
India,23.75000063578288,73.75001271565755,Rapeseed Winter,274.0,360.0,75.0,141.0,9,12,3.0,5.0
India,23.75000063578288,74.25001271565755,Rapeseed Winter,274.0,360.0,75.0,141.0,9,12,3.0,5.0
India,23.75000063578288,74.75001271565755,Rapeseed Winter,274.0,360.0,75.0,141.0,9,12,3.0,5.0
India,23.75000063578288,75.25001271565755,Rapeseed Winter,274.0,360.0,75.0,141.0,9,12,3.0,5.0
India,23.75000063578288,75.75001271565755,Rapeseed Winter,274.0,360.0,75.0,141.0,9,12,3.0,5.0
India,23.75000063578288,76.25001271565755,Rapeseed Winter,274.0,360.0,75.0,141.0,9,12,3.0,5.0
India,23.75000063578288,76.75001271565755,Rapeseed Winter,274.0,360.0,75.0,141.0,9,12,3.0,5.0
India,23.75000063578288,77.25001271565755,Rapeseed Winter,274.0,360.0,75.0,141.0,9,12,3.0,5.0
India,23.75000063578288,77.75001271565755,Rapeseed Winter,274.0,360.0,75.0,141.0,9,12,3.0,5.0
India,23.75000063578288,78.25001271565755,Rapeseed Winter,274.0,360.0,75.0,141.0,9,12,3.0,5.0
India,23.75000063578288,78.75001271565755,Rapeseed Winter,274.0,360.0,75.0,141.0,9,12,3.0,5.0
India,23.75000063578288,79.25001271565755,Rapeseed Winter,274.0,360.0,75.0,141.0,9,12,3.0,5.0
India,23.75000063578288,79.75001271565755,Rapeseed Winter,274.0,360.0,75.0,141.0,9,12,3.0,5.0
India,23.75000063578288,80.25001271565755,Rapeseed Winter,274.0,360.0,75.0,141.0,9,12,3.0,5.0
India,23.75000063578288,80.75001271565755,Rapeseed Winter,274.0,360.0,75.0,141.0,9,12,3.0,5.0
India,23.75000063578288,81.25001271565755,Rapeseed Winter,274.0,360.0,75.0,141.0,9,12,3.0,5.0
India,23.75000063578288,81.75001271565755,Rapeseed Winter,274.0,360.0,75.0,141.0,9,12,3.0,5.0
India,23.75000063578288,82.25001271565755,Rapeseed Winter,274.0,360.0,75.0,141.0,9,12,3.0,5.0
India,23.75000063578288,82.75001271565755,Rapeseed Winter,274.0,360.0,75.0,141.0,9,12,3.0,5.0
India,23.75000063578288,83.25001271565755,Rapeseed Winter,274.0,360.0,75.0,141.0,9,12,3.0,5.0
India,23.75000063578288,83.75001271565755,Rapeseed Winter,274.0,360.0,75.0,141.0,9,12,3.0,5.0
India,23.75000063578288,84.25001271565755,Rapeseed Winter,274.0,360.0,75.0,141.0,9,12,3.0,5.0
India,23.75000063578288,84.75001271565755,Rapeseed Winter,274.0,360.0,75.0,141.0,9,12,3.0,5.0
India,23.75000063578288,85.25001271565755,Rapeseed Winter,274.0,360.0,75.0,141.0,9,12,3.0,5.0
India,23.75000063578288,85.75001271565755,Rapeseed Winter,274.0,360.0,75.0,141.0,9,12,3.0,5.0
India,23.75000063578288,86.25001271565755,Rapeseed Winter,274.0,360.0,75.0,141.0,9,12,3.0,5.0
India,23.75000063578288,86.75001271565755,Rapeseed Winter,274.0,360.0,75.0,141.0,9,12,3.0,5.0
India,23.75000063578288,87.25001271565755,Rapeseed Winter,274.0,360.0,75.0,141.0,9,12,3.0,5.0
India,23.75000063578288,87.75001271565755,Rapeseed Winter,274.0,360.0,75.0,141.0,9,12,3.0,5.0
India,23.75000063578288,88.25001271565755,Rapeseed Winter,274.0,360.0,75.0,141.0,9,12,3.0,5.0
India,23.75000063578288,91.25001271565756,Rapeseed Winter,274.0,360.0,75.0,141.0,9,12,3.0,5.0
India,23.75000063578288,91.75001271565756,Rapeseed Winter,274.0,360.0,75.0,141.0,9,12,3.0,5.0
India,23.75000063578288,92.25001271565756,Rapeseed Winter,274.0,360.0,75.0,141.0,9,12,3.0,5.0
India,23.75000063578288,92.75001271565756,Rapeseed Winter,274.0,360.0,75.0,141.0,9,12,3.0,5.0
India,23.75000063578288,93.25001271565756,Rapeseed Winter,274.0,360.0,75.0,141.0,9,12,3.0,5.0
India,24.25000063578288,71.25001271565755,Rapeseed Winter,274.0,360.0,75.0,141.0,9,12,3.0,5.0
India,24.25000063578288,71.75001271565755,Rapeseed Winter,274.0,360.0,75.0,141.0,9,12,3.0,5.0
India,24.25000063578288,72.25001271565755,Rapeseed Winter,274.0,360.0,75.0,141.0,9,12,3.0,5.0
India,24.25000063578288,72.75001271565755,Rapeseed Winter,274.0,360.0,75.0,141.0,9,12,3.0,5.0
India,24.25000063578288,73.25001271565755,Rapeseed Winter,274.0,360.0,75.0,141.0,9,12,3.0,5.0
India,24.25000063578288,73.75001271565755,Rapeseed Winter,274.0,360.0,75.0,141.0,9,12,3.0,5.0
India,24.25000063578288,74.25001271565755,Rapeseed Winter,274.0,360.0,75.0,141.0,9,12,3.0,5.0
India,24.25000063578288,74.75001271565755,Rapeseed Winter,274.0,360.0,75.0,141.0,9,12,3.0,5.0
India,24.25000063578288,75.25001271565755,Rapeseed Winter,274.0,360.0,75.0,141.0,9,12,3.0,5.0
India,24.25000063578288,75.75001271565755,Rapeseed Winter,274.0,360.0,75.0,141.0,9,12,3.0,5.0
India,24.25000063578288,76.25001271565755,Rapeseed Winter,274.0,360.0,75.0,141.0,9,12,3.0,5.0
India,24.25000063578288,76.75001271565755,Rapeseed Winter,274.0,360.0,75.0,141.0,9,12,3.0,5.0
India,24.25000063578288,77.25001271565755,Rapeseed Winter,274.0,360.0,75.0,141.0,9,12,3.0,5.0
India,24.25000063578288,77.75001271565755,Rapeseed Winter,274.0,360.0,75.0,141.0,9,12,3.0,5.0
India,24.25000063578288,78.25001271565755,Rapeseed Winter,274.0,360.0,75.0,141.0,9,12,3.0,5.0
India,24.25000063578288,78.75001271565755,Rapeseed Winter,274.0,360.0,75.0,141.0,9,12,3.0,5.0
India,24.25000063578288,79.25001271565755,Rapeseed Winter,274.0,360.0,75.0,141.0,9,12,3.0,5.0
India,24.25000063578288,79.75001271565755,Rapeseed Winter,274.0,360.0,75.0,141.0,9,12,3.0,5.0
India,24.25000063578288,80.25001271565755,Rapeseed Winter,274.0,360.0,75.0,141.0,9,12,3.0,5.0
India,24.25000063578288,80.75001271565755,Rapeseed Winter,274.0,360.0,75.0,141.0,9,12,3.0,5.0
India,24.25000063578288,81.25001271565755,Rapeseed Winter,274.0,360.0,75.0,141.0,9,12,3.0,5.0
India,24.25000063578288,81.75001271565755,Rapeseed Winter,274.0,360.0,75.0,141.0,9,12,3.0,5.0
India,24.25000063578288,82.25001271565755,Rapeseed Winter,274.0,360.0,75.0,141.0,9,12,3.0,5.0
India,24.25000063578288,82.75001271565755,Rapeseed Winter,274.0,360.0,75.0,141.0,9,12,3.0,5.0
India,24.25000063578288,83.25001271565755,Rapeseed Winter,274.0,360.0,75.0,141.0,9,12,3.0,5.0
India,24.25000063578288,83.75001271565755,Rapeseed Winter,274.0,360.0,75.0,141.0,9,12,3.0,5.0
India,24.25000063578288,84.25001271565755,Rapeseed Winter,274.0,360.0,75.0,141.0,9,12,3.0,5.0
India,24.25000063578288,84.75001271565755,Rapeseed Winter,274.0,360.0,75.0,141.0,9,12,3.0,5.0
India,24.25000063578288,85.25001271565755,Rapeseed Winter,274.0,360.0,75.0,141.0,9,12,3.0,5.0
India,24.25000063578288,85.75001271565755,Rapeseed Winter,274.0,360.0,75.0,141.0,9,12,3.0,5.0
India,24.25000063578288,86.25001271565755,Rapeseed Winter,274.0,360.0,75.0,141.0,9,12,3.0,5.0
India,24.25000063578288,86.75001271565755,Rapeseed Winter,274.0,360.0,75.0,141.0,9,12,3.0,5.0
India,24.25000063578288,87.25001271565755,Rapeseed Winter,274.0,360.0,75.0,141.0,9,12,3.0,5.0
India,24.25000063578288,87.75001271565755,Rapeseed Winter,274.0,360.0,75.0,141.0,9,12,3.0,5.0
India,24.25000063578288,88.25001271565755,Rapeseed Winter,274.0,360.0,75.0,141.0,9,12,3.0,5.0
India,24.25000063578288,92.25001271565756,Rapeseed Winter,274.0,360.0,75.0,141.0,9,12,3.0,5.0
India,24.25000063578288,92.75001271565756,Rapeseed Winter,274.0,360.0,75.0,141.0,9,12,3.0,5.0
India,24.25000063578288,93.25001271565756,Rapeseed Winter,274.0,360.0,75.0,141.0,9,12,3.0,5.0
India,24.25000063578288,93.75001271565756,Rapeseed Winter,274.0,360.0,75.0,141.0,9,12,3.0,5.0
India,24.25000063578288,94.25001271565756,Rapeseed Winter,274.0,360.0,75.0,141.0,9,12,3.0,5.0
India,24.75000063578288,71.25001271565755,Rapeseed Winter,274.0,360.0,75.0,141.0,9,12,3.0,5.0
India,24.75000063578288,71.75001271565755,Rapeseed Winter,274.0,360.0,75.0,141.0,9,12,3.0,5.0
India,24.75000063578288,72.25001271565755,Rapeseed Winter,274.0,360.0,75.0,141.0,9,12,3.0,5.0
India,24.75000063578288,72.75001271565755,Rapeseed Winter,274.0,360.0,75.0,141.0,9,12,3.0,5.0
India,24.75000063578288,73.25001271565755,Rapeseed Winter,274.0,360.0,75.0,141.0,9,12,3.0,5.0
India,24.75000063578288,73.75001271565755,Rapeseed Winter,274.0,360.0,75.0,141.0,9,12,3.0,5.0
India,24.75000063578288,74.25001271565755,Rapeseed Winter,274.0,360.0,75.0,141.0,9,12,3.0,5.0
India,24.75000063578288,74.75001271565755,Rapeseed Winter,274.0,360.0,75.0,141.0,9,12,3.0,5.0
India,24.75000063578288,75.25001271565755,Rapeseed Winter,274.0,360.0,75.0,141.0,9,12,3.0,5.0
India,24.75000063578288,75.75001271565755,Rapeseed Winter,274.0,360.0,75.0,141.0,9,12,3.0,5.0
India,24.75000063578288,76.25001271565755,Rapeseed Winter,274.0,360.0,75.0,141.0,9,12,3.0,5.0
India,24.75000063578288,76.75001271565755,Rapeseed Winter,274.0,360.0,75.0,141.0,9,12,3.0,5.0
India,24.75000063578288,77.25001271565755,Rapeseed Winter,274.0,360.0,75.0,141.0,9,12,3.0,5.0
India,24.75000063578288,77.75001271565755,Rapeseed Winter,274.0,360.0,75.0,141.0,9,12,3.0,5.0
India,24.75000063578288,78.25001271565755,Rapeseed Winter,274.0,360.0,75.0,141.0,9,12,3.0,5.0
India,24.75000063578288,78.75001271565755,Rapeseed Winter,274.0,360.0,75.0,141.0,9,12,3.0,5.0
India,24.75000063578288,79.25001271565755,Rapeseed Winter,274.0,360.0,75.0,141.0,9,12,3.0,5.0
India,24.75000063578288,79.75001271565755,Rapeseed Winter,274.0,360.0,75.0,141.0,9,12,3.0,5.0
India,24.75000063578288,80.25001271565755,Rapeseed Winter,274.0,360.0,75.0,141.0,9,12,3.0,5.0
India,24.75000063578288,80.75001271565755,Rapeseed Winter,274.0,360.0,75.0,141.0,9,12,3.0,5.0
India,24.75000063578288,81.25001271565755,Rapeseed Winter,274.0,360.0,75.0,141.0,9,12,3.0,5.0
India,24.75000063578288,81.75001271565755,Rapeseed Winter,274.0,360.0,75.0,141.0,9,12,3.0,5.0
India,24.75000063578288,82.25001271565755,Rapeseed Winter,274.0,360.0,75.0,141.0,9,12,3.0,5.0
India,24.75000063578288,82.75001271565755,Rapeseed Winter,274.0,360.0,75.0,141.0,9,12,3.0,5.0
India,24.75000063578288,83.25001271565755,Rapeseed Winter,274.0,360.0,75.0,141.0,9,12,3.0,5.0
India,24.75000063578288,83.75001271565755,Rapeseed Winter,274.0,360.0,75.0,141.0,9,12,3.0,5.0
India,24.75000063578288,84.25001271565755,Rapeseed Winter,274.0,360.0,75.0,141.0,9,12,3.0,5.0
India,24.75000063578288,84.75001271565755,Rapeseed Winter,274.0,360.0,75.0,141.0,9,12,3.0,5.0
India,24.75000063578288,85.25001271565755,Rapeseed Winter,274.0,360.0,75.0,141.0,9,12,3.0,5.0
India,24.75000063578288,85.75001271565755,Rapeseed Winter,274.0,360.0,75.0,141.0,9,12,3.0,5.0
India,24.75000063578288,86.25001271565755,Rapeseed Winter,274.0,360.0,75.0,141.0,9,12,3.0,5.0
India,24.75000063578288,86.75001271565755,Rapeseed Winter,274.0,360.0,75.0,141.0,9,12,3.0,5.0
India,24.75000063578288,87.25001271565755,Rapeseed Winter,274.0,360.0,75.0,141.0,9,12,3.0,5.0
India,24.75000063578288,87.75001271565755,Rapeseed Winter,274.0,360.0,75.0,141.0,9,12,3.0,5.0
India,24.75000063578288,92.75001271565756,Rapeseed Winter,274.0,360.0,75.0,141.0,9,12,3.0,5.0
India,24.75000063578288,93.25001271565756,Rapeseed Winter,274.0,360.0,75.0,141.0,9,12,3.0,5.0
India,24.75000063578288,93.75001271565756,Rapeseed Winter,274.0,360.0,75.0,141.0,9,12,3.0,5.0
India,24.75000063578288,94.25001271565756,Rapeseed Winter,274.0,360.0,75.0,141.0,9,12,3.0,5.0
India,25.25000063578288,71.25001271565755,Rapeseed Winter,274.0,360.0,75.0,141.0,9,12,3.0,5.0
India,25.25000063578288,71.75001271565755,Rapeseed Winter,274.0,360.0,75.0,141.0,9,12,3.0,5.0
India,25.25000063578288,72.25001271565755,Rapeseed Winter,274.0,360.0,75.0,141.0,9,12,3.0,5.0
India,25.25000063578288,72.75001271565755,Rapeseed Winter,274.0,360.0,75.0,141.0,9,12,3.0,5.0
India,25.25000063578288,73.25001271565755,Rapeseed Winter,274.0,360.0,75.0,141.0,9,12,3.0,5.0
India,25.25000063578288,73.75001271565755,Rapeseed Winter,274.0,360.0,75.0,141.0,9,12,3.0,5.0
India,25.25000063578288,74.25001271565755,Rapeseed Winter,274.0,360.0,75.0,141.0,9,12,3.0,5.0
India,25.25000063578288,74.75001271565755,Rapeseed Winter,274.0,360.0,75.0,141.0,9,12,3.0,5.0
India,25.25000063578288,75.25001271565755,Rapeseed Winter,274.0,360.0,75.0,141.0,9,12,3.0,5.0
India,25.25000063578288,75.75001271565755,Rapeseed Winter,274.0,360.0,75.0,141.0,9,12,3.0,5.0
India,25.25000063578288,76.25001271565755,Rapeseed Winter,274.0,360.0,75.0,141.0,9,12,3.0,5.0
India,25.25000063578288,76.75001271565755,Rapeseed Winter,274.0,360.0,75.0,141.0,9,12,3.0,5.0
India,25.25000063578288,77.25001271565755,Rapeseed Winter,274.0,360.0,75.0,141.0,9,12,3.0,5.0
India,25.25000063578288,77.75001271565755,Rapeseed Winter,274.0,360.0,75.0,141.0,9,12,3.0,5.0
India,25.25000063578288,78.25001271565755,Rapeseed Winter,274.0,360.0,75.0,141.0,9,12,3.0,5.0
India,25.25000063578288,78.75001271565755,Rapeseed Winter,274.0,360.0,75.0,141.0,9,12,3.0,5.0
India,25.25000063578288,79.25001271565755,Rapeseed Winter,274.0,360.0,75.0,141.0,9,12,3.0,5.0
India,25.25000063578288,79.75001271565755,Rapeseed Winter,274.0,360.0,75.0,141.0,9,12,3.0,5.0
India,25.25000063578288,80.25001271565755,Rapeseed Winter,274.0,360.0,75.0,141.0,9,12,3.0,5.0
India,25.25000063578288,80.75001271565755,Rapeseed Winter,274.0,360.0,75.0,141.0,9,12,3.0,5.0
India,25.25000063578288,81.25001271565755,Rapeseed Winter,274.0,360.0,75.0,141.0,9,12,3.0,5.0
India,25.25000063578288,81.75001271565755,Rapeseed Winter,274.0,360.0,75.0,141.0,9,12,3.0,5.0
India,25.25000063578288,82.25001271565755,Rapeseed Winter,274.0,360.0,75.0,141.0,9,12,3.0,5.0
India,25.25000063578288,82.75001271565755,Rapeseed Winter,274.0,360.0,75.0,141.0,9,12,3.0,5.0
India,25.25000063578288,83.25001271565755,Rapeseed Winter,274.0,360.0,75.0,141.0,9,12,3.0,5.0
India,25.25000063578288,83.75001271565755,Rapeseed Winter,274.0,360.0,75.0,141.0,9,12,3.0,5.0
India,25.25000063578288,84.25001271565755,Rapeseed Winter,274.0,360.0,75.0,141.0,9,12,3.0,5.0
India,25.25000063578288,84.75001271565755,Rapeseed Winter,274.0,360.0,75.0,141.0,9,12,3.0,5.0
India,25.25000063578288,85.25001271565755,Rapeseed Winter,274.0,360.0,75.0,141.0,9,12,3.0,5.0
India,25.25000063578288,85.75001271565755,Rapeseed Winter,274.0,360.0,75.0,141.0,9,12,3.0,5.0
India,25.25000063578288,86.25001271565755,Rapeseed Winter,274.0,360.0,75.0,141.0,9,12,3.0,5.0
India,25.25000063578288,86.75001271565755,Rapeseed Winter,274.0,360.0,75.0,141.0,9,12,3.0,5.0
India,25.25000063578288,87.25001271565755,Rapeseed Winter,274.0,360.0,75.0,141.0,9,12,3.0,5.0
India,25.25000063578288,87.75001271565755,Rapeseed Winter,274.0,360.0,75.0,141.0,9,12,3.0,5.0
India,25.25000063578288,88.25001271565755,Rapeseed Winter,274.0,360.0,75.0,141.0,9,12,3.0,5.0
India,25.25000063578288,88.75001271565755,Rapeseed Winter,274.0,360.0,75.0,141.0,9,12,3.0,5.0
India,25.25000063578288,90.25001271565756,Rapeseed Winter,274.0,360.0,75.0,141.0,9,12,3.0,5.0
India,25.25000063578288,90.75001271565756,Rapeseed Winter,274.0,360.0,75.0,141.0,9,12,3.0,5.0
India,25.25000063578288,91.25001271565756,Rapeseed Winter,274.0,360.0,75.0,141.0,9,12,3.0,5.0
India,25.25000063578288,91.75001271565756,Rapeseed Winter,274.0,360.0,75.0,141.0,9,12,3.0,5.0
India,25.25000063578288,92.25001271565756,Rapeseed Winter,274.0,360.0,75.0,141.0,9,12,3.0,5.0
India,25.25000063578288,92.75001271565756,Rapeseed Winter,274.0,360.0,75.0,141.0,9,12,3.0,5.0
India,25.25000063578288,93.25001271565756,Rapeseed Winter,274.0,360.0,75.0,141.0,9,12,3.0,5.0
India,25.25000063578288,93.75001271565756,Rapeseed Winter,274.0,360.0,75.0,141.0,9,12,3.0,5.0
India,25.25000063578288,94.25001271565756,Rapeseed Winter,274.0,360.0,75.0,141.0,9,12,3.0,5.0
India,25.75000063578288,70.75001271565755,Rapeseed Winter,274.0,360.0,75.0,141.0,9,12,3.0,5.0
India,25.75000063578288,71.25001271565755,Rapeseed Winter,274.0,360.0,75.0,141.0,9,12,3.0,5.0
India,25.75000063578288,71.75001271565755,Rapeseed Winter,274.0,360.0,75.0,141.0,9,12,3.0,5.0
India,25.75000063578288,72.25001271565755,Rapeseed Winter,274.0,360.0,75.0,141.0,9,12,3.0,5.0
India,25.75000063578288,72.75001271565755,Rapeseed Winter,274.0,360.0,75.0,141.0,9,12,3.0,5.0
India,25.75000063578288,73.25001271565755,Rapeseed Winter,274.0,360.0,75.0,141.0,9,12,3.0,5.0
India,25.75000063578288,73.75001271565755,Rapeseed Winter,274.0,360.0,75.0,141.0,9,12,3.0,5.0
India,25.75000063578288,74.25001271565755,Rapeseed Winter,274.0,360.0,75.0,141.0,9,12,3.0,5.0
India,25.75000063578288,74.75001271565755,Rapeseed Winter,274.0,360.0,75.0,141.0,9,12,3.0,5.0
India,25.75000063578288,75.25001271565755,Rapeseed Winter,274.0,360.0,75.0,141.0,9,12,3.0,5.0
India,25.75000063578288,75.75001271565755,Rapeseed Winter,274.0,360.0,75.0,141.0,9,12,3.0,5.0
India,25.75000063578288,76.25001271565755,Rapeseed Winter,274.0,360.0,75.0,141.0,9,12,3.0,5.0
India,25.75000063578288,76.75001271565755,Rapeseed Winter,274.0,360.0,75.0,141.0,9,12,3.0,5.0
India,25.75000063578288,77.25001271565755,Rapeseed Winter,274.0,360.0,75.0,141.0,9,12,3.0,5.0
India,25.75000063578288,77.75001271565755,Rapeseed Winter,274.0,360.0,75.0,141.0,9,12,3.0,5.0
India,25.75000063578288,78.25001271565755,Rapeseed Winter,274.0,360.0,75.0,141.0,9,12,3.0,5.0
India,25.75000063578288,78.75001271565755,Rapeseed Winter,274.0,360.0,75.0,141.0,9,12,3.0,5.0
India,25.75000063578288,79.25001271565755,Rapeseed Winter,274.0,360.0,75.0,141.0,9,12,3.0,5.0
India,25.75000063578288,79.75001271565755,Rapeseed Winter,274.0,360.0,75.0,141.0,9,12,3.0,5.0
India,25.75000063578288,80.25001271565755,Rapeseed Winter,274.0,360.0,75.0,141.0,9,12,3.0,5.0
India,25.75000063578288,80.75001271565755,Rapeseed Winter,274.0,360.0,75.0,141.0,9,12,3.0,5.0
India,25.75000063578288,81.25001271565755,Rapeseed Winter,274.0,360.0,75.0,141.0,9,12,3.0,5.0
India,25.75000063578288,81.75001271565755,Rapeseed Winter,274.0,360.0,75.0,141.0,9,12,3.0,5.0
India,25.75000063578288,82.25001271565755,Rapeseed Winter,274.0,360.0,75.0,141.0,9,12,3.0,5.0
India,25.75000063578288,82.75001271565755,Rapeseed Winter,274.0,360.0,75.0,141.0,9,12,3.0,5.0
India,25.75000063578288,83.25001271565755,Rapeseed Winter,274.0,360.0,75.0,141.0,9,12,3.0,5.0
India,25.75000063578288,83.75001271565755,Rapeseed Winter,274.0,360.0,75.0,141.0,9,12,3.0,5.0
India,25.75000063578288,84.25001271565755,Rapeseed Winter,274.0,360.0,75.0,141.0,9,12,3.0,5.0
India,25.75000063578288,84.75001271565755,Rapeseed Winter,274.0,360.0,75.0,141.0,9,12,3.0,5.0
India,25.75000063578288,85.25001271565755,Rapeseed Winter,274.0,360.0,75.0,141.0,9,12,3.0,5.0
India,25.75000063578288,85.75001271565755,Rapeseed Winter,274.0,360.0,75.0,141.0,9,12,3.0,5.0
India,25.75000063578288,86.25001271565755,Rapeseed Winter,274.0,360.0,75.0,141.0,9,12,3.0,5.0
India,25.75000063578288,86.75001271565755,Rapeseed Winter,274.0,360.0,75.0,141.0,9,12,3.0,5.0
India,25.75000063578288,87.25001271565755,Rapeseed Winter,274.0,360.0,75.0,141.0,9,12,3.0,5.0
India,25.75000063578288,87.75001271565755,Rapeseed Winter,274.0,360.0,75.0,141.0,9,12,3.0,5.0
India,25.75000063578288,88.25001271565755,Rapeseed Winter,274.0,360.0,75.0,141.0,9,12,3.0,5.0
India,25.75000063578288,90.25001271565756,Rapeseed Winter,274.0,360.0,75.0,141.0,9,12,3.0,5.0
India,25.75000063578288,90.75001271565756,Rapeseed Winter,274.0,360.0,75.0,141.0,9,12,3.0,5.0
India,25.75000063578288,91.25001271565756,Rapeseed Winter,274.0,360.0,75.0,141.0,9,12,3.0,5.0
India,25.75000063578288,91.75001271565756,Rapeseed Winter,274.0,360.0,75.0,141.0,9,12,3.0,5.0
India,25.75000063578288,92.25001271565756,Rapeseed Winter,274.0,360.0,75.0,141.0,9,12,3.0,5.0
India,25.75000063578288,92.75001271565756,Rapeseed Winter,274.0,360.0,75.0,141.0,9,12,3.0,5.0
India,25.75000063578288,93.25001271565756,Rapeseed Winter,274.0,360.0,75.0,141.0,9,12,3.0,5.0
India,25.75000063578288,93.75001271565756,Rapeseed Winter,274.0,360.0,75.0,141.0,9,12,3.0,5.0
India,25.75000063578288,94.25001271565756,Rapeseed Winter,274.0,360.0,75.0,141.0,9,12,3.0,5.0
India,25.75000063578288,94.75001271565756,Rapeseed Winter,274.0,360.0,75.0,141.0,9,12,3.0,5.0
India,26.25000063578288,70.25001271565755,Rapeseed Winter,274.0,360.0,75.0,141.0,9,12,3.0,5.0
India,26.25000063578288,70.75001271565755,Rapeseed Winter,274.0,360.0,75.0,141.0,9,12,3.0,5.0
India,26.25000063578288,71.25001271565755,Rapeseed Winter,274.0,360.0,75.0,141.0,9,12,3.0,5.0
India,26.25000063578288,71.75001271565755,Rapeseed Winter,274.0,360.0,75.0,141.0,9,12,3.0,5.0
India,26.25000063578288,72.25001271565755,Rapeseed Winter,274.0,360.0,75.0,141.0,9,12,3.0,5.0
India,26.25000063578288,72.75001271565755,Rapeseed Winter,274.0,360.0,75.0,141.0,9,12,3.0,5.0
India,26.25000063578288,73.25001271565755,Rapeseed Winter,274.0,360.0,75.0,141.0,9,12,3.0,5.0
India,26.25000063578288,73.75001271565755,Rapeseed Winter,274.0,360.0,75.0,141.0,9,12,3.0,5.0
India,26.25000063578288,74.25001271565755,Rapeseed Winter,274.0,360.0,75.0,141.0,9,12,3.0,5.0
India,26.25000063578288,74.75001271565755,Rapeseed Winter,274.0,360.0,75.0,141.0,9,12,3.0,5.0
India,26.25000063578288,75.25001271565755,Rapeseed Winter,274.0,360.0,75.0,141.0,9,12,3.0,5.0
India,26.25000063578288,75.75001271565755,Rapeseed Winter,274.0,360.0,75.0,141.0,9,12,3.0,5.0
India,26.25000063578288,76.25001271565755,Rapeseed Winter,274.0,360.0,75.0,141.0,9,12,3.0,5.0
India,26.25000063578288,76.75001271565755,Rapeseed Winter,274.0,360.0,75.0,141.0,9,12,3.0,5.0
India,26.25000063578288,77.25001271565755,Rapeseed Winter,274.0,360.0,75.0,141.0,9,12,3.0,5.0
India,26.25000063578288,77.75001271565755,Rapeseed Winter,274.0,360.0,75.0,141.0,9,12,3.0,5.0
India,26.25000063578288,78.25001271565755,Rapeseed Winter,274.0,360.0,75.0,141.0,9,12,3.0,5.0
India,26.25000063578288,78.75001271565755,Rapeseed Winter,274.0,360.0,75.0,141.0,9,12,3.0,5.0
India,26.25000063578288,79.25001271565755,Rapeseed Winter,274.0,360.0,75.0,141.0,9,12,3.0,5.0
India,26.25000063578288,79.75001271565755,Rapeseed Winter,274.0,360.0,75.0,141.0,9,12,3.0,5.0
India,26.25000063578288,80.25001271565755,Rapeseed Winter,274.0,360.0,75.0,141.0,9,12,3.0,5.0
India,26.25000063578288,80.75001271565755,Rapeseed Winter,274.0,360.0,75.0,141.0,9,12,3.0,5.0
India,26.25000063578288,81.25001271565755,Rapeseed Winter,274.0,360.0,75.0,141.0,9,12,3.0,5.0
India,26.25000063578288,81.75001271565755,Rapeseed Winter,274.0,360.0,75.0,141.0,9,12,3.0,5.0
India,26.25000063578288,82.25001271565755,Rapeseed Winter,274.0,360.0,75.0,141.0,9,12,3.0,5.0
India,26.25000063578288,82.75001271565755,Rapeseed Winter,274.0,360.0,75.0,141.0,9,12,3.0,5.0
India,26.25000063578288,83.25001271565755,Rapeseed Winter,274.0,360.0,75.0,141.0,9,12,3.0,5.0
India,26.25000063578288,83.75001271565755,Rapeseed Winter,274.0,360.0,75.0,141.0,9,12,3.0,5.0
India,26.25000063578288,84.25001271565755,Rapeseed Winter,274.0,360.0,75.0,141.0,9,12,3.0,5.0
India,26.25000063578288,84.75001271565755,Rapeseed Winter,274.0,360.0,75.0,141.0,9,12,3.0,5.0
India,26.25000063578288,85.25001271565755,Rapeseed Winter,274.0,360.0,75.0,141.0,9,12,3.0,5.0
India,26.25000063578288,85.75001271565755,Rapeseed Winter,274.0,360.0,75.0,141.0,9,12,3.0,5.0
India,26.25000063578288,86.25001271565755,Rapeseed Winter,274.0,360.0,75.0,141.0,9,12,3.0,5.0
India,26.25000063578288,86.75001271565755,Rapeseed Winter,274.0,360.0,75.0,141.0,9,12,3.0,5.0
India,26.25000063578288,87.25001271565755,Rapeseed Winter,274.0,360.0,75.0,141.0,9,12,3.0,5.0
India,26.25000063578288,87.75001271565755,Rapeseed Winter,274.0,360.0,75.0,141.0,9,12,3.0,5.0
India,26.25000063578288,88.25001271565755,Rapeseed Winter,274.0,360.0,75.0,141.0,9,12,3.0,5.0
India,26.25000063578288,89.25001271565755,Rapeseed Winter,274.0,360.0,75.0,141.0,9,12,3.0,5.0
India,26.25000063578288,89.75001271565755,Rapeseed Winter,274.0,360.0,75.0,141.0,9,12,3.0,5.0
India,26.25000063578288,90.25001271565756,Rapeseed Winter,274.0,360.0,75.0,141.0,9,12,3.0,5.0
India,26.25000063578288,90.75001271565756,Rapeseed Winter,274.0,360.0,75.0,141.0,9,12,3.0,5.0
India,26.25000063578288,91.25001271565756,Rapeseed Winter,274.0,360.0,75.0,141.0,9,12,3.0,5.0
India,26.25000063578288,91.75001271565756,Rapeseed Winter,274.0,360.0,75.0,141.0,9,12,3.0,5.0
India,26.25000063578288,92.25001271565756,Rapeseed Winter,274.0,360.0,75.0,141.0,9,12,3.0,5.0
India,26.25000063578288,92.75001271565756,Rapeseed Winter,274.0,360.0,75.0,141.0,9,12,3.0,5.0
India,26.25000063578288,93.25001271565756,Rapeseed Winter,274.0,360.0,75.0,141.0,9,12,3.0,5.0
India,26.25000063578288,93.75001271565756,Rapeseed Winter,274.0,360.0,75.0,141.0,9,12,3.0,5.0
India,26.25000063578288,94.25001271565756,Rapeseed Winter,274.0,360.0,75.0,141.0,9,12,3.0,5.0
India,26.25000063578288,94.75001271565756,Rapeseed Winter,274.0,360.0,75.0,141.0,9,12,3.0,5.0
India,26.75000063578288,69.75001271565755,Rapeseed Winter,274.0,360.0,75.0,141.0,9,12,3.0,5.0
India,26.75000063578288,70.25001271565755,Rapeseed Winter,274.0,360.0,75.0,141.0,9,12,3.0,5.0
India,26.75000063578288,70.75001271565755,Rapeseed Winter,274.0,360.0,75.0,141.0,9,12,3.0,5.0
India,26.75000063578288,71.25001271565755,Rapeseed Winter,274.0,360.0,75.0,141.0,9,12,3.0,5.0
India,26.75000063578288,71.75001271565755,Rapeseed Winter,274.0,360.0,75.0,141.0,9,12,3.0,5.0
India,26.75000063578288,72.25001271565755,Rapeseed Winter,274.0,360.0,75.0,141.0,9,12,3.0,5.0
India,26.75000063578288,72.75001271565755,Rapeseed Winter,274.0,360.0,75.0,141.0,9,12,3.0,5.0
India,26.75000063578288,73.25001271565755,Rapeseed Winter,274.0,360.0,75.0,141.0,9,12,3.0,5.0
India,26.75000063578288,73.75001271565755,Rapeseed Winter,274.0,360.0,75.0,141.0,9,12,3.0,5.0
India,26.75000063578288,74.25001271565755,Rapeseed Winter,274.0,360.0,75.0,141.0,9,12,3.0,5.0
India,26.75000063578288,74.75001271565755,Rapeseed Winter,274.0,360.0,75.0,141.0,9,12,3.0,5.0
India,26.75000063578288,75.25001271565755,Rapeseed Winter,274.0,360.0,75.0,141.0,9,12,3.0,5.0
India,26.75000063578288,75.75001271565755,Rapeseed Winter,274.0,360.0,75.0,141.0,9,12,3.0,5.0
India,26.75000063578288,76.25001271565755,Rapeseed Winter,274.0,360.0,75.0,141.0,9,12,3.0,5.0
India,26.75000063578288,76.75001271565755,Rapeseed Winter,274.0,360.0,75.0,141.0,9,12,3.0,5.0
India,26.75000063578288,77.25001271565755,Rapeseed Winter,274.0,360.0,75.0,141.0,9,12,3.0,5.0
India,26.75000063578288,77.75001271565755,Rapeseed Winter,274.0,360.0,75.0,141.0,9,12,3.0,5.0
India,26.75000063578288,78.25001271565755,Rapeseed Winter,274.0,360.0,75.0,141.0,9,12,3.0,5.0
India,26.75000063578288,78.75001271565755,Rapeseed Winter,274.0,360.0,75.0,141.0,9,12,3.0,5.0
India,26.75000063578288,79.25001271565755,Rapeseed Winter,274.0,360.0,75.0,141.0,9,12,3.0,5.0
India,26.75000063578288,79.75001271565755,Rapeseed Winter,274.0,360.0,75.0,141.0,9,12,3.0,5.0
India,26.75000063578288,80.25001271565755,Rapeseed Winter,274.0,360.0,75.0,141.0,9,12,3.0,5.0
India,26.75000063578288,80.75001271565755,Rapeseed Winter,274.0,360.0,75.0,141.0,9,12,3.0,5.0
India,26.75000063578288,81.25001271565755,Rapeseed Winter,274.0,360.0,75.0,141.0,9,12,3.0,5.0
India,26.75000063578288,81.75001271565755,Rapeseed Winter,274.0,360.0,75.0,141.0,9,12,3.0,5.0
India,26.75000063578288,82.25001271565755,Rapeseed Winter,274.0,360.0,75.0,141.0,9,12,3.0,5.0
India,26.75000063578288,82.75001271565755,Rapeseed Winter,274.0,360.0,75.0,141.0,9,12,3.0,5.0
India,26.75000063578288,83.25001271565755,Rapeseed Winter,274.0,360.0,75.0,141.0,9,12,3.0,5.0
India,26.75000063578288,83.75001271565755,Rapeseed Winter,274.0,360.0,75.0,141.0,9,12,3.0,5.0
India,26.75000063578288,84.25001271565755,Rapeseed Winter,274.0,360.0,75.0,141.0,9,12,3.0,5.0
India,26.75000063578288,84.75001271565755,Rapeseed Winter,274.0,360.0,75.0,141.0,9,12,3.0,5.0
India,26.75000063578288,88.25001271565755,Rapeseed Winter,274.0,360.0,75.0,141.0,9,12,3.0,5.0
India,26.75000063578288,88.75001271565755,Rapeseed Winter,274.0,360.0,75.0,141.0,9,12,3.0,5.0
India,26.75000063578288,89.25001271565755,Rapeseed Winter,274.0,360.0,75.0,141.0,9,12,3.0,5.0
India,26.75000063578288,90.25001271565756,Rapeseed Winter,274.0,360.0,75.0,141.0,9,12,3.0,5.0
India,26.75000063578288,90.75001271565756,Rapeseed Winter,274.0,360.0,75.0,141.0,9,12,3.0,5.0
India,26.75000063578288,91.25001271565756,Rapeseed Winter,274.0,360.0,75.0,141.0,9,12,3.0,5.0
India,26.75000063578288,91.75001271565756,Rapeseed Winter,274.0,360.0,75.0,141.0,9,12,3.0,5.0
India,26.75000063578288,92.25001271565756,Rapeseed Winter,274.0,360.0,75.0,141.0,9,12,3.0,5.0
India,26.75000063578288,92.75001271565756,Rapeseed Winter,274.0,360.0,75.0,141.0,9,12,3.0,5.0
India,26.75000063578288,93.25001271565756,Rapeseed Winter,274.0,360.0,75.0,141.0,9,12,3.0,5.0
India,26.75000063578288,93.75001271565756,Rapeseed Winter,274.0,360.0,75.0,141.0,9,12,3.0,5.0
India,26.75000063578288,94.25001271565756,Rapeseed Winter,274.0,360.0,75.0,141.0,9,12,3.0,5.0
India,26.75000063578288,94.75001271565756,Rapeseed Winter,274.0,360.0,75.0,141.0,9,12,3.0,5.0
India,26.75000063578288,95.25001271565756,Rapeseed Winter,274.0,360.0,75.0,141.0,9,12,3.0,5.0
India,27.25000063578288,69.75001271565755,Rapeseed Winter,274.0,360.0,75.0,141.0,9,12,3.0,5.0
India,27.25000063578288,70.25001271565755,Rapeseed Winter,274.0,360.0,75.0,141.0,9,12,3.0,5.0
India,27.25000063578288,70.75001271565755,Rapeseed Winter,274.0,360.0,75.0,141.0,9,12,3.0,5.0
India,27.25000063578288,71.25001271565755,Rapeseed Winter,274.0,360.0,75.0,141.0,9,12,3.0,5.0
India,27.25000063578288,71.75001271565755,Rapeseed Winter,274.0,360.0,75.0,141.0,9,12,3.0,5.0
India,27.25000063578288,72.25001271565755,Rapeseed Winter,274.0,360.0,75.0,141.0,9,12,3.0,5.0
India,27.25000063578288,72.75001271565755,Rapeseed Winter,274.0,360.0,75.0,141.0,9,12,3.0,5.0
India,27.25000063578288,73.25001271565755,Rapeseed Winter,274.0,360.0,75.0,141.0,9,12,3.0,5.0
India,27.25000063578288,73.75001271565755,Rapeseed Winter,274.0,360.0,75.0,141.0,9,12,3.0,5.0
India,27.25000063578288,74.25001271565755,Rapeseed Winter,274.0,360.0,75.0,141.0,9,12,3.0,5.0
India,27.25000063578288,74.75001271565755,Rapeseed Winter,274.0,360.0,75.0,141.0,9,12,3.0,5.0
India,27.25000063578288,75.25001271565755,Rapeseed Winter,274.0,360.0,75.0,141.0,9,12,3.0,5.0
India,27.25000063578288,75.75001271565755,Rapeseed Winter,274.0,360.0,75.0,141.0,9,12,3.0,5.0
India,27.25000063578288,76.25001271565755,Rapeseed Winter,274.0,360.0,75.0,141.0,9,12,3.0,5.0
India,27.25000063578288,76.75001271565755,Rapeseed Winter,274.0,360.0,75.0,141.0,9,12,3.0,5.0
India,27.25000063578288,77.25001271565755,Rapeseed Winter,274.0,360.0,75.0,141.0,9,12,3.0,5.0
India,27.25000063578288,77.75001271565755,Rapeseed Winter,274.0,360.0,75.0,141.0,9,12,3.0,5.0
India,27.25000063578288,78.25001271565755,Rapeseed Winter,274.0,360.0,75.0,141.0,9,12,3.0,5.0
India,27.25000063578288,78.75001271565755,Rapeseed Winter,274.0,360.0,75.0,141.0,9,12,3.0,5.0
India,27.25000063578288,79.25001271565755,Rapeseed Winter,274.0,360.0,75.0,141.0,9,12,3.0,5.0
India,27.25000063578288,79.75001271565755,Rapeseed Winter,274.0,360.0,75.0,141.0,9,12,3.0,5.0
India,27.25000063578288,80.25001271565755,Rapeseed Winter,274.0,360.0,75.0,141.0,9,12,3.0,5.0
India,27.25000063578288,80.75001271565755,Rapeseed Winter,274.0,360.0,75.0,141.0,9,12,3.0,5.0
India,27.25000063578288,81.25001271565755,Rapeseed Winter,274.0,360.0,75.0,141.0,9,12,3.0,5.0
India,27.25000063578288,81.75001271565755,Rapeseed Winter,274.0,360.0,75.0,141.0,9,12,3.0,5.0
India,27.25000063578288,82.25001271565755,Rapeseed Winter,274.0,360.0,75.0,141.0,9,12,3.0,5.0
India,27.25000063578288,82.75001271565755,Rapeseed Winter,274.0,360.0,75.0,141.0,9,12,3.0,5.0
India,27.25000063578288,83.25001271565755,Rapeseed Winter,274.0,360.0,75.0,141.0,9,12,3.0,5.0
India,27.25000063578288,83.75001271565755,Rapeseed Winter,274.0,360.0,75.0,141.0,9,12,3.0,5.0
India,27.25000063578288,84.25001271565755,Rapeseed Winter,274.0,360.0,75.0,141.0,9,12,3.0,5.0
India,27.25000063578288,88.25001271565755,Rapeseed Winter,274.0,360.0,75.0,141.0,9,12,3.0,5.0
India,27.25000063578288,88.75001271565755,Rapeseed Winter,274.0,360.0,75.0,141.0,9,12,3.0,5.0
India,27.25000063578288,92.25001271565756,Rapeseed Winter,274.0,360.0,75.0,141.0,9,12,3.0,5.0
India,27.25000063578288,92.75001271565756,Rapeseed Winter,274.0,360.0,75.0,141.0,9,12,3.0,5.0
India,27.25000063578288,93.25001271565756,Rapeseed Winter,274.0,360.0,75.0,141.0,9,12,3.0,5.0
India,27.25000063578288,93.75001271565756,Rapeseed Winter,274.0,360.0,75.0,141.0,9,12,3.0,5.0
India,27.25000063578288,94.25001271565756,Rapeseed Winter,288.0,336.0,15.0,56.0,10,12,1.0,2.0
India,27.25000063578288,94.75001271565756,Rapeseed Winter,274.0,360.0,75.0,141.0,9,12,3.0,5.0
India,27.25000063578288,95.25001271565756,Rapeseed Winter,288.0,336.0,15.0,56.0,10,12,1.0,2.0
India,27.25000063578288,95.75001271565756,Rapeseed Winter,274.0,360.0,75.0,141.0,9,12,3.0,5.0
India,27.750001271565758,70.25001271565755,Rapeseed Winter,274.0,360.0,75.0,141.0,9,12,3.0,5.0
India,27.750001271565758,71.25001271565755,Rapeseed Winter,274.0,360.0,75.0,141.0,9,12,3.0,5.0
India,27.750001271565758,71.75001271565755,Rapeseed Winter,274.0,360.0,75.0,141.0,9,12,3.0,5.0
India,27.750001271565758,72.25001271565755,Rapeseed Winter,274.0,360.0,75.0,141.0,9,12,3.0,5.0
India,27.750001271565758,72.75001271565755,Rapeseed Winter,274.0,360.0,75.0,141.0,9,12,3.0,5.0
India,27.750001271565758,73.25001271565755,Rapeseed Winter,274.0,360.0,75.0,141.0,9,12,3.0,5.0
India,27.750001271565758,73.75001271565755,Rapeseed Winter,274.0,360.0,75.0,141.0,9,12,3.0,5.0
India,27.750001271565758,74.25001271565755,Rapeseed Winter,274.0,360.0,75.0,141.0,9,12,3.0,5.0
India,27.750001271565758,74.75001271565755,Rapeseed Winter,274.0,360.0,75.0,141.0,9,12,3.0,5.0
India,27.750001271565758,75.25001271565755,Rapeseed Winter,274.0,360.0,75.0,141.0,9,12,3.0,5.0
India,27.750001271565758,75.75001271565755,Rapeseed Winter,274.0,360.0,75.0,141.0,9,12,3.0,5.0
India,27.750001271565758,76.25001271565755,Rapeseed Winter,274.0,360.0,75.0,141.0,9,12,3.0,5.0
India,27.750001271565758,76.75001271565755,Rapeseed Winter,274.0,360.0,75.0,141.0,9,12,3.0,5.0
India,27.750001271565758,77.25001271565755,Rapeseed Winter,274.0,360.0,75.0,141.0,9,12,3.0,5.0
India,27.750001271565758,77.75001271565755,Rapeseed Winter,274.0,360.0,75.0,141.0,9,12,3.0,5.0
India,27.750001271565758,78.25001271565755,Rapeseed Winter,274.0,360.0,75.0,141.0,9,12,3.0,5.0
India,27.750001271565758,78.75001271565755,Rapeseed Winter,274.0,360.0,75.0,141.0,9,12,3.0,5.0
India,27.750001271565758,79.25001271565755,Rapeseed Winter,274.0,360.0,75.0,141.0,9,12,3.0,5.0
India,27.750001271565758,79.75001271565755,Rapeseed Winter,274.0,360.0,75.0,141.0,9,12,3.0,5.0
India,27.750001271565758,80.25001271565755,Rapeseed Winter,274.0,360.0,75.0,141.0,9,12,3.0,5.0
India,27.750001271565758,80.75001271565755,Rapeseed Winter,274.0,360.0,75.0,141.0,9,12,3.0,5.0
India,27.750001271565758,81.25001271565755,Rapeseed Winter,274.0,360.0,75.0,141.0,9,12,3.0,5.0
India,27.750001271565758,81.75001271565755,Rapeseed Winter,274.0,360.0,75.0,141.0,9,12,3.0,5.0
India,27.750001271565758,82.25001271565755,Rapeseed Winter,274.0,360.0,75.0,141.0,9,12,3.0,5.0
India,27.750001271565758,88.25001271565755,Rapeseed Winter,274.0,360.0,75.0,141.0,9,12,3.0,5.0
India,27.750001271565758,88.75001271565755,Rapeseed Winter,274.0,360.0,75.0,141.0,9,12,3.0,5.0
India,27.750001271565758,91.75001271565756,Rapeseed Winter,274.0,360.0,75.0,141.0,9,12,3.0,5.0
India,27.750001271565758,92.25001271565756,Rapeseed Winter,274.0,360.0,75.0,141.0,9,12,3.0,5.0
India,27.750001271565758,92.75001271565756,Rapeseed Winter,274.0,360.0,75.0,141.0,9,12,3.0,5.0
India,27.750001271565758,93.25001271565756,Rapeseed Winter,274.0,360.0,75.0,141.0,9,12,3.0,5.0
India,27.750001271565758,93.75001271565756,Rapeseed Winter,274.0,360.0,75.0,141.0,9,12,3.0,5.0
India,27.750001271565758,94.25001271565756,Rapeseed Winter,274.0,360.0,75.0,141.0,9,12,3.0,5.0
India,27.750001271565758,94.75001271565756,Rapeseed Winter,274.0,360.0,75.0,141.0,9,12,3.0,5.0
India,27.750001271565758,95.25001271565756,Rapeseed Winter,288.0,336.0,15.0,56.0,10,12,1.0,2.0
India,27.750001271565758,95.75001271565756,Rapeseed Winter,274.0,360.0,75.0,141.0,9,12,3.0,5.0
India,27.750001271565758,96.25001271565756,Rapeseed Winter,274.0,360.0,75.0,141.0,9,12,3.0,5.0
India,27.750001271565758,96.75001271565756,Rapeseed Winter,274.0,360.0,75.0,141.0,9,12,3.0,5.0
India,28.250001271565758,72.25001271565755,Rapeseed Winter,274.0,360.0,75.0,141.0,9,12,3.0,5.0
India,28.250001271565758,72.75001271565755,Rapeseed Winter,274.0,360.0,75.0,141.0,9,12,3.0,5.0
India,28.250001271565758,73.25001271565755,Rapeseed Winter,274.0,360.0,75.0,141.0,9,12,3.0,5.0
India,28.250001271565758,73.75001271565755,Rapeseed Winter,274.0,360.0,75.0,141.0,9,12,3.0,5.0
India,28.250001271565758,74.25001271565755,Rapeseed Winter,274.0,360.0,75.0,141.0,9,12,3.0,5.0
India,28.250001271565758,74.75001271565755,Rapeseed Winter,274.0,360.0,75.0,141.0,9,12,3.0,5.0
India,28.250001271565758,75.25001271565755,Rapeseed Winter,274.0,360.0,75.0,141.0,9,12,3.0,5.0
India,28.250001271565758,75.75001271565755,Rapeseed Winter,274.0,360.0,75.0,141.0,9,12,3.0,5.0
India,28.250001271565758,76.25001271565755,Rapeseed Winter,274.0,360.0,75.0,141.0,9,12,3.0,5.0
India,28.250001271565758,76.75001271565755,Rapeseed Winter,274.0,360.0,75.0,141.0,9,12,3.0,5.0
India,28.250001271565758,77.25001271565755,Rapeseed Winter,274.0,360.0,75.0,141.0,9,12,3.0,5.0
India,28.250001271565758,77.75001271565755,Rapeseed Winter,274.0,360.0,75.0,141.0,9,12,3.0,5.0
India,28.250001271565758,78.25001271565755,Rapeseed Winter,274.0,360.0,75.0,141.0,9,12,3.0,5.0
India,28.250001271565758,78.75001271565755,Rapeseed Winter,274.0,360.0,75.0,141.0,9,12,3.0,5.0
India,28.250001271565758,79.25001271565755,Rapeseed Winter,274.0,360.0,75.0,141.0,9,12,3.0,5.0
India,28.250001271565758,79.75001271565755,Rapeseed Winter,274.0,360.0,75.0,141.0,9,12,3.0,5.0
India,28.250001271565758,80.25001271565755,Rapeseed Winter,274.0,360.0,75.0,141.0,9,12,3.0,5.0
India,28.250001271565758,80.75001271565755,Rapeseed Winter,274.0,360.0,75.0,141.0,9,12,3.0,5.0
India,28.250001271565758,93.25001271565756,Rapeseed Winter,274.0,360.0,75.0,141.0,9,12,3.0,5.0
India,28.250001271565758,93.75001271565756,Rapeseed Winter,274.0,360.0,75.0,141.0,9,12,3.0,5.0
India,28.250001271565758,94.25001271565756,Rapeseed Winter,274.0,360.0,75.0,141.0,9,12,3.0,5.0
India,28.250001271565758,94.75001271565756,Rapeseed Winter,274.0,360.0,75.0,141.0,9,12,3.0,5.0
India,28.250001271565758,95.25001271565756,Rapeseed Winter,274.0,360.0,75.0,141.0,9,12,3.0,5.0
India,28.250001271565758,95.75001271565756,Rapeseed Winter,274.0,360.0,75.0,141.0,9,12,3.0,5.0
India,28.250001271565758,96.25001271565756,Rapeseed Winter,274.0,360.0,75.0,141.0,9,12,3.0,5.0
India,28.250001271565758,96.75001271565756,Rapeseed Winter,274.0,360.0,75.0,141.0,9,12,3.0,5.0
India,28.250001271565758,97.25001271565756,Rapeseed Winter,274.0,360.0,75.0,141.0,9,12,3.0,5.0
India,28.750001271565758,72.75001271565755,Rapeseed Winter,274.0,360.0,75.0,141.0,9,12,3.0,5.0
India,28.750001271565758,73.25001271565755,Rapeseed Winter,274.0,360.0,75.0,141.0,9,12,3.0,5.0
India,28.750001271565758,73.75001271565755,Rapeseed Winter,274.0,360.0,75.0,141.0,9,12,3.0,5.0
India,28.750001271565758,74.25001271565755,Rapeseed Winter,274.0,360.0,75.0,141.0,9,12,3.0,5.0
India,28.750001271565758,74.75001271565755,Rapeseed Winter,274.0,360.0,75.0,141.0,9,12,3.0,5.0
India,28.750001271565758,75.25001271565755,Rapeseed Winter,274.0,360.0,75.0,141.0,9,12,3.0,5.0
India,28.750001271565758,75.75001271565755,Rapeseed Winter,274.0,360.0,75.0,141.0,9,12,3.0,5.0
India,28.750001271565758,76.25001271565755,Rapeseed Winter,274.0,360.0,75.0,141.0,9,12,3.0,5.0
India,28.750001271565758,76.75001271565755,Rapeseed Winter,274.0,360.0,75.0,141.0,9,12,3.0,5.0
India,28.750001271565758,77.25001271565755,Rapeseed Winter,274.0,360.0,75.0,141.0,9,12,3.0,5.0
India,28.750001271565758,77.75001271565755,Rapeseed Winter,274.0,360.0,75.0,141.0,9,12,3.0,5.0
India,28.750001271565758,78.25001271565755,Rapeseed Winter,274.0,360.0,75.0,141.0,9,12,3.0,5.0
India,28.750001271565758,78.75001271565755,Rapeseed Winter,274.0,360.0,75.0,141.0,9,12,3.0,5.0
India,28.750001271565758,79.25001271565755,Rapeseed Winter,274.0,360.0,75.0,141.0,9,12,3.0,5.0
India,28.750001271565758,79.75001271565755,Rapeseed Winter,274.0,360.0,75.0,141.0,9,12,3.0,5.0
India,28.750001271565758,94.25001271565756,Rapeseed Winter,274.0,360.0,75.0,141.0,9,12,3.0,5.0
India,28.750001271565758,94.75001271565756,Rapeseed Winter,274.0,360.0,75.0,141.0,9,12,3.0,5.0
India,28.750001271565758,95.25001271565756,Rapeseed Winter,274.0,360.0,75.0,141.0,9,12,3.0,5.0
India,28.750001271565758,95.75001271565756,Rapeseed Winter,274.0,360.0,75.0,141.0,9,12,3.0,5.0
India,28.750001271565758,96.25001271565756,Rapeseed Winter,274.0,360.0,75.0,141.0,9,12,3.0,5.0
India,29.250001271565758,73.25001271565755,Rapeseed Winter,274.0,360.0,75.0,141.0,9,12,3.0,5.0
India,29.250001271565758,73.75001271565755,Rapeseed Winter,274.0,360.0,75.0,141.0,9,12,3.0,5.0
India,29.250001271565758,74.25001271565755,Rapeseed Winter,274.0,360.0,75.0,141.0,9,12,3.0,5.0
India,29.250001271565758,74.75001271565755,Rapeseed Winter,274.0,360.0,75.0,141.0,9,12,3.0,5.0
India,29.250001271565758,75.25001271565755,Rapeseed Winter,274.0,360.0,75.0,141.0,9,12,3.0,5.0
India,29.250001271565758,75.75001271565755,Rapeseed Winter,274.0,360.0,75.0,141.0,9,12,3.0,5.0
India,29.250001271565758,76.25001271565755,Rapeseed Winter,274.0,360.0,75.0,141.0,9,12,3.0,5.0
India,29.250001271565758,76.75001271565755,Rapeseed Winter,274.0,360.0,75.0,141.0,9,12,3.0,5.0
India,29.250001271565758,77.25001271565755,Rapeseed Winter,274.0,360.0,75.0,141.0,9,12,3.0,5.0
India,29.250001271565758,77.75001271565755,Rapeseed Winter,274.0,360.0,75.0,141.0,9,12,3.0,5.0
India,29.250001271565758,78.25001271565755,Rapeseed Winter,274.0,360.0,75.0,141.0,9,12,3.0,5.0
India,29.250001271565758,78.75001271565755,Rapeseed Winter,274.0,360.0,75.0,141.0,9,12,3.0,5.0
India,29.250001271565758,79.25001271565755,Rapeseed Winter,274.0,360.0,75.0,141.0,9,12,3.0,5.0
India,29.250001271565758,79.75001271565755,Rapeseed Winter,274.0,360.0,75.0,141.0,9,12,3.0,5.0
India,29.250001271565758,95.75001271565756,Rapeseed Winter,274.0,360.0,75.0,141.0,9,12,3.0,5.0
India,29.750001271565758,73.75001271565755,Rapeseed Winter,274.0,360.0,75.0,141.0,9,12,3.0,5.0
India,29.750001271565758,74.25001271565755,Rapeseed Winter,274.0,360.0,75.0,141.0,9,12,3.0,5.0
India,29.750001271565758,74.75001271565755,Rapeseed Winter,274.0,360.0,75.0,141.0,9,12,3.0,5.0
India,29.750001271565758,75.25001271565755,Rapeseed Winter,274.0,360.0,75.0,141.0,9,12,3.0,5.0
India,29.750001271565758,75.75001271565755,Rapeseed Winter,274.0,360.0,75.0,141.0,9,12,3.0,5.0
India,29.750001271565758,76.25001271565755,Rapeseed Winter,274.0,360.0,75.0,141.0,9,12,3.0,5.0
India,29.750001271565758,76.75001271565755,Rapeseed Winter,274.0,360.0,75.0,141.0,9,12,3.0,5.0
India,29.750001271565758,77.25001271565755,Rapeseed Winter,274.0,360.0,75.0,141.0,9,12,3.0,5.0
India,29.750001271565758,77.75001271565755,Rapeseed Winter,274.0,360.0,75.0,141.0,9,12,3.0,5.0
India,29.750001271565758,78.25001271565755,Rapeseed Winter,274.0,360.0,75.0,141.0,9,12,3.0,5.0
India,29.750001271565758,78.75001271565755,Rapeseed Winter,274.0,360.0,75.0,141.0,9,12,3.0,5.0
India,29.750001271565758,79.25001271565755,Rapeseed Winter,274.0,360.0,75.0,141.0,9,12,3.0,5.0
India,29.750001271565758,79.75001271565755,Rapeseed Winter,274.0,360.0,75.0,141.0,9,12,3.0,5.0
India,29.750001271565758,80.25001271565755,Rapeseed Winter,274.0,360.0,75.0,141.0,9,12,3.0,5.0
India,30.250001271565758,74.25001271565755,Rapeseed Winter,274.0,360.0,75.0,141.0,9,12,3.0,5.0
India,30.250001271565758,74.75001271565755,Rapeseed Winter,274.0,360.0,75.0,141.0,9,12,3.0,5.0
India,30.250001271565758,75.25001271565755,Rapeseed Winter,274.0,360.0,75.0,141.0,9,12,3.0,5.0
India,30.250001271565758,75.75001271565755,Rapeseed Winter,274.0,360.0,75.0,141.0,9,12,3.0,5.0
India,30.250001271565758,76.25001271565755,Rapeseed Winter,274.0,360.0,75.0,141.0,9,12,3.0,5.0
India,30.250001271565758,76.75001271565755,Rapeseed Winter,274.0,360.0,75.0,141.0,9,12,3.0,5.0
India,30.250001271565758,77.25001271565755,Rapeseed Winter,274.0,360.0,75.0,141.0,9,12,3.0,5.0
India,30.250001271565758,77.75001271565755,Rapeseed Winter,274.0,360.0,75.0,141.0,9,12,3.0,5.0
India,30.250001271565758,78.25001271565755,Rapeseed Winter,274.0,360.0,75.0,141.0,9,12,3.0,5.0
India,30.250001271565758,78.75001271565755,Rapeseed Winter,274.0,360.0,75.0,141.0,9,12,3.0,5.0
India,30.250001271565758,79.25001271565755,Rapeseed Winter,274.0,360.0,75.0,141.0,9,12,3.0,5.0
India,30.250001271565758,79.75001271565755,Rapeseed Winter,274.0,360.0,75.0,141.0,9,12,3.0,5.0
India,30.250001271565758,80.25001271565755,Rapeseed Winter,274.0,360.0,75.0,141.0,9,12,3.0,5.0
India,30.250001271565758,80.75001271565755,Rapeseed Winter,274.0,360.0,75.0,141.0,9,12,3.0,5.0
India,30.750001271565758,74.25001271565755,Rapeseed Winter,274.0,360.0,75.0,141.0,9,12,3.0,5.0
India,30.750001271565758,74.75001271565755,Rapeseed Winter,274.0,360.0,75.0,141.0,9,12,3.0,5.0
India,30.750001271565758,75.25001271565755,Rapeseed Winter,274.0,360.0,75.0,141.0,9,12,3.0,5.0
India,30.750001271565758,75.75001271565755,Rapeseed Winter,274.0,360.0,75.0,141.0,9,12,3.0,5.0
India,30.750001271565758,76.25001271565755,Rapeseed Winter,274.0,360.0,75.0,141.0,9,12,3.0,5.0
India,30.750001271565758,76.75001271565755,Rapeseed Winter,274.0,360.0,75.0,141.0,9,12,3.0,5.0
India,30.750001271565758,77.25001271565755,Rapeseed Winter,274.0,360.0,75.0,141.0,9,12,3.0,5.0
India,30.750001271565758,77.75001271565755,Rapeseed Winter,274.0,360.0,75.0,141.0,9,12,3.0,5.0
India,30.750001271565758,78.25001271565755,Rapeseed Winter,274.0,360.0,75.0,141.0,9,12,3.0,5.0
India,30.750001271565758,78.75001271565755,Rapeseed Winter,274.0,360.0,75.0,141.0,9,12,3.0,5.0
India,30.750001271565758,79.25001271565755,Rapeseed Winter,274.0,360.0,75.0,141.0,9,12,3.0,5.0
India,30.750001271565758,79.75001271565755,Rapeseed Winter,274.0,360.0,75.0,141.0,9,12,3.0,5.0
India,31.250001271565758,74.75001271565755,Rapeseed Winter,274.0,360.0,75.0,141.0,9,12,3.0,5.0
India,31.250001271565758,75.25001271565755,Rapeseed Winter,274.0,360.0,75.0,141.0,9,12,3.0,5.0
India,31.250001271565758,75.75001271565755,Rapeseed Winter,274.0,360.0,75.0,141.0,9,12,3.0,5.0
India,31.250001271565758,76.25001271565755,Rapeseed Winter,274.0,360.0,75.0,141.0,9,12,3.0,5.0
India,31.250001271565758,76.75001271565755,Rapeseed Winter,274.0,360.0,75.0,141.0,9,12,3.0,5.0
India,31.250001271565758,77.25001271565755,Rapeseed Winter,274.0,360.0,75.0,141.0,9,12,3.0,5.0
India,31.250001271565758,77.75001271565755,Rapeseed Winter,274.0,360.0,75.0,141.0,9,12,3.0,5.0
India,31.250001271565758,78.25001271565755,Rapeseed Winter,274.0,360.0,75.0,141.0,9,12,3.0,5.0
India,31.250001271565758,78.75001271565755,Rapeseed Winter,274.0,360.0,75.0,141.0,9,12,3.0,5.0
India,31.250001271565758,79.25001271565755,Rapeseed Winter,305.0,364.0,88.0,149.0,10,12,3.0,5.0
India,31.750001271565758,74.75001271565755,Rapeseed Winter,274.0,360.0,75.0,141.0,9,12,3.0,5.0
India,31.750001271565758,75.25001271565755,Rapeseed Winter,274.0,360.0,75.0,141.0,9,12,3.0,5.0
India,31.750001271565758,75.75001271565755,Rapeseed Winter,274.0,360.0,75.0,141.0,9,12,3.0,5.0
India,31.750001271565758,76.25001271565755,Rapeseed Winter,274.0,360.0,75.0,141.0,9,12,3.0,5.0
India,31.750001271565758,76.75001271565755,Rapeseed Winter,274.0,360.0,75.0,141.0,9,12,3.0,5.0
India,31.750001271565758,77.25001271565755,Rapeseed Winter,274.0,360.0,75.0,141.0,9,12,3.0,5.0
India,31.750001271565758,77.75001271565755,Rapeseed Winter,274.0,360.0,75.0,141.0,9,12,3.0,5.0
India,31.750001271565758,78.25001271565755,Rapeseed Winter,274.0,360.0,75.0,141.0,9,12,3.0,5.0
India,32.25000127156576,75.75001271565755,Rapeseed Winter,274.0,360.0,75.0,141.0,9,12,3.0,5.0
India,32.25000127156576,76.25001271565755,Rapeseed Winter,274.0,360.0,75.0,141.0,9,12,3.0,5.0
India,32.25000127156576,76.75001271565755,Rapeseed Winter,274.0,360.0,75.0,141.0,9,12,3.0,5.0
India,32.25000127156576,77.25001271565755,Rapeseed Winter,274.0,360.0,75.0,141.0,9,12,3.0,5.0
India,32.25000127156576,77.75001271565755,Rapeseed Winter,274.0,360.0,75.0,141.0,9,12,3.0,5.0
India,32.25000127156576,78.25001271565755,Rapeseed Winter,274.0,360.0,75.0,141.0,9,12,3.0,5.0
India,32.75000127156576,74.75001271565755,Rapeseed Winter,274.0,360.0,75.0,141.0,9,12,3.0,5.0
India,32.75000127156576,75.25001271565755,Rapeseed Winter,274.0,360.0,75.0,141.0,9,12,3.0,5.0
India,32.75000127156576,75.75001271565755,Rapeseed Winter,274.0,360.0,75.0,141.0,9,12,3.0,5.0
India,32.75000127156576,76.25001271565755,Rapeseed Winter,274.0,360.0,75.0,141.0,9,12,3.0,5.0
India,32.75000127156576,76.75001271565755,Rapeseed Winter,274.0,360.0,75.0,141.0,9,12,3.0,5.0
India,32.75000127156576,77.25001271565755,Rapeseed Winter,274.0,360.0,75.0,141.0,9,12,3.0,5.0
India,32.75000127156576,77.75001271565755,Rapeseed Winter,274.0,360.0,75.0,141.0,9,12,3.0,5.0
India,32.75000127156576,78.25001271565755,Rapeseed Winter,274.0,360.0,75.0,141.0,9,12,3.0,5.0
India,32.75000127156576,78.75001271565755,Rapeseed Winter,274.0,360.0,75.0,141.0,9,12,3.0,5.0
India,32.75000127156576,79.25001271565755,Rapeseed Winter,274.0,360.0,75.0,141.0,9,12,3.0,5.0
India,33.25000127156576,74.25001271565755,Rapeseed Winter,274.0,360.0,75.0,141.0,9,12,3.0,5.0
India,33.25000127156576,74.75001271565755,Rapeseed Winter,274.0,360.0,75.0,141.0,9,12,3.0,5.0
India,33.25000127156576,75.25001271565755,Rapeseed Winter,274.0,360.0,75.0,141.0,9,12,3.0,5.0
India,33.25000127156576,75.75001271565755,Rapeseed Winter,274.0,360.0,75.0,141.0,9,12,3.0,5.0
India,33.25000127156576,76.25001271565755,Rapeseed Winter,274.0,360.0,75.0,141.0,9,12,3.0,5.0
India,33.25000127156576,76.75001271565755,Rapeseed Winter,274.0,360.0,75.0,141.0,9,12,3.0,5.0
India,33.25000127156576,77.25001271565755,Rapeseed Winter,274.0,360.0,75.0,141.0,9,12,3.0,5.0
India,33.25000127156576,77.75001271565755,Rapeseed Winter,274.0,360.0,75.0,141.0,9,12,3.0,5.0
India,33.25000127156576,78.25001271565755,Rapeseed Winter,274.0,360.0,75.0,141.0,9,12,3.0,5.0
India,33.25000127156576,78.75001271565755,Rapeseed Winter,274.0,360.0,75.0,141.0,9,12,3.0,5.0
India,33.25000127156576,79.25001271565755,Rapeseed Winter,305.0,364.0,88.0,149.0,10,12,3.0,5.0
India,33.75000127156576,74.25001271565755,Rapeseed Winter,274.0,360.0,75.0,141.0,9,12,3.0,5.0
India,33.75000127156576,74.75001271565755,Rapeseed Winter,274.0,360.0,75.0,141.0,9,12,3.0,5.0
India,33.75000127156576,75.25001271565755,Rapeseed Winter,274.0,360.0,75.0,141.0,9,12,3.0,5.0
India,33.75000127156576,75.75001271565755,Rapeseed Winter,274.0,360.0,75.0,141.0,9,12,3.0,5.0
India,33.75000127156576,76.25001271565755,Rapeseed Winter,274.0,360.0,75.0,141.0,9,12,3.0,5.0
India,33.75000127156576,76.75001271565755,Rapeseed Winter,274.0,360.0,75.0,141.0,9,12,3.0,5.0
India,33.75000127156576,77.25001271565755,Rapeseed Winter,274.0,360.0,75.0,141.0,9,12,3.0,5.0
India,33.75000127156576,77.75001271565755,Rapeseed Winter,274.0,360.0,75.0,141.0,9,12,3.0,5.0
India,33.75000127156576,78.25001271565755,Rapeseed Winter,274.0,360.0,75.0,141.0,9,12,3.0,5.0
India,33.75000127156576,78.75001271565755,Rapeseed Winter,274.0,360.0,75.0,141.0,9,12,3.0,5.0
India,34.25000127156576,74.25001271565755,Rapeseed Winter,274.0,360.0,75.0,141.0,9,12,3.0,5.0
India,34.25000127156576,74.75001271565755,Rapeseed Winter,274.0,360.0,75.0,141.0,9,12,3.0,5.0
India,34.25000127156576,75.25001271565755,Rapeseed Winter,274.0,360.0,75.0,141.0,9,12,3.0,5.0
India,34.25000127156576,75.75001271565755,Rapeseed Winter,274.0,360.0,75.0,141.0,9,12,3.0,5.0
India,34.25000127156576,76.25001271565755,Rapeseed Winter,274.0,360.0,75.0,141.0,9,12,3.0,5.0
India,34.25000127156576,76.75001271565755,Rapeseed Winter,274.0,360.0,75.0,141.0,9,12,3.0,5.0
India,34.25000127156576,77.25001271565755,Rapeseed Winter,274.0,360.0,75.0,141.0,9,12,3.0,5.0
India,34.25000127156576,77.75001271565755,Rapeseed Winter,274.0,360.0,75.0,141.0,9,12,3.0,5.0
India,34.25000127156576,78.25001271565755,Rapeseed Winter,274.0,360.0,75.0,141.0,9,12,3.0,5.0
India,34.25000127156576,78.75001271565755,Rapeseed Winter,274.0,360.0,75.0,141.0,9,12,3.0,5.0
India,34.75000127156576,77.25001271565755,Rapeseed Winter,274.0,360.0,75.0,141.0,9,12,3.0,5.0
India,34.75000127156576,77.75001271565755,Rapeseed Winter,274.0,360.0,75.0,141.0,9,12,3.0,5.0
India,35.25000127156576,77.75001271565755,Rapeseed Winter,274.0,360.0,75.0,141.0,9,12,3.0,5.0
India,8.25000031789144,77.25001271565755,Rice,120.0,182.0,225.0,287.0,4,6,8.0,10.0
India,8.25000031789144,77.75001271565755,Rice,120.0,182.0,225.0,287.0,4,6,8.0,10.0
India,8.75000031789144,76.75001271565755,Rice,92.0,147.0,218.0,273.0,4,5,8.0,9.0
India,8.75000031789144,77.25001271565755,Rice,120.0,182.0,225.0,287.0,4,6,8.0,10.0
India,8.75000031789144,77.75001271565755,Rice,155.0,182.0,253.0,280.0,6,6,9.0,10.0
India,9.25000031789144,76.75001271565755,Rice,92.0,147.0,218.0,273.0,4,5,8.0,9.0
India,9.25000031789144,77.25001271565755,Rice,120.0,182.0,225.0,287.0,4,6,8.0,10.0
India,9.75000031789144,76.75001271565755,Rice,113.0,147.0,232.0,273.0,4,5,8.0,9.0
India,9.75000031789144,77.25001271565755,Rice,162.0,203.0,260.0,329.0,6,7,9.0,11.0
India,9.75000031789144,77.75001271565755,Rice,162.0,203.0,260.0,329.0,6,7,9.0,11.0
India,9.75000031789144,78.25001271565755,Rice,197.0,238.0,323.0,7.0,7,8,11.0,1.0
India,9.75000031789144,78.75001271565755,Rice,197.0,238.0,323.0,7.0,7,8,11.0,1.0
India,10.25000031789144,76.75001271565755,Rice,113.0,147.0,232.0,273.0,4,5,8.0,9.0
India,10.25000031789144,77.25001271565755,Rice,162.0,203.0,260.0,329.0,6,7,9.0,11.0
India,10.25000031789144,77.75001271565755,Rice,162.0,203.0,260.0,329.0,6,7,9.0,11.0
India,10.25000031789144,78.25001271565755,Rice,162.0,203.0,260.0,329.0,6,7,9.0,11.0
India,10.75000031789144,76.25001271565755,Rice,113.0,147.0,232.0,273.0,4,5,8.0,9.0
India,10.75000031789144,76.75001271565755,Rice,113.0,147.0,232.0,273.0,4,5,8.0,9.0
India,10.75000031789144,77.75001271565755,Rice,120.0,210.0,218.0,308.0,4,7,8.0,11.0
India,10.75000031789144,78.25001271565755,Rice,120.0,210.0,218.0,308.0,4,7,8.0,11.0
India,10.75000031789144,78.75001271565755,Rice,120.0,210.0,218.0,308.0,4,7,8.0,11.0
India,10.75000031789144,79.25001271565755,Rice,99.0,168.0,197.0,266.0,4,6,7.0,9.0
India,10.75000031789144,79.75001271565755,Rice,99.0,168.0,197.0,266.0,4,6,7.0,9.0
India,11.25000031789144,76.25001271565755,Rice,113.0,168.0,232.0,294.0,4,6,8.0,10.0
India,11.25000031789144,78.75001271565755,Rice,120.0,210.0,218.0,308.0,4,7,8.0,11.0
India,11.25000031789144,79.25001271565755,Rice,120.0,210.0,218.0,308.0,4,7,8.0,11.0
India,11.750000635782875,76.25001271565755,Rice,169.0,224.0,330.0,364.0,6,8,11.0,12.0
India,11.750000635782875,76.75001271565755,Rice,169.0,224.0,330.0,364.0,6,8,11.0,12.0
India,11.750000635782875,77.25001271565755,Rice,169.0,224.0,330.0,364.0,6,8,11.0,12.0
India,12.250000635782875,75.25001271565755,Rice,113.0,168.0,232.0,294.0,4,6,8.0,10.0
India,12.250000635782875,75.75001271565755,Rice,141.0,196.0,295.0,336.0,5,7,10.0,12.0
India,12.250000635782875,76.25001271565755,Rice,169.0,224.0,330.0,364.0,6,8,11.0,12.0
India,12.250000635782875,76.75001271565755,Rice,169.0,224.0,330.0,364.0,6,8,11.0,12.0
India,12.250000635782875,77.25001271565755,Rice,169.0,224.0,330.0,364.0,6,8,11.0,12.0
India,12.250000635782875,77.75001271565755,Rice,99.0,168.0,204.0,266.0,4,6,7.0,9.0
India,12.250000635782875,78.25001271565755,Rice,99.0,168.0,204.0,266.0,4,6,7.0,9.0
India,12.750000635782875,75.25001271565755,Rice,134.0,182.0,267.0,315.0,5,6,9.0,11.0
India,12.750000635782875,75.75001271565755,Rice,134.0,189.0,274.0,322.0,5,7,9.0,11.0
India,12.750000635782875,76.25001271565755,Rice,134.0,189.0,274.0,322.0,5,7,9.0,11.0
India,12.750000635782875,77.25001271565755,Rice,176.0,231.0,313.0,354.0,6,8,11.0,12.0
India,12.750000635782875,77.75001271565755,Rice,176.0,231.0,313.0,354.0,6,8,11.0,12.0
India,12.750000635782875,78.25001271565755,Rice,99.0,168.0,204.0,266.0,4,6,7.0,9.0
India,12.750000635782875,78.75001271565755,Rice,99.0,168.0,204.0,266.0,4,6,7.0,9.0
India,12.750000635782875,79.25001271565755,Rice,99.0,168.0,204.0,266.0,4,6,7.0,9.0
India,12.750000635782875,79.75001271565755,Rice,99.0,168.0,197.0,266.0,4,6,7.0,9.0
India,13.250000635782875,74.75001271565755,Rice,134.0,182.0,267.0,315.0,5,6,9.0,11.0
India,13.250000635782875,76.25001271565755,Rice,134.0,189.0,274.0,322.0,5,7,9.0,11.0
India,13.250000635782875,76.75001271565755,Rice,148.0,217.0,330.0,35.0,5,8,11.0,2.0
India,13.250000635782875,77.25001271565755,Rice,176.0,231.0,313.0,354.0,6,8,11.0,12.0
India,13.250000635782875,77.75001271565755,Rice,176.0,231.0,313.0,354.0,6,8,11.0,12.0
India,13.250000635782875,78.25001271565755,Rice,176.0,231.0,313.0,354.0,6,8,11.0,12.0
India,13.250000635782875,78.75001271565755,Rice,134.0,168.0,239.0,273.0,5,6,8.0,9.0
India,13.250000635782875,79.25001271565755,Rice,134.0,168.0,239.0,273.0,5,6,8.0,9.0
India,13.250000635782875,79.75001271565755,Rice,134.0,168.0,239.0,273.0,5,6,8.0,9.0
India,13.250000635782875,80.25001271565755,Rice,99.0,168.0,197.0,266.0,4,6,7.0,9.0
India,13.750000635782875,74.75001271565755,Rice,134.0,182.0,267.0,315.0,5,6,9.0,11.0
India,13.750000635782875,76.75001271565755,Rice,148.0,217.0,330.0,35.0,5,8,11.0,2.0
India,13.750000635782875,77.25001271565755,Rice,148.0,217.0,330.0,35.0,5,8,11.0,2.0
India,13.750000635782875,77.75001271565755,Rice,176.0,231.0,313.0,354.0,6,8,11.0,12.0
India,13.750000635782875,78.25001271565755,Rice,134.0,168.0,239.0,273.0,5,6,8.0,9.0
India,13.750000635782875,78.75001271565755,Rice,134.0,168.0,239.0,273.0,5,6,8.0,9.0
India,13.750000635782875,79.75001271565755,Rice,134.0,168.0,239.0,273.0,5,6,8.0,9.0
India,14.250000635782875,74.75001271565755,Rice,148.0,196.0,302.0,364.0,5,7,10.0,12.0
India,14.250000635782875,77.25001271565755,Rice,183.0,231.0,337.0,364.0,7,8,12.0,12.0
India,14.250000635782875,77.75001271565755,Rice,183.0,231.0,337.0,364.0,7,8,12.0,12.0
India,14.250000635782875,78.25001271565755,Rice,183.0,231.0,337.0,364.0,7,8,12.0,12.0
India,14.250000635782875,78.75001271565755,Rice,183.0,231.0,337.0,364.0,7,8,12.0,12.0
India,14.250000635782875,79.25001271565755,Rice,183.0,231.0,337.0,364.0,7,8,12.0,12.0
India,14.250000635782875,79.75001271565755,Rice,134.0,168.0,239.0,273.0,5,6,8.0,9.0
India,14.750000635782875,74.25001271565755,Rice,148.0,196.0,302.0,364.0,5,7,10.0,12.0
India,14.750000635782875,74.75001271565755,Rice,148.0,196.0,302.0,364.0,5,7,10.0,12.0
India,14.750000635782875,75.25001271565755,Rice,127.0,175.0,316.0,364.0,5,6,11.0,12.0
India,14.750000635782875,75.75001271565755,Rice,155.0,182.0,309.0,364.0,6,6,11.0,12.0
India,14.750000635782875,76.25001271565755,Rice,155.0,182.0,309.0,364.0,6,6,11.0,12.0
India,14.750000635782875,76.75001271565755,Rice,183.0,231.0,337.0,364.0,7,8,12.0,12.0
India,14.750000635782875,77.25001271565755,Rice,183.0,231.0,337.0,364.0,7,8,12.0,12.0
India,14.750000635782875,77.75001271565755,Rice,183.0,231.0,337.0,364.0,7,8,12.0,12.0
India,14.750000635782875,78.25001271565755,Rice,183.0,231.0,337.0,364.0,7,8,12.0,12.0
India,14.750000635782875,78.75001271565755,Rice,183.0,231.0,337.0,364.0,7,8,12.0,12.0
India,14.750000635782875,79.25001271565755,Rice,134.0,168.0,239.0,273.0,5,6,8.0,9.0
India,14.750000635782875,79.75001271565755,Rice,134.0,168.0,239.0,273.0,5,6,8.0,9.0
India,15.250000635782875,74.75001271565755,Rice,148.0,196.0,302.0,364.0,5,7,10.0,12.0
India,15.250000635782875,75.25001271565755,Rice,127.0,175.0,316.0,364.0,5,6,11.0,12.0
India,15.250000635782875,75.75001271565755,Rice,127.0,175.0,316.0,364.0,5,6,11.0,12.0
India,15.250000635782875,76.75001271565755,Rice,155.0,182.0,309.0,364.0,6,6,11.0,12.0
India,15.250000635782875,77.25001271565755,Rice,183.0,231.0,337.0,364.0,7,8,12.0,12.0
India,15.250000635782875,77.75001271565755,Rice,183.0,231.0,337.0,364.0,7,8,12.0,12.0
India,15.250000635782875,78.25001271565755,Rice,183.0,231.0,337.0,364.0,7,8,12.0,12.0
India,15.250000635782875,78.75001271565755,Rice,183.0,231.0,337.0,364.0,7,8,12.0,12.0
India,15.250000635782875,79.25001271565755,Rice,134.0,168.0,239.0,273.0,5,6,8.0,9.0
India,15.250000635782875,79.75001271565755,Rice,134.0,168.0,239.0,273.0,5,6,8.0,9.0
India,15.750000635782875,73.75001271565755,Rice,134.0,175.0,281.0,329.0,5,6,10.0,11.0
India,15.750000635782875,75.75001271565755,Rice,127.0,175.0,316.0,364.0,5,6,11.0,12.0
India,15.750000635782875,77.25001271565755,Rice,183.0,231.0,337.0,364.0,7,8,12.0,12.0
India,15.750000635782875,77.75001271565755,Rice,183.0,231.0,337.0,364.0,7,8,12.0,12.0
India,15.750000635782875,78.25001271565755,Rice,183.0,231.0,337.0,364.0,7,8,12.0,12.0
India,15.750000635782875,78.75001271565755,Rice,183.0,231.0,337.0,364.0,7,8,12.0,12.0
India,15.750000635782875,79.25001271565755,Rice,134.0,168.0,239.0,273.0,5,6,8.0,9.0
India,15.750000635782875,79.75001271565755,Rice,134.0,168.0,239.0,273.0,5,6,8.0,9.0
India,15.750000635782875,80.25001271565755,Rice,134.0,168.0,239.0,273.0,5,6,8.0,9.0
India,16.25000063578288,73.75001271565755,Rice,134.0,175.0,281.0,329.0,5,6,10.0,11.0
India,16.25000063578288,77.75001271565755,Rice,148.0,182.0,260.0,287.0,5,6,9.0,10.0
India,16.25000063578288,78.25001271565755,Rice,148.0,182.0,260.0,287.0,5,6,9.0,10.0
India,16.25000063578288,78.75001271565755,Rice,148.0,182.0,260.0,287.0,5,6,9.0,10.0
India,16.25000063578288,79.25001271565755,Rice,148.0,182.0,260.0,287.0,5,6,9.0,10.0
India,16.25000063578288,79.75001271565755,Rice,127.0,175.0,288.0,322.0,5,6,10.0,11.0
India,16.25000063578288,80.25001271565755,Rice,127.0,175.0,288.0,322.0,5,6,10.0,11.0
India,16.25000063578288,80.75001271565755,Rice,127.0,175.0,288.0,322.0,5,6,10.0,11.0
India,16.75000063578288,73.75001271565755,Rice,134.0,175.0,281.0,329.0,5,6,10.0,11.0
India,16.75000063578288,77.75001271565755,Rice,148.0,182.0,260.0,287.0,5,6,9.0,10.0
India,16.75000063578288,78.25001271565755,Rice,148.0,182.0,260.0,287.0,5,6,9.0,10.0
India,16.75000063578288,78.75001271565755,Rice,148.0,182.0,260.0,287.0,5,6,9.0,10.0
India,16.75000063578288,79.25001271565755,Rice,148.0,182.0,260.0,287.0,5,6,9.0,10.0
India,16.75000063578288,79.75001271565755,Rice,148.0,182.0,260.0,287.0,5,6,9.0,10.0
India,16.75000063578288,80.25001271565755,Rice,127.0,175.0,288.0,322.0,5,6,10.0,11.0
India,16.75000063578288,80.75001271565755,Rice,127.0,175.0,288.0,322.0,5,6,10.0,11.0
India,16.75000063578288,81.25001271565755,Rice,127.0,175.0,288.0,322.0,5,6,10.0,11.0
India,16.75000063578288,81.75001271565755,Rice,127.0,175.0,288.0,322.0,5,6,10.0,11.0
India,17.25000063578288,73.25001271565755,Rice,134.0,175.0,281.0,329.0,5,6,10.0,11.0
India,17.25000063578288,77.75001271565755,Rice,148.0,182.0,260.0,287.0,5,6,9.0,10.0
India,17.25000063578288,78.25001271565755,Rice,148.0,182.0,260.0,287.0,5,6,9.0,10.0
India,17.25000063578288,78.75001271565755,Rice,148.0,182.0,260.0,287.0,5,6,9.0,10.0
India,17.25000063578288,79.25001271565755,Rice,148.0,182.0,260.0,287.0,5,6,9.0,10.0
India,17.25000063578288,79.75001271565755,Rice,148.0,182.0,260.0,287.0,5,6,9.0,10.0
India,17.25000063578288,80.25001271565755,Rice,148.0,175.0,295.0,315.0,5,6,10.0,11.0
India,17.25000063578288,80.75001271565755,Rice,148.0,175.0,295.0,315.0,5,6,10.0,11.0
India,17.75000063578288,73.25001271565755,Rice,134.0,175.0,281.0,329.0,5,6,10.0,11.0
India,17.75000063578288,77.75001271565755,Rice,148.0,182.0,260.0,287.0,5,6,9.0,10.0
India,17.75000063578288,78.25001271565755,Rice,148.0,182.0,260.0,287.0,5,6,9.0,10.0
India,17.75000063578288,78.75001271565755,Rice,148.0,182.0,260.0,287.0,5,6,9.0,10.0
India,17.75000063578288,79.25001271565755,Rice,141.0,224.0,288.0,7.0,5,8,10.0,1.0
India,17.75000063578288,79.75001271565755,Rice,141.0,224.0,288.0,7.0,5,8,10.0,1.0
India,17.75000063578288,80.25001271565755,Rice,148.0,175.0,295.0,315.0,5,6,10.0,11.0
India,17.75000063578288,80.75001271565755,Rice,148.0,175.0,295.0,315.0,5,6,10.0,11.0
India,17.75000063578288,81.25001271565755,Rice,148.0,175.0,295.0,315.0,5,6,10.0,11.0
India,17.75000063578288,81.75001271565755,Rice,148.0,175.0,295.0,315.0,5,6,10.0,11.0
India,17.75000063578288,82.25001271565755,Rice,162.0,203.0,309.0,336.0,6,7,11.0,12.0
India,17.75000063578288,82.75001271565755,Rice,162.0,203.0,309.0,336.0,6,7,11.0,12.0
India,17.75000063578288,83.25001271565755,Rice,162.0,203.0,309.0,336.0,6,7,11.0,12.0
India,18.25000063578288,73.25001271565755,Rice,134.0,175.0,281.0,329.0,5,6,10.0,11.0
India,18.25000063578288,77.75001271565755,Rice,148.0,175.0,295.0,315.0,5,6,10.0,11.0
India,18.25000063578288,78.25001271565755,Rice,148.0,175.0,295.0,315.0,5,6,10.0,11.0
India,18.25000063578288,79.75001271565755,Rice,141.0,224.0,288.0,7.0,5,8,10.0,1.0
India,18.25000063578288,80.25001271565755,Rice,141.0,224.0,288.0,7.0,5,8,10.0,1.0
India,18.25000063578288,80.75001271565755,Rice,148.0,175.0,295.0,315.0,5,6,10.0,11.0
India,18.25000063578288,81.75001271565755,Rice,162.0,203.0,260.0,308.0,6,7,9.0,11.0
India,18.25000063578288,82.25001271565755,Rice,162.0,203.0,260.0,308.0,6,7,9.0,11.0
India,18.25000063578288,82.75001271565755,Rice,162.0,203.0,309.0,336.0,6,7,11.0,12.0
India,18.25000063578288,83.25001271565755,Rice,162.0,203.0,309.0,336.0,6,7,11.0,12.0
India,18.75000063578288,73.25001271565755,Rice,134.0,175.0,281.0,329.0,5,6,10.0,11.0
India,18.75000063578288,78.25001271565755,Rice,148.0,175.0,295.0,315.0,5,6,10.0,11.0
India,18.75000063578288,79.75001271565755,Rice,148.0,175.0,295.0,315.0,5,6,10.0,11.0
India,18.75000063578288,82.25001271565755,Rice,162.0,203.0,260.0,308.0,6,7,9.0,11.0
India,18.75000063578288,82.75001271565755,Rice,162.0,203.0,260.0,308.0,6,7,9.0,11.0
India,18.75000063578288,83.75001271565755,Rice,162.0,203.0,309.0,336.0,6,7,11.0,12.0
India,19.25000063578288,73.25001271565755,Rice,134.0,175.0,281.0,329.0,5,6,10.0,11.0
India,19.25000063578288,78.25001271565755,Rice,148.0,175.0,295.0,315.0,5,6,10.0,11.0
India,19.25000063578288,78.75001271565755,Rice,148.0,175.0,295.0,315.0,5,6,10.0,11.0
India,19.25000063578288,79.25001271565755,Rice,148.0,175.0,295.0,315.0,5,6,10.0,11.0
India,19.25000063578288,79.75001271565755,Rice,148.0,175.0,295.0,315.0,5,6,10.0,11.0
India,19.25000063578288,80.25001271565755,Rice,169.0,210.0,302.0,336.0,6,7,10.0,12.0
India,19.25000063578288,82.25001271565755,Rice,162.0,203.0,260.0,308.0,6,7,9.0,11.0
India,19.25000063578288,82.75001271565755,Rice,162.0,203.0,260.0,308.0,6,7,9.0,11.0
India,19.25000063578288,83.25001271565755,Rice,162.0,203.0,260.0,308.0,6,7,9.0,11.0
India,19.25000063578288,83.75001271565755,Rice,162.0,203.0,260.0,308.0,6,7,9.0,11.0
India,19.25000063578288,84.25001271565755,Rice,141.0,189.0,288.0,350.0,5,7,10.0,12.0
India,19.25000063578288,84.75001271565755,Rice,141.0,189.0,288.0,350.0,5,7,10.0,12.0
India,19.75000063578288,72.75001271565755,Rice,134.0,175.0,281.0,329.0,5,6,10.0,11.0
India,19.75000063578288,73.25001271565755,Rice,134.0,175.0,281.0,329.0,5,6,10.0,11.0
India,19.75000063578288,79.25001271565755,Rice,169.0,210.0,302.0,336.0,6,7,10.0,12.0
India,19.75000063578288,79.75001271565755,Rice,169.0,210.0,302.0,336.0,6,7,10.0,12.0
India,19.75000063578288,80.25001271565755,Rice,169.0,210.0,302.0,336.0,6,7,10.0,12.0
India,19.75000063578288,82.25001271565755,Rice,162.0,203.0,260.0,308.0,6,7,9.0,11.0
India,19.75000063578288,82.75001271565755,Rice,155.0,210.0,309.0,357.0,6,7,11.0,12.0
India,19.75000063578288,83.25001271565755,Rice,155.0,210.0,309.0,357.0,6,7,11.0,12.0
India,19.75000063578288,84.75001271565755,Rice,141.0,189.0,288.0,350.0,5,7,10.0,12.0
India,20.25000063578288,72.75001271565755,Rice,134.0,175.0,281.0,329.0,5,6,10.0,11.0
India,20.25000063578288,73.25001271565755,Rice,148.0,189.0,267.0,308.0,5,7,9.0,11.0
India,20.25000063578288,79.25001271565755,Rice,169.0,210.0,302.0,336.0,6,7,10.0,12.0
India,20.25000063578288,79.75001271565755,Rice,169.0,210.0,302.0,336.0,6,7,10.0,12.0
India,20.25000063578288,80.25001271565755,Rice,169.0,210.0,302.0,336.0,6,7,10.0,12.0
India,20.25000063578288,82.75001271565755,Rice,155.0,210.0,309.0,357.0,6,7,11.0,12.0
India,20.25000063578288,83.25001271565755,Rice,162.0,203.0,260.0,308.0,6,7,9.0,11.0
India,20.25000063578288,84.75001271565755,Rice,141.0,175.0,316.0,343.0,5,6,11.0,12.0
India,20.25000063578288,85.25001271565755,Rice,141.0,175.0,316.0,343.0,5,6,11.0,12.0
India,20.25000063578288,85.75001271565755,Rice,141.0,175.0,316.0,343.0,5,6,11.0,12.0
India,20.25000063578288,86.25001271565755,Rice,169.0,196.0,302.0,350.0,6,7,10.0,12.0
India,20.75000063578288,73.25001271565755,Rice,148.0,189.0,267.0,308.0,5,7,9.0,11.0
India,20.75000063578288,79.25001271565755,Rice,169.0,210.0,302.0,336.0,6,7,10.0,12.0
India,20.75000063578288,79.75001271565755,Rice,169.0,210.0,302.0,336.0,6,7,10.0,12.0
India,20.75000063578288,80.25001271565755,Rice,169.0,210.0,302.0,336.0,6,7,10.0,12.0
India,20.75000063578288,82.75001271565755,Rice,155.0,210.0,309.0,357.0,6,7,11.0,12.0
India,20.75000063578288,83.25001271565755,Rice,162.0,203.0,260.0,308.0,6,7,9.0,11.0
India,20.75000063578288,83.75001271565755,Rice,162.0,203.0,260.0,308.0,6,7,9.0,11.0
India,20.75000063578288,84.75001271565755,Rice,162.0,203.0,260.0,308.0,6,7,9.0,11.0
India,20.75000063578288,85.25001271565755,Rice,162.0,203.0,260.0,308.0,6,7,9.0,11.0
India,20.75000063578288,85.75001271565755,Rice,162.0,203.0,260.0,308.0,6,7,9.0,11.0
India,20.75000063578288,86.25001271565755,Rice,169.0,196.0,302.0,350.0,6,7,10.0,12.0
India,20.75000063578288,86.75001271565755,Rice,155.0,196.0,302.0,350.0,6,7,10.0,12.0
India,21.25000063578288,72.75001271565755,Rice,148.0,189.0,267.0,308.0,5,7,9.0,11.0
India,21.25000063578288,73.25001271565755,Rice,148.0,189.0,267.0,308.0,5,7,9.0,11.0
India,21.25000063578288,73.75001271565755,Rice,148.0,189.0,267.0,308.0,5,7,9.0,11.0
India,21.25000063578288,78.75001271565755,Rice,169.0,210.0,302.0,336.0,6,7,10.0,12.0
India,21.25000063578288,79.25001271565755,Rice,169.0,210.0,302.0,336.0,6,7,10.0,12.0
India,21.25000063578288,79.75001271565755,Rice,169.0,210.0,302.0,336.0,6,7,10.0,12.0
India,21.25000063578288,80.25001271565755,Rice,169.0,210.0,302.0,336.0,6,7,10.0,12.0
India,21.25000063578288,83.25001271565755,Rice,155.0,210.0,309.0,357.0,6,7,11.0,12.0
India,21.25000063578288,83.75001271565755,Rice,155.0,210.0,309.0,357.0,6,7,11.0,12.0
India,21.25000063578288,84.25001271565755,Rice,155.0,210.0,309.0,357.0,6,7,11.0,12.0
India,21.25000063578288,84.75001271565755,Rice,155.0,210.0,309.0,357.0,6,7,11.0,12.0
India,21.25000063578288,85.25001271565755,Rice,162.0,203.0,260.0,308.0,6,7,9.0,11.0
India,21.25000063578288,85.75001271565755,Rice,141.0,175.0,260.0,315.0,5,6,9.0,11.0
India,21.25000063578288,86.25001271565755,Rice,141.0,175.0,260.0,315.0,5,6,9.0,11.0
India,21.25000063578288,86.75001271565755,Rice,155.0,196.0,302.0,350.0,6,7,10.0,12.0
India,21.75000063578288,72.75001271565755,Rice,148.0,189.0,267.0,308.0,5,7,9.0,11.0
India,21.75000063578288,73.25001271565755,Rice,148.0,189.0,267.0,308.0,5,7,9.0,11.0
India,21.75000063578288,73.75001271565755,Rice,148.0,189.0,267.0,308.0,5,7,9.0,11.0
India,21.75000063578288,83.75001271565755,Rice,155.0,210.0,309.0,357.0,6,7,11.0,12.0
India,21.75000063578288,84.25001271565755,Rice,155.0,210.0,309.0,357.0,6,7,11.0,12.0
India,21.75000063578288,84.75001271565755,Rice,148.0,189.0,274.0,301.0,5,7,9.0,10.0
India,21.75000063578288,85.25001271565755,Rice,141.0,175.0,260.0,315.0,5,6,9.0,11.0
India,21.75000063578288,85.75001271565755,Rice,141.0,175.0,260.0,315.0,5,6,9.0,11.0
India,21.75000063578288,87.25001271565755,Rice,162.0,203.0,302.0,336.0,6,7,10.0,12.0
India,21.75000063578288,87.75001271565755,Rice,162.0,203.0,302.0,336.0,6,7,10.0,12.0
India,21.75000063578288,88.25001271565755,Rice,162.0,210.0,309.0,350.0,6,7,11.0,12.0
India,21.75000063578288,88.75001271565755,Rice,162.0,210.0,309.0,350.0,6,7,11.0,12.0
India,22.25000063578288,84.25001271565755,Rice,148.0,189.0,274.0,301.0,5,7,9.0,10.0
India,22.25000063578288,84.75001271565755,Rice,148.0,189.0,274.0,301.0,5,7,9.0,10.0
India,22.25000063578288,86.75001271565755,Rice,162.0,203.0,302.0,336.0,6,7,10.0,12.0
India,22.25000063578288,87.25001271565755,Rice,162.0,203.0,302.0,336.0,6,7,10.0,12.0
India,22.25000063578288,87.75001271565755,Rice,162.0,203.0,302.0,336.0,6,7,10.0,12.0
India,22.25000063578288,88.25001271565755,Rice,162.0,210.0,309.0,350.0,6,7,11.0,12.0
India,22.25000063578288,88.75001271565755,Rice,162.0,210.0,309.0,350.0,6,7,11.0,12.0
India,22.75000063578288,86.75001271565755,Rice,162.0,203.0,288.0,329.0,6,7,10.0,11.0
India,22.75000063578288,87.25001271565755,Rice,162.0,203.0,302.0,336.0,6,7,10.0,12.0
India,22.75000063578288,87.75001271565755,Rice,162.0,203.0,302.0,336.0,6,7,10.0,12.0
India,22.75000063578288,88.25001271565755,Rice,162.0,203.0,302.0,336.0,6,7,10.0,12.0
India,22.75000063578288,88.75001271565755,Rice,162.0,210.0,309.0,350.0,6,7,11.0,12.0
India,23.25000063578288,74.25001271565755,Rice,204.0,224.0,302.0,329.0,7,8,10.0,11.0
India,23.25000063578288,86.25001271565755,Rice,162.0,203.0,288.0,329.0,6,7,10.0,11.0
India,23.25000063578288,86.75001271565755,Rice,162.0,203.0,288.0,329.0,6,7,10.0,11.0
India,23.25000063578288,87.25001271565755,Rice,162.0,203.0,288.0,329.0,6,7,10.0,11.0
India,23.25000063578288,87.75001271565755,Rice,162.0,203.0,288.0,329.0,6,7,10.0,11.0
India,23.25000063578288,88.25001271565755,Rice,162.0,203.0,288.0,329.0,6,7,10.0,11.0
India,23.75000063578288,87.25001271565755,Rice,169.0,203.0,302.0,343.0,6,7,10.0,12.0
India,23.75000063578288,87.75001271565755,Rice,169.0,203.0,302.0,343.0,6,7,10.0,12.0
India,23.75000063578288,88.25001271565755,Rice,169.0,203.0,302.0,343.0,6,7,10.0,12.0
India,24.25000063578288,68.75001271565755,Rice,139.0,204.0,264.0,352.0,5,7,9.0,12.0
India,24.25000063578288,69.25001271565755,Rice,139.0,204.0,264.0,352.0,5,7,9.0,12.0
India,24.25000063578288,88.25001271565755,Rice,169.0,203.0,302.0,343.0,6,7,10.0,12.0
India,24.75000063578288,92.25001271565756,Rice,151.0,222.0,303.0,360.0,5,8,10.0,12.0
India,24.75000063578288,92.75001271565756,Rice,162.0,203.0,302.0,343.0,6,7,10.0,12.0
India,25.25000063578288,88.25001271565755,Rice,169.0,203.0,302.0,343.0,6,7,10.0,12.0
India,25.25000063578288,88.75001271565755,Rice,176.0,210.0,302.0,336.0,6,7,10.0,12.0
India,25.25000063578288,92.75001271565756,Rice,162.0,203.0,302.0,343.0,6,7,10.0,12.0
India,25.25000063578288,93.25001271565756,Rice,162.0,203.0,302.0,343.0,6,7,10.0,12.0
India,25.75000063578288,70.25001271565755,Rice,139.0,204.0,264.0,352.0,5,7,9.0,12.0
India,25.75000063578288,88.25001271565755,Rice,176.0,210.0,302.0,336.0,6,7,10.0,12.0
India,25.75000063578288,92.75001271565756,Rice,141.0,189.0,288.0,329.0,5,7,10.0,11.0
India,25.75000063578288,93.25001271565756,Rice,141.0,189.0,288.0,329.0,5,7,10.0,11.0
India,26.25000063578288,88.25001271565755,Rice,151.0,222.0,303.0,360.0,5,8,10.0,12.0
India,26.25000063578288,89.25001271565755,Rice,176.0,210.0,302.0,336.0,6,7,10.0,12.0
India,26.25000063578288,89.75001271565755,Rice,176.0,210.0,302.0,336.0,6,7,10.0,12.0
India,26.25000063578288,90.25001271565756,Rice,155.0,203.0,267.0,343.0,6,7,9.0,12.0
India,26.25000063578288,90.75001271565756,Rice,148.0,196.0,281.0,336.0,5,7,10.0,12.0
India,26.25000063578288,91.25001271565756,Rice,148.0,196.0,281.0,336.0,5,7,10.0,12.0
India,26.25000063578288,91.75001271565756,Rice,148.0,196.0,281.0,336.0,5,7,10.0,12.0
India,26.25000063578288,92.25001271565756,Rice,148.0,196.0,281.0,336.0,5,7,10.0,12.0
India,26.25000063578288,92.75001271565756,Rice,141.0,189.0,288.0,329.0,5,7,10.0,11.0
India,26.25000063578288,93.25001271565756,Rice,141.0,189.0,288.0,329.0,5,7,10.0,11.0
India,26.25000063578288,93.75001271565756,Rice,141.0,189.0,288.0,329.0,5,7,10.0,11.0
India,26.75000063578288,88.75001271565755,Rice,176.0,210.0,302.0,336.0,6,7,10.0,12.0
India,26.75000063578288,89.25001271565755,Rice,176.0,210.0,302.0,336.0,6,7,10.0,12.0
India,26.75000063578288,90.25001271565756,Rice,155.0,203.0,267.0,343.0,6,7,9.0,12.0
India,26.75000063578288,91.25001271565756,Rice,148.0,196.0,281.0,336.0,5,7,10.0,12.0
India,26.75000063578288,91.75001271565756,Rice,148.0,196.0,281.0,336.0,5,7,10.0,12.0
India,26.75000063578288,92.25001271565756,Rice,148.0,196.0,281.0,336.0,5,7,10.0,12.0
India,26.75000063578288,92.75001271565756,Rice,176.0,217.0,316.0,343.0,6,8,11.0,12.0
India,26.75000063578288,93.25001271565756,Rice,176.0,217.0,316.0,343.0,6,8,11.0,12.0
India,26.75000063578288,93.75001271565756,Rice,176.0,217.0,316.0,343.0,6,8,11.0,12.0
India,26.75000063578288,94.25001271565756,Rice,141.0,189.0,288.0,329.0,5,7,10.0,11.0
India,27.25000063578288,94.25001271565756,Rice,141.0,175.0,288.0,322.0,5,6,10.0,11.0
India,27.25000063578288,94.75001271565756,Rice,141.0,175.0,288.0,322.0,5,6,10.0,11.0
India,27.25000063578288,95.25001271565756,Rice,141.0,175.0,288.0,322.0,5,6,10.0,11.0
India,27.750001271565758,95.25001271565756,Rice,141.0,175.0,288.0,322.0,5,6,10.0,11.0
India,28.250001271565758,97.25001271565756,Rice,90.0,153.0,215.0,276.0,3,6,8.0,10.0
India,29.250001271565758,80.25001271565755,Rice,141.0,223.0,294.0,353.0,5,8,10.0,12.0
India,31.250001271565758,76.75001271565755,Rice,169.0,203.0,288.0,322.0,6,7,10.0,11.0
India,31.250001271565758,77.25001271565755,Rice,169.0,203.0,288.0,322.0,6,7,10.0,11.0
India,31.250001271565758,79.25001271565755,Rice,90.0,153.0,215.0,276.0,3,6,8.0,10.0
India,31.750001271565758,76.75001271565755,Rice,169.0,203.0,288.0,322.0,6,7,10.0,11.0
India,33.25000127156576,79.25001271565755,Rice,90.0,153.0,215.0,276.0,3,6,8.0,10.0
India,34.75000127156576,74.25001271565755,Rice,139.0,204.0,264.0,352.0,5,7,9.0,12.0
India,34.75000127156576,76.75001271565755,Rice,139.0,204.0,264.0,352.0,5,7,9.0,12.0
India,8.25000031789144,77.25001271565755,Rice 2,225.0,301.0,358.0,70.0,8,10,12.0,3.0
India,8.75000031789144,77.25001271565755,Rice 2,225.0,301.0,358.0,70.0,8,10,12.0,3.0
India,9.25000031789144,77.75001271565755,Rice 2,218.0,259.0,351.0,21.0,8,9,12.0,1.0
India,9.25000031789144,78.25001271565755,Rice 2,225.0,301.0,358.0,70.0,8,10,12.0,3.0
India,9.25000031789144,78.75001271565755,Rice 2,225.0,301.0,358.0,70.0,8,10,12.0,3.0
India,9.75000031789144,77.25001271565755,Rice 2,218.0,287.0,344.0,49.0,8,10,12.0,2.0
India,9.75000031789144,77.75001271565755,Rice 2,218.0,287.0,344.0,49.0,8,10,12.0,2.0
India,9.75000031789144,78.25001271565755,Rice 2,246.0,301.0,8.0,70.0,9,10,1.0,3.0
India,9.75000031789144,78.75001271565755,Rice 2,246.0,301.0,8.0,70.0,9,10,1.0,3.0
India,10.25000031789144,76.25001271565755,Rice 2,260.0,294.0,15.0,49.0,9,10,1.0,2.0
India,10.25000031789144,77.25001271565755,Rice 2,218.0,287.0,344.0,49.0,8,10,12.0,2.0
India,10.25000031789144,77.75001271565755,Rice 2,218.0,287.0,344.0,49.0,8,10,12.0,2.0
India,10.25000031789144,78.25001271565755,Rice 2,218.0,287.0,344.0,49.0,8,10,12.0,2.0
India,10.25000031789144,78.75001271565755,Rice 2,218.0,259.0,351.0,21.0,8,9,12.0,1.0
India,10.25000031789144,79.25001271565755,Rice 2,215.0,287.0,351.0,53.0,8,10,12.0,2.0
India,10.75000031789144,76.25001271565755,Rice 2,260.0,294.0,15.0,49.0,9,10,1.0,2.0
India,10.75000031789144,77.25001271565755,Rice 2,218.0,287.0,344.0,49.0,8,10,12.0,2.0
India,10.75000031789144,77.75001271565755,Rice 2,218.0,287.0,344.0,49.0,8,10,12.0,2.0
India,10.75000031789144,78.25001271565755,Rice 2,218.0,294.0,351.0,56.0,8,10,12.0,2.0
India,10.75000031789144,78.75001271565755,Rice 2,218.0,294.0,351.0,56.0,8,10,12.0,2.0
India,10.75000031789144,79.25001271565755,Rice 2,215.0,287.0,351.0,53.0,8,10,12.0,2.0
India,10.75000031789144,79.75001271565755,Rice 2,215.0,287.0,351.0,53.0,8,10,12.0,2.0
India,11.25000031789144,76.75001271565755,Rice 2,218.0,287.0,344.0,49.0,8,10,12.0,2.0
India,11.25000031789144,77.25001271565755,Rice 2,218.0,287.0,344.0,49.0,8,10,12.0,2.0
India,11.25000031789144,77.75001271565755,Rice 2,218.0,287.0,344.0,49.0,8,10,12.0,2.0
India,11.25000031789144,78.75001271565755,Rice 2,218.0,294.0,351.0,56.0,8,10,12.0,2.0
India,11.25000031789144,79.25001271565755,Rice 2,218.0,294.0,351.0,56.0,8,10,12.0,2.0
India,11.25000031789144,79.75001271565755,Rice 2,215.0,287.0,351.0,53.0,8,10,12.0,2.0
India,11.750000635782875,78.75001271565755,Rice 2,215.0,287.0,351.0,53.0,8,10,12.0,2.0
India,11.750000635782875,79.25001271565755,Rice 2,215.0,287.0,351.0,53.0,8,10,12.0,2.0
India,11.750000635782875,79.75001271565755,Rice 2,215.0,287.0,351.0,53.0,8,10,12.0,2.0
India,12.250000635782875,75.25001271565755,Rice 2,232.0,287.0,337.0,56.0,8,10,12.0,2.0
India,12.250000635782875,77.75001271565755,Rice 2,162.0,238.0,295.0,7.0,6,8,10.0,1.0
India,12.250000635782875,78.25001271565755,Rice 2,162.0,238.0,295.0,7.0,6,8,10.0,1.0
India,12.250000635782875,79.75001271565755,Rice 2,215.0,287.0,351.0,53.0,8,10,12.0,2.0
India,12.750000635782875,77.75001271565755,Rice 2,162.0,238.0,295.0,7.0,6,8,10.0,1.0
India,12.750000635782875,78.25001271565755,Rice 2,162.0,238.0,295.0,7.0,6,8,10.0,1.0
India,12.750000635782875,78.75001271565755,Rice 2,162.0,238.0,295.0,7.0,6,8,10.0,1.0
India,12.750000635782875,79.25001271565755,Rice 2,162.0,238.0,295.0,7.0,6,8,10.0,1.0
India,12.750000635782875,79.75001271565755,Rice 2,211.0,280.0,351.0,49.0,7,10,12.0,2.0
India,13.250000635782875,77.75001271565755,Rice 2,358.0,14.0,148.0,182.0,12,1,5.0,6.0
India,13.250000635782875,78.25001271565755,Rice 2,358.0,14.0,148.0,182.0,12,1,5.0,6.0
India,13.250000635782875,79.75001271565755,Rice 2,211.0,280.0,351.0,49.0,7,10,12.0,2.0
India,13.250000635782875,80.25001271565755,Rice 2,211.0,280.0,351.0,49.0,7,10,12.0,2.0
India,13.750000635782875,77.75001271565755,Rice 2,358.0,14.0,148.0,182.0,12,1,5.0,6.0
India,20.25000063578288,86.25001271565755,Rice 2,330.0,357.0,85.0,119.0,11,12,3.0,4.0
India,20.75000063578288,86.25001271565755,Rice 2,330.0,357.0,85.0,119.0,11,12,3.0,4.0
India,21.75000063578288,87.25001271565755,Rice 2,323.0,357.0,92.0,147.0,11,12,4.0,5.0
India,21.75000063578288,87.75001271565755,Rice 2,323.0,357.0,92.0,147.0,11,12,4.0,5.0
India,21.75000063578288,88.25001271565755,Rice 2,344.0,7.0,92.0,126.0,12,1,4.0,5.0
India,21.75000063578288,88.75001271565755,Rice 2,344.0,7.0,92.0,126.0,12,1,4.0,5.0
India,22.25000063578288,86.75001271565755,Rice 2,323.0,357.0,92.0,147.0,11,12,4.0,5.0
India,22.25000063578288,87.25001271565755,Rice 2,323.0,357.0,92.0,147.0,11,12,4.0,5.0
India,22.25000063578288,87.75001271565755,Rice 2,323.0,357.0,92.0,147.0,11,12,4.0,5.0
India,22.25000063578288,88.25001271565755,Rice 2,344.0,7.0,92.0,126.0,12,1,4.0,5.0
India,22.25000063578288,88.75001271565755,Rice 2,344.0,7.0,92.0,126.0,12,1,4.0,5.0
India,22.75000063578288,87.25001271565755,Rice 2,323.0,357.0,92.0,147.0,11,12,4.0,5.0
India,22.75000063578288,87.75001271565755,Rice 2,323.0,357.0,92.0,147.0,11,12,4.0,5.0
India,22.75000063578288,88.25001271565755,Rice 2,323.0,357.0,92.0,147.0,11,12,4.0,5.0
India,22.75000063578288,88.75001271565755,Rice 2,344.0,7.0,92.0,126.0,12,1,4.0,5.0
India,23.25000063578288,88.25001271565755,Rice 2,344.0,7.0,92.0,126.0,12,1,4.0,5.0
India,23.75000063578288,87.75001271565755,Rice 2,330.0,357.0,85.0,126.0,11,12,3.0,5.0
India,23.75000063578288,88.25001271565755,Rice 2,330.0,357.0,85.0,126.0,11,12,3.0,5.0
India,24.25000063578288,88.25001271565755,Rice 2,330.0,357.0,85.0,126.0,11,12,3.0,5.0
India,24.75000063578288,92.25001271565756,Rice 2,311.0,30.0,107.0,148.0,11,1,4.0,5.0
India,25.25000063578288,88.25001271565755,Rice 2,330.0,357.0,85.0,126.0,11,12,3.0,5.0
India,25.25000063578288,88.75001271565755,Rice 2,302.0,343.0,71.0,112.0,10,12,3.0,4.0
India,25.75000063578288,88.25001271565755,Rice 2,302.0,343.0,71.0,112.0,10,12,3.0,4.0
India,26.25000063578288,88.25001271565755,Rice 2,311.0,30.0,107.0,148.0,11,1,4.0,5.0
India,26.25000063578288,89.25001271565755,Rice 2,302.0,343.0,71.0,112.0,10,12,3.0,4.0
India,26.25000063578288,89.75001271565755,Rice 2,302.0,343.0,71.0,112.0,10,12,3.0,4.0
India,26.75000063578288,88.75001271565755,Rice 2,302.0,343.0,71.0,112.0,10,12,3.0,4.0
India,26.75000063578288,89.25001271565755,Rice 2,302.0,343.0,71.0,112.0,10,12,3.0,4.0
India,11.750000635782875,76.75001271565755,Sorghum,134.0,182.0,253.0,308.0,5,6,9.0,11.0
India,11.750000635782875,77.25001271565755,Sorghum,134.0,182.0,253.0,308.0,5,6,9.0,11.0
India,12.250000635782875,76.25001271565755,Sorghum,134.0,182.0,253.0,308.0,5,6,9.0,11.0
India,12.250000635782875,76.75001271565755,Sorghum,134.0,182.0,253.0,308.0,5,6,9.0,11.0
India,14.750000635782875,75.75001271565755,Sorghum,134.0,182.0,253.0,308.0,5,6,9.0,11.0
India,14.750000635782875,76.25001271565755,Sorghum,134.0,182.0,253.0,308.0,5,6,9.0,11.0
India,15.250000635782875,76.75001271565755,Sorghum,134.0,182.0,253.0,308.0,5,6,9.0,11.0
India,15.250000635782875,77.25001271565755,Sorghum,183.0,210.0,295.0,329.0,7,7,10.0,11.0
India,15.250000635782875,77.75001271565755,Sorghum,183.0,210.0,295.0,329.0,7,7,10.0,11.0
India,15.250000635782875,78.25001271565755,Sorghum,183.0,210.0,295.0,329.0,7,7,10.0,11.0
India,15.250000635782875,78.75001271565755,Sorghum,183.0,210.0,295.0,329.0,7,7,10.0,11.0
India,15.250000635782875,79.25001271565755,Sorghum,162.0,189.0,253.0,273.0,6,7,9.0,9.0
India,15.250000635782875,79.75001271565755,Sorghum,162.0,189.0,253.0,273.0,6,7,9.0,9.0
India,15.750000635782875,77.25001271565755,Sorghum,183.0,210.0,295.0,329.0,7,7,10.0,11.0
India,15.750000635782875,77.75001271565755,Sorghum,183.0,210.0,295.0,329.0,7,7,10.0,11.0
India,15.750000635782875,78.25001271565755,Sorghum,183.0,210.0,295.0,329.0,7,7,10.0,11.0
India,15.750000635782875,78.75001271565755,Sorghum,183.0,210.0,295.0,329.0,7,7,10.0,11.0
India,15.750000635782875,79.25001271565755,Sorghum,162.0,189.0,253.0,273.0,6,7,9.0,9.0
India,15.750000635782875,79.75001271565755,Sorghum,162.0,189.0,253.0,273.0,6,7,9.0,9.0
India,15.750000635782875,80.25001271565755,Sorghum,162.0,189.0,253.0,273.0,6,7,9.0,9.0
India,16.25000063578288,74.25001271565755,Sorghum,148.0,203.0,260.0,322.0,5,7,9.0,11.0
India,16.25000063578288,77.75001271565755,Sorghum,155.0,196.0,260.0,308.0,6,7,9.0,11.0
India,16.25000063578288,78.25001271565755,Sorghum,155.0,196.0,260.0,308.0,6,7,9.0,11.0
India,16.25000063578288,78.75001271565755,Sorghum,155.0,196.0,260.0,308.0,6,7,9.0,11.0
India,16.25000063578288,79.25001271565755,Sorghum,155.0,196.0,260.0,308.0,6,7,9.0,11.0
India,16.75000063578288,74.25001271565755,Sorghum,148.0,203.0,260.0,322.0,5,7,9.0,11.0
India,16.75000063578288,74.75001271565755,Sorghum,148.0,203.0,260.0,322.0,5,7,9.0,11.0
India,16.75000063578288,77.75001271565755,Sorghum,155.0,196.0,260.0,308.0,6,7,9.0,11.0
India,16.75000063578288,78.25001271565755,Sorghum,155.0,196.0,260.0,308.0,6,7,9.0,11.0
India,16.75000063578288,78.75001271565755,Sorghum,155.0,196.0,260.0,308.0,6,7,9.0,11.0
India,16.75000063578288,79.25001271565755,Sorghum,155.0,196.0,260.0,308.0,6,7,9.0,11.0
India,16.75000063578288,79.75001271565755,Sorghum,155.0,196.0,260.0,308.0,6,7,9.0,11.0
India,17.25000063578288,73.75001271565755,Sorghum,148.0,203.0,260.0,322.0,5,7,9.0,11.0
India,17.25000063578288,74.25001271565755,Sorghum,148.0,203.0,260.0,322.0,5,7,9.0,11.0
India,17.25000063578288,74.75001271565755,Sorghum,148.0,203.0,260.0,322.0,5,7,9.0,11.0
India,17.25000063578288,77.75001271565755,Sorghum,155.0,189.0,267.0,301.0,6,7,9.0,10.0
India,17.25000063578288,78.25001271565755,Sorghum,155.0,189.0,267.0,301.0,6,7,9.0,10.0
India,17.25000063578288,78.75001271565755,Sorghum,155.0,189.0,267.0,301.0,6,7,9.0,10.0
India,17.25000063578288,79.25001271565755,Sorghum,155.0,196.0,260.0,308.0,6,7,9.0,11.0
India,17.25000063578288,79.75001271565755,Sorghum,155.0,196.0,260.0,308.0,6,7,9.0,11.0
India,17.75000063578288,73.75001271565755,Sorghum,148.0,203.0,260.0,322.0,5,7,9.0,11.0
India,17.75000063578288,74.25001271565755,Sorghum,148.0,203.0,260.0,322.0,5,7,9.0,11.0
India,17.75000063578288,74.75001271565755,Sorghum,148.0,203.0,260.0,322.0,5,7,9.0,11.0
India,17.75000063578288,76.25001271565755,Sorghum,148.0,196.0,274.0,322.0,5,7,9.0,11.0
India,17.75000063578288,76.75001271565755,Sorghum,148.0,196.0,274.0,322.0,5,7,9.0,11.0
India,17.75000063578288,77.25001271565755,Sorghum,134.0,182.0,253.0,308.0,5,6,9.0,11.0
India,17.75000063578288,77.75001271565755,Sorghum,155.0,196.0,260.0,308.0,6,7,9.0,11.0
India,17.75000063578288,78.25001271565755,Sorghum,155.0,196.0,260.0,308.0,6,7,9.0,11.0
India,17.75000063578288,78.75001271565755,Sorghum,155.0,196.0,260.0,308.0,6,7,9.0,11.0
India,18.25000063578288,73.75001271565755,Sorghum,148.0,196.0,274.0,322.0,5,7,9.0,11.0
India,18.25000063578288,74.25001271565755,Sorghum,148.0,196.0,274.0,322.0,5,7,9.0,11.0
India,18.25000063578288,74.75001271565755,Sorghum,148.0,196.0,274.0,322.0,5,7,9.0,11.0
India,18.25000063578288,76.25001271565755,Sorghum,148.0,196.0,274.0,322.0,5,7,9.0,11.0
India,18.25000063578288,76.75001271565755,Sorghum,148.0,203.0,260.0,322.0,5,7,9.0,11.0
India,18.25000063578288,77.25001271565755,Sorghum,134.0,182.0,253.0,308.0,5,6,9.0,11.0
India,18.75000063578288,73.75001271565755,Sorghum,148.0,196.0,274.0,322.0,5,7,9.0,11.0
India,18.75000063578288,74.25001271565755,Sorghum,148.0,196.0,274.0,322.0,5,7,9.0,11.0
India,18.75000063578288,75.25001271565755,Sorghum,148.0,196.0,274.0,322.0,5,7,9.0,11.0
India,18.75000063578288,75.75001271565755,Sorghum,148.0,196.0,274.0,322.0,5,7,9.0,11.0
India,18.75000063578288,76.25001271565755,Sorghum,148.0,196.0,274.0,322.0,5,7,9.0,11.0
India,18.75000063578288,76.75001271565755,Sorghum,134.0,189.0,274.0,308.0,5,7,9.0,11.0
India,18.75000063578288,79.75001271565755,Sorghum,155.0,189.0,267.0,301.0,6,7,9.0,10.0
India,19.25000063578288,75.75001271565755,Sorghum,148.0,196.0,274.0,322.0,5,7,9.0,11.0
India,19.25000063578288,76.25001271565755,Sorghum,134.0,189.0,274.0,308.0,5,7,9.0,11.0
India,19.25000063578288,76.75001271565755,Sorghum,134.0,189.0,274.0,308.0,5,7,9.0,11.0
India,19.25000063578288,77.25001271565755,Sorghum,134.0,189.0,274.0,308.0,5,7,9.0,11.0
India,19.25000063578288,78.25001271565755,Sorghum,155.0,189.0,267.0,301.0,6,7,9.0,10.0
India,19.25000063578288,78.75001271565755,Sorghum,155.0,189.0,267.0,301.0,6,7,9.0,10.0
India,19.25000063578288,79.25001271565755,Sorghum,155.0,189.0,267.0,301.0,6,7,9.0,10.0
India,19.25000063578288,79.75001271565755,Sorghum,155.0,189.0,267.0,301.0,6,7,9.0,10.0
India,19.75000063578288,75.25001271565755,Sorghum,134.0,189.0,274.0,308.0,5,7,9.0,11.0
India,19.75000063578288,75.75001271565755,Sorghum,134.0,189.0,274.0,308.0,5,7,9.0,11.0
India,19.75000063578288,76.25001271565755,Sorghum,134.0,189.0,274.0,308.0,5,7,9.0,11.0
India,19.75000063578288,76.75001271565755,Sorghum,134.0,189.0,274.0,308.0,5,7,9.0,11.0
India,19.75000063578288,77.25001271565755,Sorghum,134.0,189.0,274.0,308.0,5,7,9.0,11.0
India,19.75000063578288,77.75001271565755,Sorghum,162.0,196.0,274.0,294.0,6,7,9.0,10.0
India,19.75000063578288,78.25001271565755,Sorghum,162.0,196.0,274.0,294.0,6,7,9.0,10.0
India,19.75000063578288,78.75001271565755,Sorghum,162.0,196.0,274.0,294.0,6,7,9.0,10.0
India,20.25000063578288,75.25001271565755,Sorghum,134.0,189.0,274.0,308.0,5,7,9.0,11.0
India,20.25000063578288,75.75001271565755,Sorghum,134.0,189.0,274.0,308.0,5,7,9.0,11.0
India,20.25000063578288,76.25001271565755,Sorghum,134.0,189.0,274.0,308.0,5,7,9.0,11.0
India,20.25000063578288,77.25001271565755,Sorghum,162.0,196.0,274.0,308.0,6,7,9.0,11.0
India,20.25000063578288,77.75001271565755,Sorghum,162.0,196.0,274.0,294.0,6,7,9.0,10.0
India,20.25000063578288,78.25001271565755,Sorghum,162.0,196.0,274.0,294.0,6,7,9.0,10.0
India,20.25000063578288,78.75001271565755,Sorghum,162.0,196.0,274.0,294.0,6,7,9.0,10.0
India,20.75000063578288,74.75001271565755,Sorghum,148.0,196.0,274.0,322.0,5,7,9.0,11.0
India,20.75000063578288,75.25001271565755,Sorghum,162.0,196.0,274.0,308.0,6,7,9.0,11.0
India,20.75000063578288,75.75001271565755,Sorghum,162.0,196.0,274.0,308.0,6,7,9.0,11.0
India,20.75000063578288,76.25001271565755,Sorghum,134.0,189.0,274.0,308.0,5,7,9.0,11.0
India,20.75000063578288,76.75001271565755,Sorghum,134.0,189.0,274.0,308.0,5,7,9.0,11.0
India,20.75000063578288,77.25001271565755,Sorghum,162.0,196.0,274.0,308.0,6,7,9.0,11.0
India,20.75000063578288,77.75001271565755,Sorghum,162.0,196.0,274.0,308.0,6,7,9.0,11.0
India,20.75000063578288,78.25001271565755,Sorghum,162.0,196.0,274.0,294.0,6,7,9.0,10.0
India,20.75000063578288,78.75001271565755,Sorghum,162.0,196.0,274.0,294.0,6,7,9.0,10.0
India,20.75000063578288,79.25001271565755,Sorghum,162.0,196.0,274.0,294.0,6,7,9.0,10.0
India,21.25000063578288,74.25001271565755,Sorghum,148.0,196.0,274.0,322.0,5,7,9.0,11.0
India,21.25000063578288,74.75001271565755,Sorghum,148.0,196.0,274.0,322.0,5,7,9.0,11.0
India,21.25000063578288,75.25001271565755,Sorghum,162.0,196.0,274.0,308.0,6,7,9.0,11.0
India,21.25000063578288,75.75001271565755,Sorghum,162.0,196.0,274.0,308.0,6,7,9.0,11.0
India,21.25000063578288,76.75001271565755,Sorghum,162.0,196.0,274.0,308.0,6,7,9.0,11.0
India,21.25000063578288,77.25001271565755,Sorghum,162.0,196.0,274.0,308.0,6,7,9.0,11.0
India,21.25000063578288,77.75001271565755,Sorghum,162.0,196.0,274.0,308.0,6,7,9.0,11.0
India,21.25000063578288,78.25001271565755,Sorghum,162.0,196.0,274.0,308.0,6,7,9.0,11.0
India,21.25000063578288,78.75001271565755,Sorghum,162.0,196.0,274.0,294.0,6,7,9.0,10.0
India,21.25000063578288,79.25001271565755,Sorghum,162.0,196.0,274.0,294.0,6,7,9.0,10.0
India,21.75000063578288,74.25001271565755,Sorghum,148.0,196.0,274.0,322.0,5,7,9.0,11.0
India,23.75000063578288,74.75001271565755,Sorghum,176.0,196.0,267.0,294.0,6,7,9.0,10.0
India,24.25000063578288,68.75001271565755,Sorghum,162.0,212.0,244.0,304.0,6,7,8.0,10.0
India,24.25000063578288,69.25001271565755,Sorghum,162.0,212.0,244.0,304.0,6,7,8.0,10.0
India,24.75000063578288,74.25001271565755,Sorghum,176.0,196.0,267.0,294.0,6,7,9.0,10.0
India,24.75000063578288,74.75001271565755,Sorghum,176.0,196.0,267.0,294.0,6,7,9.0,10.0
India,24.75000063578288,92.25001271565756,Sorghum,132.0,283.0,324.0,365.0,5,10,11.0,12.0
India,25.25000063578288,75.25001271565755,Sorghum,176.0,196.0,281.0,315.0,6,7,10.0,11.0
India,25.25000063578288,75.75001271565755,Sorghum,176.0,196.0,281.0,315.0,6,7,10.0,11.0
India,25.75000063578288,70.25001271565755,Sorghum,162.0,212.0,244.0,304.0,6,7,8.0,10.0
India,25.75000063578288,75.25001271565755,Sorghum,176.0,196.0,281.0,315.0,6,7,10.0,11.0
India,25.75000063578288,75.75001271565755,Sorghum,176.0,196.0,281.0,315.0,6,7,10.0,11.0
India,26.25000063578288,74.75001271565755,Sorghum,162.0,182.0,246.0,266.0,6,6,9.0,9.0
India,26.25000063578288,75.25001271565755,Sorghum,176.0,196.0,281.0,315.0,6,7,10.0,11.0
India,26.25000063578288,75.75001271565755,Sorghum,176.0,196.0,281.0,315.0,6,7,10.0,11.0
India,26.75000063578288,74.75001271565755,Sorghum,162.0,182.0,246.0,266.0,6,6,9.0,9.0
India,34.75000127156576,74.25001271565755,Sorghum,162.0,212.0,244.0,304.0,6,7,8.0,10.0
India,34.75000127156576,76.75001271565755,Sorghum,162.0,212.0,244.0,304.0,6,7,8.0,10.0
India,14.250000635782875,79.75001271565755,Sorghum 2,295.0,329.0,36.0,70.0,10,11,2.0,3.0
India,14.750000635782875,75.25001271565755,Sorghum 2,246.0,308.0,1.0,77.0,9,11,1.0,3.0
India,14.750000635782875,79.25001271565755,Sorghum 2,295.0,329.0,36.0,70.0,10,11,2.0,3.0
India,14.750000635782875,79.75001271565755,Sorghum 2,295.0,329.0,36.0,70.0,10,11,2.0,3.0
India,15.250000635782875,75.25001271565755,Sorghum 2,246.0,308.0,1.0,77.0,9,11,1.0,3.0
India,15.250000635782875,75.75001271565755,Sorghum 2,246.0,308.0,1.0,77.0,9,11,1.0,3.0
India,15.250000635782875,77.25001271565755,Sorghum 2,260.0,287.0,1.0,28.0,9,10,1.0,1.0
India,15.250000635782875,77.75001271565755,Sorghum 2,260.0,287.0,1.0,28.0,9,10,1.0,1.0
India,15.250000635782875,78.25001271565755,Sorghum 2,260.0,287.0,1.0,28.0,9,10,1.0,1.0
India,15.250000635782875,78.75001271565755,Sorghum 2,260.0,287.0,1.0,28.0,9,10,1.0,1.0
India,15.750000635782875,75.75001271565755,Sorghum 2,246.0,308.0,1.0,77.0,9,11,1.0,3.0
India,15.750000635782875,77.25001271565755,Sorghum 2,260.0,287.0,1.0,28.0,9,10,1.0,1.0
India,15.750000635782875,77.75001271565755,Sorghum 2,260.0,287.0,1.0,28.0,9,10,1.0,1.0
India,15.750000635782875,78.25001271565755,Sorghum 2,260.0,287.0,1.0,28.0,9,10,1.0,1.0
India,15.750000635782875,78.75001271565755,Sorghum 2,260.0,287.0,1.0,28.0,9,10,1.0,1.0
India,16.25000063578288,74.25001271565755,Sorghum 2,267.0,315.0,22.0,70.0,9,11,1.0,3.0
India,16.75000063578288,74.25001271565755,Sorghum 2,267.0,315.0,22.0,70.0,9,11,1.0,3.0
India,16.75000063578288,74.75001271565755,Sorghum 2,267.0,315.0,22.0,70.0,9,11,1.0,3.0
India,17.25000063578288,73.75001271565755,Sorghum 2,267.0,315.0,22.0,70.0,9,11,1.0,3.0
India,17.25000063578288,74.25001271565755,Sorghum 2,267.0,315.0,22.0,70.0,9,11,1.0,3.0
India,17.25000063578288,74.75001271565755,Sorghum 2,267.0,315.0,22.0,70.0,9,11,1.0,3.0
India,17.25000063578288,75.25001271565755,Sorghum 2,267.0,315.0,22.0,70.0,9,11,1.0,3.0
India,17.25000063578288,75.75001271565755,Sorghum 2,267.0,315.0,22.0,70.0,9,11,1.0,3.0
India,17.75000063578288,73.75001271565755,Sorghum 2,267.0,315.0,22.0,70.0,9,11,1.0,3.0
India,17.75000063578288,74.25001271565755,Sorghum 2,267.0,315.0,22.0,70.0,9,11,1.0,3.0
India,17.75000063578288,74.75001271565755,Sorghum 2,267.0,315.0,22.0,70.0,9,11,1.0,3.0
India,17.75000063578288,75.25001271565755,Sorghum 2,267.0,315.0,22.0,70.0,9,11,1.0,3.0
India,17.75000063578288,75.75001271565755,Sorghum 2,267.0,315.0,22.0,70.0,9,11,1.0,3.0
India,18.25000063578288,73.75001271565755,Sorghum 2,239.0,280.0,358.0,77.0,8,10,12.0,3.0
India,18.25000063578288,74.25001271565755,Sorghum 2,239.0,280.0,358.0,77.0,8,10,12.0,3.0
India,18.25000063578288,74.75001271565755,Sorghum 2,239.0,280.0,358.0,77.0,8,10,12.0,3.0
India,18.25000063578288,75.25001271565755,Sorghum 2,267.0,315.0,22.0,70.0,9,11,1.0,3.0
India,18.25000063578288,75.75001271565755,Sorghum 2,267.0,315.0,22.0,70.0,9,11,1.0,3.0
India,18.75000063578288,73.75001271565755,Sorghum 2,239.0,280.0,358.0,77.0,8,10,12.0,3.0
India,18.75000063578288,74.25001271565755,Sorghum 2,239.0,280.0,358.0,77.0,8,10,12.0,3.0
India,18.75000063578288,74.75001271565755,Sorghum 2,239.0,280.0,358.0,77.0,8,10,12.0,3.0
India,18.75000063578288,75.25001271565755,Sorghum 2,239.0,280.0,358.0,77.0,8,10,12.0,3.0
India,18.75000063578288,75.75001271565755,Sorghum 2,239.0,280.0,358.0,77.0,8,10,12.0,3.0
India,18.75000063578288,76.25001271565755,Sorghum 2,239.0,280.0,358.0,77.0,8,10,12.0,3.0
India,18.75000063578288,76.75001271565755,Sorghum 2,246.0,280.0,29.0,77.0,9,10,1.0,3.0
India,18.75000063578288,77.25001271565755,Sorghum 2,239.0,280.0,358.0,77.0,8,10,12.0,3.0
India,18.75000063578288,77.75001271565755,Sorghum 2,239.0,280.0,358.0,77.0,8,10,12.0,3.0
India,19.25000063578288,73.75001271565755,Sorghum 2,239.0,280.0,358.0,77.0,8,10,12.0,3.0
India,19.25000063578288,74.25001271565755,Sorghum 2,239.0,280.0,358.0,77.0,8,10,12.0,3.0
India,19.25000063578288,74.75001271565755,Sorghum 2,239.0,280.0,358.0,77.0,8,10,12.0,3.0
India,19.25000063578288,75.25001271565755,Sorghum 2,239.0,280.0,358.0,77.0,8,10,12.0,3.0
India,19.25000063578288,75.75001271565755,Sorghum 2,239.0,280.0,358.0,77.0,8,10,12.0,3.0
India,19.25000063578288,76.25001271565755,Sorghum 2,246.0,280.0,29.0,77.0,9,10,1.0,3.0
India,19.25000063578288,76.75001271565755,Sorghum 2,246.0,280.0,29.0,77.0,9,10,1.0,3.0
India,19.25000063578288,77.25001271565755,Sorghum 2,246.0,280.0,29.0,77.0,9,10,1.0,3.0
India,19.25000063578288,77.75001271565755,Sorghum 2,239.0,280.0,358.0,77.0,8,10,12.0,3.0
India,19.75000063578288,74.25001271565755,Sorghum 2,239.0,280.0,358.0,77.0,8,10,12.0,3.0
India,19.75000063578288,75.25001271565755,Sorghum 2,246.0,280.0,29.0,77.0,9,10,1.0,3.0
India,19.75000063578288,75.75001271565755,Sorghum 2,246.0,280.0,29.0,77.0,9,10,1.0,3.0
India,19.75000063578288,76.25001271565755,Sorghum 2,246.0,280.0,29.0,77.0,9,10,1.0,3.0
India,19.75000063578288,76.75001271565755,Sorghum 2,246.0,280.0,29.0,77.0,9,10,1.0,3.0
India,19.75000063578288,77.25001271565755,Sorghum 2,246.0,280.0,29.0,77.0,9,10,1.0,3.0
India,20.25000063578288,75.25001271565755,Sorghum 2,246.0,280.0,29.0,77.0,9,10,1.0,3.0
India,20.25000063578288,75.75001271565755,Sorghum 2,246.0,280.0,29.0,77.0,9,10,1.0,3.0
India,20.75000063578288,75.25001271565755,Sorghum 2,246.0,280.0,29.0,77.0,9,10,1.0,3.0
India,20.75000063578288,75.75001271565755,Sorghum 2,246.0,280.0,29.0,77.0,9,10,1.0,3.0
India,21.25000063578288,75.25001271565755,Sorghum 2,246.0,280.0,29.0,77.0,9,10,1.0,3.0
India,21.25000063578288,75.75001271565755,Sorghum 2,246.0,280.0,29.0,77.0,9,10,1.0,3.0
India,8.25000031789144,77.25001271565755,Soybeans,152.0,212.0,255.0,362.0,5,7,9.0,12.0
India,8.25000031789144,77.75001271565755,Soybeans,152.0,212.0,255.0,362.0,5,7,9.0,12.0
India,8.75000031789144,76.75001271565755,Soybeans,152.0,212.0,255.0,362.0,5,7,9.0,12.0
India,8.75000031789144,77.25001271565755,Soybeans,152.0,212.0,255.0,362.0,5,7,9.0,12.0
India,8.75000031789144,77.75001271565755,Soybeans,152.0,212.0,255.0,362.0,5,7,9.0,12.0
India,9.25000031789144,76.75001271565755,Soybeans,152.0,212.0,255.0,362.0,5,7,9.0,12.0
India,9.25000031789144,77.25001271565755,Soybeans,152.0,212.0,255.0,362.0,5,7,9.0,12.0
India,9.25000031789144,77.75001271565755,Soybeans,152.0,212.0,255.0,362.0,5,7,9.0,12.0
India,9.25000031789144,78.25001271565755,Soybeans,152.0,212.0,255.0,362.0,5,7,9.0,12.0
India,9.25000031789144,78.75001271565755,Soybeans,152.0,212.0,255.0,362.0,5,7,9.0,12.0
India,9.75000031789144,76.75001271565755,Soybeans,152.0,212.0,255.0,362.0,5,7,9.0,12.0
India,9.75000031789144,77.25001271565755,Soybeans,152.0,212.0,255.0,362.0,5,7,9.0,12.0
India,9.75000031789144,77.75001271565755,Soybeans,152.0,212.0,255.0,362.0,5,7,9.0,12.0
India,9.75000031789144,78.25001271565755,Soybeans,152.0,212.0,255.0,362.0,5,7,9.0,12.0
India,9.75000031789144,78.75001271565755,Soybeans,152.0,212.0,255.0,362.0,5,7,9.0,12.0
India,10.25000031789144,76.25001271565755,Soybeans,152.0,212.0,255.0,362.0,5,7,9.0,12.0
India,10.25000031789144,76.75001271565755,Soybeans,152.0,212.0,255.0,362.0,5,7,9.0,12.0
India,10.25000031789144,77.25001271565755,Soybeans,152.0,212.0,255.0,362.0,5,7,9.0,12.0
India,10.25000031789144,77.75001271565755,Soybeans,152.0,212.0,255.0,362.0,5,7,9.0,12.0
India,10.25000031789144,78.25001271565755,Soybeans,152.0,212.0,255.0,362.0,5,7,9.0,12.0
India,10.25000031789144,78.75001271565755,Soybeans,152.0,212.0,255.0,362.0,5,7,9.0,12.0
India,10.25000031789144,79.25001271565755,Soybeans,152.0,212.0,255.0,362.0,5,7,9.0,12.0
India,10.75000031789144,76.25001271565755,Soybeans,152.0,212.0,255.0,362.0,5,7,9.0,12.0
India,10.75000031789144,76.75001271565755,Soybeans,152.0,212.0,255.0,362.0,5,7,9.0,12.0
India,10.75000031789144,77.25001271565755,Soybeans,152.0,212.0,255.0,362.0,5,7,9.0,12.0
India,10.75000031789144,77.75001271565755,Soybeans,152.0,212.0,255.0,362.0,5,7,9.0,12.0
India,10.75000031789144,78.25001271565755,Soybeans,152.0,212.0,255.0,362.0,5,7,9.0,12.0
India,10.75000031789144,78.75001271565755,Soybeans,152.0,212.0,255.0,362.0,5,7,9.0,12.0
India,10.75000031789144,79.25001271565755,Soybeans,152.0,212.0,255.0,362.0,5,7,9.0,12.0
India,10.75000031789144,79.75001271565755,Soybeans,152.0,212.0,255.0,362.0,5,7,9.0,12.0
India,11.25000031789144,76.25001271565755,Soybeans,152.0,212.0,255.0,362.0,5,7,9.0,12.0
India,11.25000031789144,76.75001271565755,Soybeans,152.0,212.0,255.0,362.0,5,7,9.0,12.0
India,11.25000031789144,77.25001271565755,Soybeans,152.0,212.0,255.0,362.0,5,7,9.0,12.0
India,11.25000031789144,77.75001271565755,Soybeans,152.0,212.0,255.0,362.0,5,7,9.0,12.0
India,11.25000031789144,78.25001271565755,Soybeans,152.0,212.0,255.0,362.0,5,7,9.0,12.0
India,11.25000031789144,78.75001271565755,Soybeans,152.0,212.0,255.0,362.0,5,7,9.0,12.0
India,11.25000031789144,79.25001271565755,Soybeans,152.0,212.0,255.0,362.0,5,7,9.0,12.0
India,11.25000031789144,79.75001271565755,Soybeans,152.0,212.0,255.0,362.0,5,7,9.0,12.0
India,11.750000635782875,75.75001271565755,Soybeans,152.0,212.0,255.0,362.0,5,7,9.0,12.0
India,11.750000635782875,76.25001271565755,Soybeans,152.0,212.0,255.0,362.0,5,7,9.0,12.0
India,11.750000635782875,76.75001271565755,Soybeans,152.0,212.0,255.0,362.0,5,7,9.0,12.0
India,11.750000635782875,77.25001271565755,Soybeans,152.0,212.0,255.0,362.0,5,7,9.0,12.0
India,11.750000635782875,77.75001271565755,Soybeans,152.0,212.0,255.0,362.0,5,7,9.0,12.0
India,11.750000635782875,78.25001271565755,Soybeans,152.0,212.0,255.0,362.0,5,7,9.0,12.0
India,11.750000635782875,78.75001271565755,Soybeans,152.0,212.0,255.0,362.0,5,7,9.0,12.0
India,11.750000635782875,79.25001271565755,Soybeans,152.0,212.0,255.0,362.0,5,7,9.0,12.0
India,11.750000635782875,79.75001271565755,Soybeans,152.0,212.0,255.0,362.0,5,7,9.0,12.0
India,11.750000635782875,92.75001271565756,Soybeans,152.0,212.0,255.0,362.0,5,7,9.0,12.0
India,12.250000635782875,75.25001271565755,Soybeans,152.0,212.0,255.0,362.0,5,7,9.0,12.0
India,12.250000635782875,75.75001271565755,Soybeans,152.0,212.0,255.0,362.0,5,7,9.0,12.0
India,12.250000635782875,76.25001271565755,Soybeans,152.0,212.0,255.0,362.0,5,7,9.0,12.0
India,12.250000635782875,76.75001271565755,Soybeans,152.0,212.0,255.0,362.0,5,7,9.0,12.0
India,12.250000635782875,77.25001271565755,Soybeans,152.0,212.0,255.0,362.0,5,7,9.0,12.0
India,12.250000635782875,77.75001271565755,Soybeans,152.0,212.0,255.0,362.0,5,7,9.0,12.0
India,12.250000635782875,78.25001271565755,Soybeans,152.0,212.0,255.0,362.0,5,7,9.0,12.0
India,12.250000635782875,78.75001271565755,Soybeans,152.0,212.0,255.0,362.0,5,7,9.0,12.0
India,12.250000635782875,79.25001271565755,Soybeans,152.0,212.0,255.0,362.0,5,7,9.0,12.0
India,12.250000635782875,79.75001271565755,Soybeans,152.0,212.0,255.0,362.0,5,7,9.0,12.0
India,12.750000635782875,75.25001271565755,Soybeans,152.0,212.0,255.0,362.0,5,7,9.0,12.0
India,12.750000635782875,75.75001271565755,Soybeans,152.0,212.0,255.0,362.0,5,7,9.0,12.0
India,12.750000635782875,76.25001271565755,Soybeans,152.0,212.0,255.0,362.0,5,7,9.0,12.0
India,12.750000635782875,76.75001271565755,Soybeans,152.0,212.0,255.0,362.0,5,7,9.0,12.0
India,12.750000635782875,77.25001271565755,Soybeans,152.0,212.0,255.0,362.0,5,7,9.0,12.0
India,12.750000635782875,77.75001271565755,Soybeans,152.0,212.0,255.0,362.0,5,7,9.0,12.0
India,12.750000635782875,78.25001271565755,Soybeans,152.0,212.0,255.0,362.0,5,7,9.0,12.0
India,12.750000635782875,78.75001271565755,Soybeans,152.0,212.0,255.0,362.0,5,7,9.0,12.0
India,12.750000635782875,79.25001271565755,Soybeans,152.0,212.0,255.0,362.0,5,7,9.0,12.0
India,12.750000635782875,79.75001271565755,Soybeans,152.0,212.0,255.0,362.0,5,7,9.0,12.0
India,12.750000635782875,92.75001271565756,Soybeans,152.0,212.0,255.0,362.0,5,7,9.0,12.0
India,13.250000635782875,74.75001271565755,Soybeans,152.0,212.0,255.0,362.0,5,7,9.0,12.0
India,13.250000635782875,75.25001271565755,Soybeans,152.0,212.0,255.0,362.0,5,7,9.0,12.0
India,13.250000635782875,75.75001271565755,Soybeans,152.0,212.0,255.0,362.0,5,7,9.0,12.0
India,13.250000635782875,76.25001271565755,Soybeans,152.0,212.0,255.0,362.0,5,7,9.0,12.0
India,13.250000635782875,76.75001271565755,Soybeans,152.0,212.0,255.0,362.0,5,7,9.0,12.0
India,13.250000635782875,77.25001271565755,Soybeans,152.0,212.0,255.0,362.0,5,7,9.0,12.0
India,13.250000635782875,77.75001271565755,Soybeans,152.0,212.0,255.0,362.0,5,7,9.0,12.0
India,13.250000635782875,78.25001271565755,Soybeans,152.0,212.0,255.0,362.0,5,7,9.0,12.0
India,13.250000635782875,78.75001271565755,Soybeans,152.0,212.0,255.0,362.0,5,7,9.0,12.0
India,13.250000635782875,79.25001271565755,Soybeans,152.0,212.0,255.0,362.0,5,7,9.0,12.0
India,13.250000635782875,79.75001271565755,Soybeans,152.0,212.0,255.0,362.0,5,7,9.0,12.0
India,13.250000635782875,80.25001271565755,Soybeans,152.0,212.0,255.0,362.0,5,7,9.0,12.0
India,13.750000635782875,74.75001271565755,Soybeans,152.0,212.0,255.0,362.0,5,7,9.0,12.0
India,13.750000635782875,75.25001271565755,Soybeans,152.0,212.0,255.0,362.0,5,7,9.0,12.0
India,13.750000635782875,75.75001271565755,Soybeans,152.0,212.0,255.0,362.0,5,7,9.0,12.0
India,13.750000635782875,76.25001271565755,Soybeans,152.0,212.0,255.0,362.0,5,7,9.0,12.0
India,13.750000635782875,76.75001271565755,Soybeans,152.0,212.0,255.0,362.0,5,7,9.0,12.0
India,13.750000635782875,77.25001271565755,Soybeans,152.0,212.0,255.0,362.0,5,7,9.0,12.0
India,13.750000635782875,77.75001271565755,Soybeans,152.0,212.0,255.0,362.0,5,7,9.0,12.0
India,13.750000635782875,78.25001271565755,Soybeans,152.0,212.0,255.0,362.0,5,7,9.0,12.0
India,13.750000635782875,78.75001271565755,Soybeans,152.0,212.0,255.0,362.0,5,7,9.0,12.0
India,13.750000635782875,79.25001271565755,Soybeans,152.0,212.0,255.0,362.0,5,7,9.0,12.0
India,13.750000635782875,79.75001271565755,Soybeans,152.0,212.0,255.0,362.0,5,7,9.0,12.0
India,14.250000635782875,74.75001271565755,Soybeans,152.0,212.0,255.0,362.0,5,7,9.0,12.0
India,14.250000635782875,75.25001271565755,Soybeans,152.0,212.0,255.0,362.0,5,7,9.0,12.0
India,14.250000635782875,75.75001271565755,Soybeans,152.0,212.0,255.0,362.0,5,7,9.0,12.0
India,14.250000635782875,76.25001271565755,Soybeans,152.0,212.0,255.0,362.0,5,7,9.0,12.0
India,14.250000635782875,76.75001271565755,Soybeans,152.0,212.0,255.0,362.0,5,7,9.0,12.0
India,14.250000635782875,77.25001271565755,Soybeans,152.0,212.0,255.0,362.0,5,7,9.0,12.0
India,14.250000635782875,77.75001271565755,Soybeans,152.0,212.0,255.0,362.0,5,7,9.0,12.0
India,14.250000635782875,78.25001271565755,Soybeans,152.0,212.0,255.0,362.0,5,7,9.0,12.0
India,14.250000635782875,78.75001271565755,Soybeans,152.0,212.0,255.0,362.0,5,7,9.0,12.0
India,14.250000635782875,79.25001271565755,Soybeans,152.0,212.0,255.0,362.0,5,7,9.0,12.0
India,14.250000635782875,79.75001271565755,Soybeans,152.0,212.0,255.0,362.0,5,7,9.0,12.0
India,14.750000635782875,74.25001271565755,Soybeans,152.0,212.0,255.0,362.0,5,7,9.0,12.0
India,14.750000635782875,74.75001271565755,Soybeans,152.0,212.0,255.0,362.0,5,7,9.0,12.0
India,14.750000635782875,75.25001271565755,Soybeans,152.0,212.0,255.0,362.0,5,7,9.0,12.0
India,14.750000635782875,75.75001271565755,Soybeans,152.0,212.0,255.0,362.0,5,7,9.0,12.0
India,14.750000635782875,76.25001271565755,Soybeans,152.0,212.0,255.0,362.0,5,7,9.0,12.0
India,14.750000635782875,76.75001271565755,Soybeans,152.0,212.0,255.0,362.0,5,7,9.0,12.0
India,14.750000635782875,77.25001271565755,Soybeans,152.0,212.0,255.0,362.0,5,7,9.0,12.0
India,14.750000635782875,77.75001271565755,Soybeans,152.0,212.0,255.0,362.0,5,7,9.0,12.0
India,14.750000635782875,78.25001271565755,Soybeans,152.0,212.0,255.0,362.0,5,7,9.0,12.0
India,14.750000635782875,78.75001271565755,Soybeans,152.0,212.0,255.0,362.0,5,7,9.0,12.0
India,14.750000635782875,79.25001271565755,Soybeans,152.0,212.0,255.0,362.0,5,7,9.0,12.0
India,14.750000635782875,79.75001271565755,Soybeans,152.0,212.0,255.0,362.0,5,7,9.0,12.0
India,15.250000635782875,74.25001271565755,Soybeans,152.0,212.0,255.0,362.0,5,7,9.0,12.0
India,15.250000635782875,74.75001271565755,Soybeans,152.0,212.0,255.0,362.0,5,7,9.0,12.0
India,15.250000635782875,75.25001271565755,Soybeans,152.0,212.0,255.0,362.0,5,7,9.0,12.0
India,15.250000635782875,75.75001271565755,Soybeans,152.0,212.0,255.0,362.0,5,7,9.0,12.0
India,15.250000635782875,76.25001271565755,Soybeans,152.0,212.0,255.0,362.0,5,7,9.0,12.0
India,15.250000635782875,76.75001271565755,Soybeans,152.0,212.0,255.0,362.0,5,7,9.0,12.0
India,15.250000635782875,77.25001271565755,Soybeans,152.0,212.0,255.0,362.0,5,7,9.0,12.0
India,15.250000635782875,77.75001271565755,Soybeans,152.0,212.0,255.0,362.0,5,7,9.0,12.0
India,15.250000635782875,78.25001271565755,Soybeans,152.0,212.0,255.0,362.0,5,7,9.0,12.0
India,15.250000635782875,78.75001271565755,Soybeans,152.0,212.0,255.0,362.0,5,7,9.0,12.0
India,15.250000635782875,79.25001271565755,Soybeans,152.0,212.0,255.0,362.0,5,7,9.0,12.0
India,15.250000635782875,79.75001271565755,Soybeans,152.0,212.0,255.0,362.0,5,7,9.0,12.0
India,15.750000635782875,73.75001271565755,Soybeans,152.0,212.0,255.0,362.0,5,7,9.0,12.0
India,15.750000635782875,74.25001271565755,Soybeans,152.0,212.0,255.0,362.0,5,7,9.0,12.0
India,15.750000635782875,74.75001271565755,Soybeans,152.0,212.0,255.0,362.0,5,7,9.0,12.0
India,15.750000635782875,75.25001271565755,Soybeans,152.0,212.0,255.0,362.0,5,7,9.0,12.0
India,15.750000635782875,75.75001271565755,Soybeans,152.0,212.0,255.0,362.0,5,7,9.0,12.0
India,15.750000635782875,76.25001271565755,Soybeans,152.0,212.0,255.0,362.0,5,7,9.0,12.0
India,15.750000635782875,76.75001271565755,Soybeans,152.0,212.0,255.0,362.0,5,7,9.0,12.0
India,15.750000635782875,77.25001271565755,Soybeans,152.0,212.0,255.0,362.0,5,7,9.0,12.0
India,15.750000635782875,77.75001271565755,Soybeans,152.0,212.0,255.0,362.0,5,7,9.0,12.0
India,15.750000635782875,78.25001271565755,Soybeans,152.0,212.0,255.0,362.0,5,7,9.0,12.0
India,15.750000635782875,78.75001271565755,Soybeans,152.0,212.0,255.0,362.0,5,7,9.0,12.0
India,15.750000635782875,79.25001271565755,Soybeans,152.0,212.0,255.0,362.0,5,7,9.0,12.0
India,15.750000635782875,79.75001271565755,Soybeans,152.0,212.0,255.0,362.0,5,7,9.0,12.0
India,15.750000635782875,80.25001271565755,Soybeans,152.0,212.0,255.0,362.0,5,7,9.0,12.0
India,16.25000063578288,73.75001271565755,Soybeans,152.0,212.0,255.0,362.0,5,7,9.0,12.0
India,16.25000063578288,74.25001271565755,Soybeans,162.0,196.0,288.0,329.0,6,7,10.0,11.0
India,16.25000063578288,74.75001271565755,Soybeans,152.0,212.0,255.0,362.0,5,7,9.0,12.0
India,16.25000063578288,75.25001271565755,Soybeans,152.0,212.0,255.0,362.0,5,7,9.0,12.0
India,16.25000063578288,75.75001271565755,Soybeans,152.0,212.0,255.0,362.0,5,7,9.0,12.0
India,16.25000063578288,76.25001271565755,Soybeans,152.0,212.0,255.0,362.0,5,7,9.0,12.0
India,16.25000063578288,76.75001271565755,Soybeans,152.0,212.0,255.0,362.0,5,7,9.0,12.0
India,16.25000063578288,77.25001271565755,Soybeans,152.0,212.0,255.0,362.0,5,7,9.0,12.0
India,16.25000063578288,77.75001271565755,Soybeans,152.0,212.0,255.0,362.0,5,7,9.0,12.0
India,16.25000063578288,78.25001271565755,Soybeans,152.0,212.0,255.0,362.0,5,7,9.0,12.0
India,16.25000063578288,78.75001271565755,Soybeans,152.0,212.0,255.0,362.0,5,7,9.0,12.0
India,16.25000063578288,79.25001271565755,Soybeans,152.0,212.0,255.0,362.0,5,7,9.0,12.0
India,16.25000063578288,79.75001271565755,Soybeans,152.0,212.0,255.0,362.0,5,7,9.0,12.0
India,16.25000063578288,80.25001271565755,Soybeans,152.0,212.0,255.0,362.0,5,7,9.0,12.0
India,16.25000063578288,80.75001271565755,Soybeans,152.0,212.0,255.0,362.0,5,7,9.0,12.0
India,16.75000063578288,73.75001271565755,Soybeans,152.0,212.0,255.0,362.0,5,7,9.0,12.0
India,16.75000063578288,74.25001271565755,Soybeans,162.0,196.0,288.0,329.0,6,7,10.0,11.0
India,16.75000063578288,74.75001271565755,Soybeans,152.0,212.0,255.0,362.0,5,7,9.0,12.0
India,16.75000063578288,75.25001271565755,Soybeans,152.0,212.0,255.0,362.0,5,7,9.0,12.0
India,16.75000063578288,75.75001271565755,Soybeans,152.0,212.0,255.0,362.0,5,7,9.0,12.0
India,16.75000063578288,76.25001271565755,Soybeans,152.0,212.0,255.0,362.0,5,7,9.0,12.0
India,16.75000063578288,76.75001271565755,Soybeans,152.0,212.0,255.0,362.0,5,7,9.0,12.0
India,16.75000063578288,77.25001271565755,Soybeans,152.0,212.0,255.0,362.0,5,7,9.0,12.0
India,16.75000063578288,77.75001271565755,Soybeans,152.0,212.0,255.0,362.0,5,7,9.0,12.0
India,16.75000063578288,78.25001271565755,Soybeans,152.0,212.0,255.0,362.0,5,7,9.0,12.0
India,16.75000063578288,78.75001271565755,Soybeans,152.0,212.0,255.0,362.0,5,7,9.0,12.0
India,16.75000063578288,79.25001271565755,Soybeans,152.0,212.0,255.0,362.0,5,7,9.0,12.0
India,16.75000063578288,79.75001271565755,Soybeans,152.0,212.0,255.0,362.0,5,7,9.0,12.0
India,16.75000063578288,80.25001271565755,Soybeans,152.0,212.0,255.0,362.0,5,7,9.0,12.0
India,16.75000063578288,80.75001271565755,Soybeans,152.0,212.0,255.0,362.0,5,7,9.0,12.0
India,16.75000063578288,81.25001271565755,Soybeans,152.0,212.0,255.0,362.0,5,7,9.0,12.0
India,16.75000063578288,81.75001271565755,Soybeans,152.0,212.0,255.0,362.0,5,7,9.0,12.0
India,16.75000063578288,82.25001271565755,Soybeans,152.0,212.0,255.0,362.0,5,7,9.0,12.0
India,17.25000063578288,73.25001271565755,Soybeans,152.0,212.0,255.0,362.0,5,7,9.0,12.0
India,17.25000063578288,73.75001271565755,Soybeans,152.0,212.0,255.0,362.0,5,7,9.0,12.0
India,17.25000063578288,74.25001271565755,Soybeans,152.0,212.0,255.0,362.0,5,7,9.0,12.0
India,17.25000063578288,74.75001271565755,Soybeans,152.0,212.0,255.0,362.0,5,7,9.0,12.0
India,17.25000063578288,75.25001271565755,Soybeans,152.0,212.0,255.0,362.0,5,7,9.0,12.0
India,17.25000063578288,75.75001271565755,Soybeans,152.0,212.0,255.0,362.0,5,7,9.0,12.0
India,17.25000063578288,76.25001271565755,Soybeans,152.0,212.0,255.0,362.0,5,7,9.0,12.0
India,17.25000063578288,76.75001271565755,Soybeans,152.0,212.0,255.0,362.0,5,7,9.0,12.0
India,17.25000063578288,77.25001271565755,Soybeans,152.0,212.0,255.0,362.0,5,7,9.0,12.0
India,17.25000063578288,77.75001271565755,Soybeans,152.0,212.0,255.0,362.0,5,7,9.0,12.0
India,17.25000063578288,78.25001271565755,Soybeans,152.0,212.0,255.0,362.0,5,7,9.0,12.0
India,17.25000063578288,78.75001271565755,Soybeans,152.0,212.0,255.0,362.0,5,7,9.0,12.0
India,17.25000063578288,79.25001271565755,Soybeans,152.0,212.0,255.0,362.0,5,7,9.0,12.0
India,17.25000063578288,79.75001271565755,Soybeans,152.0,212.0,255.0,362.0,5,7,9.0,12.0
India,17.25000063578288,80.25001271565755,Soybeans,152.0,212.0,255.0,362.0,5,7,9.0,12.0
India,17.25000063578288,80.75001271565755,Soybeans,152.0,212.0,255.0,362.0,5,7,9.0,12.0
India,17.25000063578288,81.25001271565755,Soybeans,152.0,212.0,255.0,362.0,5,7,9.0,12.0
India,17.25000063578288,81.75001271565755,Soybeans,152.0,212.0,255.0,362.0,5,7,9.0,12.0
India,17.25000063578288,82.25001271565755,Soybeans,152.0,212.0,255.0,362.0,5,7,9.0,12.0
India,17.75000063578288,73.25001271565755,Soybeans,152.0,212.0,255.0,362.0,5,7,9.0,12.0
India,17.75000063578288,73.75001271565755,Soybeans,152.0,212.0,255.0,362.0,5,7,9.0,12.0
India,17.75000063578288,74.25001271565755,Soybeans,152.0,212.0,255.0,362.0,5,7,9.0,12.0
India,17.75000063578288,74.75001271565755,Soybeans,152.0,212.0,255.0,362.0,5,7,9.0,12.0
India,17.75000063578288,75.25001271565755,Soybeans,152.0,212.0,255.0,362.0,5,7,9.0,12.0
India,17.75000063578288,75.75001271565755,Soybeans,152.0,212.0,255.0,362.0,5,7,9.0,12.0
India,17.75000063578288,76.25001271565755,Soybeans,152.0,212.0,255.0,362.0,5,7,9.0,12.0
India,17.75000063578288,76.75001271565755,Soybeans,152.0,212.0,255.0,362.0,5,7,9.0,12.0
India,17.75000063578288,77.25001271565755,Soybeans,152.0,212.0,255.0,362.0,5,7,9.0,12.0
India,17.75000063578288,77.75001271565755,Soybeans,152.0,212.0,255.0,362.0,5,7,9.0,12.0
India,17.75000063578288,78.25001271565755,Soybeans,152.0,212.0,255.0,362.0,5,7,9.0,12.0
India,17.75000063578288,78.75001271565755,Soybeans,152.0,212.0,255.0,362.0,5,7,9.0,12.0
India,17.75000063578288,79.25001271565755,Soybeans,152.0,212.0,255.0,362.0,5,7,9.0,12.0
India,17.75000063578288,79.75001271565755,Soybeans,152.0,212.0,255.0,362.0,5,7,9.0,12.0
India,17.75000063578288,80.25001271565755,Soybeans,152.0,212.0,255.0,362.0,5,7,9.0,12.0
India,17.75000063578288,80.75001271565755,Soybeans,152.0,212.0,255.0,362.0,5,7,9.0,12.0
India,17.75000063578288,81.25001271565755,Soybeans,152.0,212.0,255.0,362.0,5,7,9.0,12.0
India,17.75000063578288,81.75001271565755,Soybeans,152.0,212.0,255.0,362.0,5,7,9.0,12.0
India,17.75000063578288,82.25001271565755,Soybeans,152.0,212.0,255.0,362.0,5,7,9.0,12.0
India,17.75000063578288,82.75001271565755,Soybeans,152.0,212.0,255.0,362.0,5,7,9.0,12.0
India,17.75000063578288,83.25001271565755,Soybeans,152.0,212.0,255.0,362.0,5,7,9.0,12.0
India,18.25000063578288,73.25001271565755,Soybeans,152.0,212.0,255.0,362.0,5,7,9.0,12.0
India,18.25000063578288,73.75001271565755,Soybeans,152.0,212.0,255.0,362.0,5,7,9.0,12.0
India,18.25000063578288,74.25001271565755,Soybeans,152.0,212.0,255.0,362.0,5,7,9.0,12.0
India,18.25000063578288,74.75001271565755,Soybeans,152.0,212.0,255.0,362.0,5,7,9.0,12.0
India,18.25000063578288,75.25001271565755,Soybeans,152.0,212.0,255.0,362.0,5,7,9.0,12.0
India,18.25000063578288,75.75001271565755,Soybeans,152.0,212.0,255.0,362.0,5,7,9.0,12.0
India,18.25000063578288,76.25001271565755,Soybeans,152.0,212.0,255.0,362.0,5,7,9.0,12.0
India,18.25000063578288,76.75001271565755,Soybeans,152.0,212.0,255.0,362.0,5,7,9.0,12.0
India,18.25000063578288,77.25001271565755,Soybeans,152.0,212.0,255.0,362.0,5,7,9.0,12.0
India,18.25000063578288,77.75001271565755,Soybeans,152.0,212.0,255.0,362.0,5,7,9.0,12.0
India,18.25000063578288,78.25001271565755,Soybeans,152.0,212.0,255.0,362.0,5,7,9.0,12.0
India,18.25000063578288,78.75001271565755,Soybeans,152.0,212.0,255.0,362.0,5,7,9.0,12.0
India,18.25000063578288,79.25001271565755,Soybeans,152.0,212.0,255.0,362.0,5,7,9.0,12.0
India,18.25000063578288,79.75001271565755,Soybeans,152.0,212.0,255.0,362.0,5,7,9.0,12.0
India,18.25000063578288,80.25001271565755,Soybeans,152.0,212.0,255.0,362.0,5,7,9.0,12.0
India,18.25000063578288,80.75001271565755,Soybeans,152.0,212.0,255.0,362.0,5,7,9.0,12.0
India,18.25000063578288,81.25001271565755,Soybeans,152.0,212.0,255.0,362.0,5,7,9.0,12.0
India,18.25000063578288,81.75001271565755,Soybeans,152.0,212.0,255.0,362.0,5,7,9.0,12.0
India,18.25000063578288,82.25001271565755,Soybeans,152.0,212.0,255.0,362.0,5,7,9.0,12.0
India,18.25000063578288,82.75001271565755,Soybeans,152.0,212.0,255.0,362.0,5,7,9.0,12.0
India,18.25000063578288,83.25001271565755,Soybeans,152.0,212.0,255.0,362.0,5,7,9.0,12.0
India,18.25000063578288,83.75001271565755,Soybeans,152.0,212.0,255.0,362.0,5,7,9.0,12.0
India,18.75000063578288,73.25001271565755,Soybeans,152.0,212.0,255.0,362.0,5,7,9.0,12.0
India,18.75000063578288,73.75001271565755,Soybeans,152.0,212.0,255.0,362.0,5,7,9.0,12.0
India,18.75000063578288,74.25001271565755,Soybeans,152.0,212.0,255.0,362.0,5,7,9.0,12.0
India,18.75000063578288,74.75001271565755,Soybeans,152.0,212.0,255.0,362.0,5,7,9.0,12.0
India,18.75000063578288,75.25001271565755,Soybeans,152.0,212.0,255.0,362.0,5,7,9.0,12.0
India,18.75000063578288,75.75001271565755,Soybeans,152.0,212.0,255.0,362.0,5,7,9.0,12.0
India,18.75000063578288,76.25001271565755,Soybeans,152.0,212.0,255.0,362.0,5,7,9.0,12.0
India,18.75000063578288,76.75001271565755,Soybeans,152.0,212.0,255.0,362.0,5,7,9.0,12.0
India,18.75000063578288,77.25001271565755,Soybeans,152.0,212.0,255.0,362.0,5,7,9.0,12.0
India,18.75000063578288,77.75001271565755,Soybeans,152.0,212.0,255.0,362.0,5,7,9.0,12.0
India,18.75000063578288,78.25001271565755,Soybeans,152.0,212.0,255.0,362.0,5,7,9.0,12.0
India,18.75000063578288,78.75001271565755,Soybeans,152.0,212.0,255.0,362.0,5,7,9.0,12.0
India,18.75000063578288,79.25001271565755,Soybeans,152.0,212.0,255.0,362.0,5,7,9.0,12.0
India,18.75000063578288,79.75001271565755,Soybeans,152.0,212.0,255.0,362.0,5,7,9.0,12.0
India,18.75000063578288,80.25001271565755,Soybeans,152.0,212.0,255.0,362.0,5,7,9.0,12.0
India,18.75000063578288,80.75001271565755,Soybeans,152.0,212.0,255.0,362.0,5,7,9.0,12.0
India,18.75000063578288,81.25001271565755,Soybeans,152.0,212.0,255.0,362.0,5,7,9.0,12.0
India,18.75000063578288,81.75001271565755,Soybeans,152.0,212.0,255.0,362.0,5,7,9.0,12.0
India,18.75000063578288,82.25001271565755,Soybeans,152.0,212.0,255.0,362.0,5,7,9.0,12.0
India,18.75000063578288,82.75001271565755,Soybeans,152.0,212.0,255.0,362.0,5,7,9.0,12.0
India,18.75000063578288,83.25001271565755,Soybeans,152.0,212.0,255.0,362.0,5,7,9.0,12.0
India,18.75000063578288,83.75001271565755,Soybeans,152.0,212.0,255.0,362.0,5,7,9.0,12.0
India,18.75000063578288,84.25001271565755,Soybeans,152.0,212.0,255.0,362.0,5,7,9.0,12.0
India,19.25000063578288,73.25001271565755,Soybeans,152.0,212.0,255.0,362.0,5,7,9.0,12.0
India,19.25000063578288,73.75001271565755,Soybeans,152.0,212.0,255.0,362.0,5,7,9.0,12.0
India,19.25000063578288,74.25001271565755,Soybeans,152.0,212.0,255.0,362.0,5,7,9.0,12.0
India,19.25000063578288,74.75001271565755,Soybeans,152.0,212.0,255.0,362.0,5,7,9.0,12.0
India,19.25000063578288,75.25001271565755,Soybeans,152.0,212.0,255.0,362.0,5,7,9.0,12.0
India,19.25000063578288,75.75001271565755,Soybeans,152.0,212.0,255.0,362.0,5,7,9.0,12.0
India,19.25000063578288,76.25001271565755,Soybeans,152.0,212.0,255.0,362.0,5,7,9.0,12.0
India,19.25000063578288,76.75001271565755,Soybeans,152.0,212.0,255.0,362.0,5,7,9.0,12.0
India,19.25000063578288,77.25001271565755,Soybeans,152.0,212.0,255.0,362.0,5,7,9.0,12.0
India,19.25000063578288,77.75001271565755,Soybeans,152.0,212.0,255.0,362.0,5,7,9.0,12.0
India,19.25000063578288,78.25001271565755,Soybeans,152.0,212.0,255.0,362.0,5,7,9.0,12.0
India,19.25000063578288,78.75001271565755,Soybeans,152.0,212.0,255.0,362.0,5,7,9.0,12.0
India,19.25000063578288,79.25001271565755,Soybeans,152.0,212.0,255.0,362.0,5,7,9.0,12.0
India,19.25000063578288,79.75001271565755,Soybeans,152.0,212.0,255.0,362.0,5,7,9.0,12.0
India,19.25000063578288,80.25001271565755,Soybeans,152.0,212.0,255.0,362.0,5,7,9.0,12.0
India,19.25000063578288,80.75001271565755,Soybeans,152.0,212.0,255.0,362.0,5,7,9.0,12.0
India,19.25000063578288,81.25001271565755,Soybeans,152.0,212.0,255.0,362.0,5,7,9.0,12.0
India,19.25000063578288,81.75001271565755,Soybeans,152.0,212.0,255.0,362.0,5,7,9.0,12.0
India,19.25000063578288,82.25001271565755,Soybeans,152.0,212.0,255.0,362.0,5,7,9.0,12.0
India,19.25000063578288,82.75001271565755,Soybeans,152.0,212.0,255.0,362.0,5,7,9.0,12.0
India,19.25000063578288,83.25001271565755,Soybeans,152.0,212.0,255.0,362.0,5,7,9.0,12.0
India,19.25000063578288,83.75001271565755,Soybeans,152.0,212.0,255.0,362.0,5,7,9.0,12.0
India,19.25000063578288,84.25001271565755,Soybeans,152.0,212.0,255.0,362.0,5,7,9.0,12.0
India,19.25000063578288,84.75001271565755,Soybeans,152.0,212.0,255.0,362.0,5,7,9.0,12.0
India,19.75000063578288,72.75001271565755,Soybeans,152.0,212.0,255.0,362.0,5,7,9.0,12.0
India,19.75000063578288,73.25001271565755,Soybeans,152.0,212.0,255.0,362.0,5,7,9.0,12.0
India,19.75000063578288,73.75001271565755,Soybeans,152.0,212.0,255.0,362.0,5,7,9.0,12.0
India,19.75000063578288,74.25001271565755,Soybeans,152.0,212.0,255.0,362.0,5,7,9.0,12.0
India,19.75000063578288,74.75001271565755,Soybeans,152.0,212.0,255.0,362.0,5,7,9.0,12.0
India,19.75000063578288,75.25001271565755,Soybeans,152.0,212.0,255.0,362.0,5,7,9.0,12.0
India,19.75000063578288,75.75001271565755,Soybeans,152.0,212.0,255.0,362.0,5,7,9.0,12.0
India,19.75000063578288,76.25001271565755,Soybeans,152.0,212.0,255.0,362.0,5,7,9.0,12.0
India,19.75000063578288,76.75001271565755,Soybeans,152.0,212.0,255.0,362.0,5,7,9.0,12.0
India,19.75000063578288,77.25001271565755,Soybeans,152.0,212.0,255.0,362.0,5,7,9.0,12.0
India,19.75000063578288,77.75001271565755,Soybeans,152.0,212.0,255.0,362.0,5,7,9.0,12.0
India,19.75000063578288,78.25001271565755,Soybeans,152.0,212.0,255.0,362.0,5,7,9.0,12.0
India,19.75000063578288,78.75001271565755,Soybeans,152.0,212.0,255.0,362.0,5,7,9.0,12.0
India,19.75000063578288,79.25001271565755,Soybeans,152.0,212.0,255.0,362.0,5,7,9.0,12.0
India,19.75000063578288,79.75001271565755,Soybeans,152.0,212.0,255.0,362.0,5,7,9.0,12.0
India,19.75000063578288,80.25001271565755,Soybeans,152.0,212.0,255.0,362.0,5,7,9.0,12.0
India,19.75000063578288,80.75001271565755,Soybeans,152.0,212.0,255.0,362.0,5,7,9.0,12.0
India,19.75000063578288,81.25001271565755,Soybeans,152.0,212.0,255.0,362.0,5,7,9.0,12.0
India,19.75000063578288,81.75001271565755,Soybeans,152.0,212.0,255.0,362.0,5,7,9.0,12.0
India,19.75000063578288,82.25001271565755,Soybeans,152.0,212.0,255.0,362.0,5,7,9.0,12.0
India,19.75000063578288,82.75001271565755,Soybeans,152.0,212.0,255.0,362.0,5,7,9.0,12.0
India,19.75000063578288,83.25001271565755,Soybeans,152.0,212.0,255.0,362.0,5,7,9.0,12.0
India,19.75000063578288,83.75001271565755,Soybeans,152.0,212.0,255.0,362.0,5,7,9.0,12.0
India,19.75000063578288,84.25001271565755,Soybeans,152.0,212.0,255.0,362.0,5,7,9.0,12.0
India,19.75000063578288,84.75001271565755,Soybeans,152.0,212.0,255.0,362.0,5,7,9.0,12.0
India,20.25000063578288,72.75001271565755,Soybeans,152.0,212.0,255.0,362.0,5,7,9.0,12.0
India,20.25000063578288,73.25001271565755,Soybeans,152.0,212.0,255.0,362.0,5,7,9.0,12.0
India,20.25000063578288,73.75001271565755,Soybeans,152.0,212.0,255.0,362.0,5,7,9.0,12.0
India,20.25000063578288,74.25001271565755,Soybeans,152.0,212.0,255.0,362.0,5,7,9.0,12.0
India,20.25000063578288,74.75001271565755,Soybeans,152.0,212.0,255.0,362.0,5,7,9.0,12.0
India,20.25000063578288,75.25001271565755,Soybeans,152.0,212.0,255.0,362.0,5,7,9.0,12.0
India,20.25000063578288,75.75001271565755,Soybeans,152.0,212.0,255.0,362.0,5,7,9.0,12.0
India,20.25000063578288,76.25001271565755,Soybeans,152.0,212.0,255.0,362.0,5,7,9.0,12.0
India,20.25000063578288,76.75001271565755,Soybeans,152.0,212.0,255.0,362.0,5,7,9.0,12.0
India,20.25000063578288,77.25001271565755,Soybeans,152.0,212.0,255.0,362.0,5,7,9.0,12.0
India,20.25000063578288,77.75001271565755,Soybeans,152.0,212.0,255.0,362.0,5,7,9.0,12.0
India,20.25000063578288,78.25001271565755,Soybeans,152.0,212.0,255.0,362.0,5,7,9.0,12.0
India,20.25000063578288,78.75001271565755,Soybeans,152.0,212.0,255.0,362.0,5,7,9.0,12.0
India,20.25000063578288,79.25001271565755,Soybeans,152.0,212.0,255.0,362.0,5,7,9.0,12.0
India,20.25000063578288,79.75001271565755,Soybeans,152.0,212.0,255.0,362.0,5,7,9.0,12.0
India,20.25000063578288,80.25001271565755,Soybeans,152.0,212.0,255.0,362.0,5,7,9.0,12.0
India,20.25000063578288,80.75001271565755,Soybeans,152.0,212.0,255.0,362.0,5,7,9.0,12.0
India,20.25000063578288,81.25001271565755,Soybeans,152.0,212.0,255.0,362.0,5,7,9.0,12.0
India,20.25000063578288,81.75001271565755,Soybeans,152.0,212.0,255.0,362.0,5,7,9.0,12.0
India,20.25000063578288,82.25001271565755,Soybeans,152.0,212.0,255.0,362.0,5,7,9.0,12.0
India,20.25000063578288,82.75001271565755,Soybeans,152.0,212.0,255.0,362.0,5,7,9.0,12.0
India,20.25000063578288,83.25001271565755,Soybeans,152.0,212.0,255.0,362.0,5,7,9.0,12.0
India,20.25000063578288,83.75001271565755,Soybeans,152.0,212.0,255.0,362.0,5,7,9.0,12.0
India,20.25000063578288,84.25001271565755,Soybeans,152.0,212.0,255.0,362.0,5,7,9.0,12.0
India,20.25000063578288,84.75001271565755,Soybeans,152.0,212.0,255.0,362.0,5,7,9.0,12.0
India,20.25000063578288,85.25001271565755,Soybeans,152.0,212.0,255.0,362.0,5,7,9.0,12.0
India,20.25000063578288,85.75001271565755,Soybeans,152.0,212.0,255.0,362.0,5,7,9.0,12.0
India,20.25000063578288,86.25001271565755,Soybeans,152.0,212.0,255.0,362.0,5,7,9.0,12.0
India,20.75000063578288,70.75001271565755,Soybeans,152.0,212.0,255.0,362.0,5,7,9.0,12.0
India,20.75000063578288,73.25001271565755,Soybeans,152.0,212.0,255.0,362.0,5,7,9.0,12.0
India,20.75000063578288,73.75001271565755,Soybeans,152.0,212.0,255.0,362.0,5,7,9.0,12.0
India,20.75000063578288,74.25001271565755,Soybeans,152.0,212.0,255.0,362.0,5,7,9.0,12.0
India,20.75000063578288,74.75001271565755,Soybeans,152.0,212.0,255.0,362.0,5,7,9.0,12.0
India,20.75000063578288,75.25001271565755,Soybeans,152.0,212.0,255.0,362.0,5,7,9.0,12.0
India,20.75000063578288,75.75001271565755,Soybeans,152.0,212.0,255.0,362.0,5,7,9.0,12.0
India,20.75000063578288,76.25001271565755,Soybeans,152.0,212.0,255.0,362.0,5,7,9.0,12.0
India,20.75000063578288,76.75001271565755,Soybeans,152.0,212.0,255.0,362.0,5,7,9.0,12.0
India,20.75000063578288,77.25001271565755,Soybeans,152.0,212.0,255.0,362.0,5,7,9.0,12.0
India,20.75000063578288,77.75001271565755,Soybeans,162.0,196.0,288.0,329.0,6,7,10.0,11.0
India,20.75000063578288,78.25001271565755,Soybeans,152.0,212.0,255.0,362.0,5,7,9.0,12.0
India,20.75000063578288,78.75001271565755,Soybeans,152.0,212.0,255.0,362.0,5,7,9.0,12.0
India,20.75000063578288,79.25001271565755,Soybeans,162.0,196.0,288.0,329.0,6,7,10.0,11.0
India,20.75000063578288,79.75001271565755,Soybeans,152.0,212.0,255.0,362.0,5,7,9.0,12.0
India,20.75000063578288,80.25001271565755,Soybeans,152.0,212.0,255.0,362.0,5,7,9.0,12.0
India,20.75000063578288,80.75001271565755,Soybeans,152.0,212.0,255.0,362.0,5,7,9.0,12.0
India,20.75000063578288,81.25001271565755,Soybeans,152.0,212.0,255.0,362.0,5,7,9.0,12.0
India,20.75000063578288,81.75001271565755,Soybeans,152.0,212.0,255.0,362.0,5,7,9.0,12.0
India,20.75000063578288,82.25001271565755,Soybeans,152.0,212.0,255.0,362.0,5,7,9.0,12.0
India,20.75000063578288,82.75001271565755,Soybeans,152.0,212.0,255.0,362.0,5,7,9.0,12.0
India,20.75000063578288,83.25001271565755,Soybeans,152.0,212.0,255.0,362.0,5,7,9.0,12.0
India,20.75000063578288,83.75001271565755,Soybeans,152.0,212.0,255.0,362.0,5,7,9.0,12.0
India,20.75000063578288,84.25001271565755,Soybeans,152.0,212.0,255.0,362.0,5,7,9.0,12.0
India,20.75000063578288,84.75001271565755,Soybeans,152.0,212.0,255.0,362.0,5,7,9.0,12.0
India,20.75000063578288,85.25001271565755,Soybeans,152.0,212.0,255.0,362.0,5,7,9.0,12.0
India,20.75000063578288,85.75001271565755,Soybeans,152.0,212.0,255.0,362.0,5,7,9.0,12.0
India,20.75000063578288,86.25001271565755,Soybeans,152.0,212.0,255.0,362.0,5,7,9.0,12.0
India,20.75000063578288,86.75001271565755,Soybeans,152.0,212.0,255.0,362.0,5,7,9.0,12.0
India,21.25000063578288,70.25001271565755,Soybeans,152.0,212.0,255.0,362.0,5,7,9.0,12.0
India,21.25000063578288,70.75001271565755,Soybeans,152.0,212.0,255.0,362.0,5,7,9.0,12.0
India,21.25000063578288,71.25001271565755,Soybeans,152.0,212.0,255.0,362.0,5,7,9.0,12.0
India,21.25000063578288,71.75001271565755,Soybeans,152.0,212.0,255.0,362.0,5,7,9.0,12.0
India,21.25000063578288,72.75001271565755,Soybeans,152.0,212.0,255.0,362.0,5,7,9.0,12.0
India,21.25000063578288,73.25001271565755,Soybeans,152.0,212.0,255.0,362.0,5,7,9.0,12.0
India,21.25000063578288,73.75001271565755,Soybeans,152.0,212.0,255.0,362.0,5,7,9.0,12.0
India,21.25000063578288,74.25001271565755,Soybeans,152.0,212.0,255.0,362.0,5,7,9.0,12.0
India,21.25000063578288,74.75001271565755,Soybeans,152.0,212.0,255.0,362.0,5,7,9.0,12.0
India,21.25000063578288,75.25001271565755,Soybeans,152.0,212.0,255.0,362.0,5,7,9.0,12.0
India,21.25000063578288,75.75001271565755,Soybeans,152.0,212.0,255.0,362.0,5,7,9.0,12.0
India,21.25000063578288,76.25001271565755,Soybeans,152.0,212.0,255.0,362.0,5,7,9.0,12.0
India,21.25000063578288,76.75001271565755,Soybeans,152.0,212.0,255.0,362.0,5,7,9.0,12.0
India,21.25000063578288,77.25001271565755,Soybeans,162.0,196.0,288.0,329.0,6,7,10.0,11.0
India,21.25000063578288,77.75001271565755,Soybeans,162.0,196.0,288.0,329.0,6,7,10.0,11.0
India,21.25000063578288,78.25001271565755,Soybeans,162.0,196.0,288.0,329.0,6,7,10.0,11.0
India,21.25000063578288,78.75001271565755,Soybeans,162.0,196.0,288.0,329.0,6,7,10.0,11.0
India,21.25000063578288,79.25001271565755,Soybeans,162.0,196.0,288.0,329.0,6,7,10.0,11.0
India,21.25000063578288,79.75001271565755,Soybeans,152.0,212.0,255.0,362.0,5,7,9.0,12.0
India,21.25000063578288,80.25001271565755,Soybeans,152.0,212.0,255.0,362.0,5,7,9.0,12.0
India,21.25000063578288,80.75001271565755,Soybeans,152.0,212.0,255.0,362.0,5,7,9.0,12.0
India,21.25000063578288,81.25001271565755,Soybeans,152.0,212.0,255.0,362.0,5,7,9.0,12.0
India,21.25000063578288,81.75001271565755,Soybeans,152.0,212.0,255.0,362.0,5,7,9.0,12.0
India,21.25000063578288,82.25001271565755,Soybeans,152.0,212.0,255.0,362.0,5,7,9.0,12.0
India,21.25000063578288,82.75001271565755,Soybeans,152.0,212.0,255.0,362.0,5,7,9.0,12.0
India,21.25000063578288,83.25001271565755,Soybeans,152.0,212.0,255.0,362.0,5,7,9.0,12.0
India,21.25000063578288,83.75001271565755,Soybeans,152.0,212.0,255.0,362.0,5,7,9.0,12.0
India,21.25000063578288,84.25001271565755,Soybeans,152.0,212.0,255.0,362.0,5,7,9.0,12.0
India,21.25000063578288,84.75001271565755,Soybeans,152.0,212.0,255.0,362.0,5,7,9.0,12.0
India,21.25000063578288,85.25001271565755,Soybeans,152.0,212.0,255.0,362.0,5,7,9.0,12.0
India,21.25000063578288,85.75001271565755,Soybeans,152.0,212.0,255.0,362.0,5,7,9.0,12.0
India,21.25000063578288,86.25001271565755,Soybeans,152.0,212.0,255.0,362.0,5,7,9.0,12.0
India,21.25000063578288,86.75001271565755,Soybeans,152.0,212.0,255.0,362.0,5,7,9.0,12.0
India,21.75000063578288,69.75001271565755,Soybeans,152.0,212.0,255.0,362.0,5,7,9.0,12.0
India,21.75000063578288,70.25001271565755,Soybeans,152.0,212.0,255.0,362.0,5,7,9.0,12.0
India,21.75000063578288,70.75001271565755,Soybeans,152.0,212.0,255.0,362.0,5,7,9.0,12.0
India,21.75000063578288,71.25001271565755,Soybeans,152.0,212.0,255.0,362.0,5,7,9.0,12.0
India,21.75000063578288,71.75001271565755,Soybeans,152.0,212.0,255.0,362.0,5,7,9.0,12.0
India,21.75000063578288,72.75001271565755,Soybeans,152.0,212.0,255.0,362.0,5,7,9.0,12.0
India,21.75000063578288,73.25001271565755,Soybeans,152.0,212.0,255.0,362.0,5,7,9.0,12.0
India,21.75000063578288,73.75001271565755,Soybeans,152.0,212.0,255.0,362.0,5,7,9.0,12.0
India,21.75000063578288,74.25001271565755,Soybeans,152.0,212.0,255.0,362.0,5,7,9.0,12.0
India,21.75000063578288,74.75001271565755,Soybeans,152.0,212.0,255.0,362.0,5,7,9.0,12.0
India,21.75000063578288,75.25001271565755,Soybeans,152.0,212.0,255.0,362.0,5,7,9.0,12.0
India,21.75000063578288,75.75001271565755,Soybeans,152.0,212.0,255.0,362.0,5,7,9.0,12.0
India,21.75000063578288,76.25001271565755,Soybeans,152.0,212.0,255.0,362.0,5,7,9.0,12.0
India,21.75000063578288,76.75001271565755,Soybeans,152.0,212.0,255.0,362.0,5,7,9.0,12.0
India,21.75000063578288,77.25001271565755,Soybeans,152.0,212.0,255.0,362.0,5,7,9.0,12.0
India,21.75000063578288,77.75001271565755,Soybeans,152.0,212.0,255.0,362.0,5,7,9.0,12.0
India,21.75000063578288,78.25001271565755,Soybeans,152.0,212.0,255.0,362.0,5,7,9.0,12.0
India,21.75000063578288,78.75001271565755,Soybeans,152.0,212.0,255.0,362.0,5,7,9.0,12.0
India,21.75000063578288,79.25001271565755,Soybeans,152.0,212.0,255.0,362.0,5,7,9.0,12.0
India,21.75000063578288,79.75001271565755,Soybeans,152.0,212.0,255.0,362.0,5,7,9.0,12.0
India,21.75000063578288,80.25001271565755,Soybeans,152.0,212.0,255.0,362.0,5,7,9.0,12.0
India,21.75000063578288,80.75001271565755,Soybeans,152.0,212.0,255.0,362.0,5,7,9.0,12.0
India,21.75000063578288,81.25001271565755,Soybeans,152.0,212.0,255.0,362.0,5,7,9.0,12.0
India,21.75000063578288,81.75001271565755,Soybeans,152.0,212.0,255.0,362.0,5,7,9.0,12.0
India,21.75000063578288,82.25001271565755,Soybeans,152.0,212.0,255.0,362.0,5,7,9.0,12.0
India,21.75000063578288,82.75001271565755,Soybeans,152.0,212.0,255.0,362.0,5,7,9.0,12.0
India,21.75000063578288,83.25001271565755,Soybeans,152.0,212.0,255.0,362.0,5,7,9.0,12.0
India,21.75000063578288,83.75001271565755,Soybeans,152.0,212.0,255.0,362.0,5,7,9.0,12.0
India,21.75000063578288,84.25001271565755,Soybeans,152.0,212.0,255.0,362.0,5,7,9.0,12.0
India,21.75000063578288,84.75001271565755,Soybeans,152.0,212.0,255.0,362.0,5,7,9.0,12.0
India,21.75000063578288,85.25001271565755,Soybeans,152.0,212.0,255.0,362.0,5,7,9.0,12.0
India,21.75000063578288,85.75001271565755,Soybeans,152.0,212.0,255.0,362.0,5,7,9.0,12.0
India,21.75000063578288,86.25001271565755,Soybeans,152.0,212.0,255.0,362.0,5,7,9.0,12.0
India,21.75000063578288,86.75001271565755,Soybeans,152.0,212.0,255.0,362.0,5,7,9.0,12.0
India,21.75000063578288,87.25001271565755,Soybeans,152.0,212.0,255.0,362.0,5,7,9.0,12.0
India,21.75000063578288,87.75001271565755,Soybeans,152.0,212.0,255.0,362.0,5,7,9.0,12.0
India,21.75000063578288,88.25001271565755,Soybeans,152.0,212.0,255.0,362.0,5,7,9.0,12.0
India,21.75000063578288,88.75001271565755,Soybeans,152.0,212.0,255.0,362.0,5,7,9.0,12.0
India,22.25000063578288,69.25001271565755,Soybeans,152.0,212.0,255.0,362.0,5,7,9.0,12.0
India,22.25000063578288,69.75001271565755,Soybeans,152.0,212.0,255.0,362.0,5,7,9.0,12.0
India,22.25000063578288,70.25001271565755,Soybeans,152.0,212.0,255.0,362.0,5,7,9.0,12.0
India,22.25000063578288,70.75001271565755,Soybeans,152.0,212.0,255.0,362.0,5,7,9.0,12.0
India,22.25000063578288,71.25001271565755,Soybeans,152.0,212.0,255.0,362.0,5,7,9.0,12.0
India,22.25000063578288,71.75001271565755,Soybeans,152.0,212.0,255.0,362.0,5,7,9.0,12.0
India,22.25000063578288,72.75001271565755,Soybeans,152.0,212.0,255.0,362.0,5,7,9.0,12.0
India,22.25000063578288,73.25001271565755,Soybeans,152.0,212.0,255.0,362.0,5,7,9.0,12.0
India,22.25000063578288,73.75001271565755,Soybeans,152.0,212.0,255.0,362.0,5,7,9.0,12.0
India,22.25000063578288,74.25001271565755,Soybeans,152.0,212.0,255.0,362.0,5,7,9.0,12.0
India,22.25000063578288,74.75001271565755,Soybeans,152.0,212.0,255.0,362.0,5,7,9.0,12.0
India,22.25000063578288,75.25001271565755,Soybeans,152.0,212.0,255.0,362.0,5,7,9.0,12.0
India,22.25000063578288,75.75001271565755,Soybeans,152.0,212.0,255.0,362.0,5,7,9.0,12.0
India,22.25000063578288,76.25001271565755,Soybeans,152.0,212.0,255.0,362.0,5,7,9.0,12.0
India,22.25000063578288,76.75001271565755,Soybeans,152.0,212.0,255.0,362.0,5,7,9.0,12.0
India,22.25000063578288,77.25001271565755,Soybeans,152.0,212.0,255.0,362.0,5,7,9.0,12.0
India,22.25000063578288,77.75001271565755,Soybeans,152.0,212.0,255.0,362.0,5,7,9.0,12.0
India,22.25000063578288,78.25001271565755,Soybeans,152.0,212.0,255.0,362.0,5,7,9.0,12.0
India,22.25000063578288,78.75001271565755,Soybeans,152.0,212.0,255.0,362.0,5,7,9.0,12.0
India,22.25000063578288,79.25001271565755,Soybeans,152.0,212.0,255.0,362.0,5,7,9.0,12.0
India,22.25000063578288,79.75001271565755,Soybeans,152.0,212.0,255.0,362.0,5,7,9.0,12.0
India,22.25000063578288,80.25001271565755,Soybeans,152.0,212.0,255.0,362.0,5,7,9.0,12.0
India,22.25000063578288,80.75001271565755,Soybeans,152.0,212.0,255.0,362.0,5,7,9.0,12.0
India,22.25000063578288,81.25001271565755,Soybeans,152.0,212.0,255.0,362.0,5,7,9.0,12.0
India,22.25000063578288,81.75001271565755,Soybeans,152.0,212.0,255.0,362.0,5,7,9.0,12.0
India,22.25000063578288,82.25001271565755,Soybeans,152.0,212.0,255.0,362.0,5,7,9.0,12.0
India,22.25000063578288,82.75001271565755,Soybeans,152.0,212.0,255.0,362.0,5,7,9.0,12.0
India,22.25000063578288,83.25001271565755,Soybeans,152.0,212.0,255.0,362.0,5,7,9.0,12.0
India,22.25000063578288,83.75001271565755,Soybeans,152.0,212.0,255.0,362.0,5,7,9.0,12.0
India,22.25000063578288,84.25001271565755,Soybeans,152.0,212.0,255.0,362.0,5,7,9.0,12.0
India,22.25000063578288,84.75001271565755,Soybeans,152.0,212.0,255.0,362.0,5,7,9.0,12.0
India,22.25000063578288,85.25001271565755,Soybeans,152.0,212.0,255.0,362.0,5,7,9.0,12.0
India,22.25000063578288,85.75001271565755,Soybeans,152.0,212.0,255.0,362.0,5,7,9.0,12.0
India,22.25000063578288,86.25001271565755,Soybeans,152.0,212.0,255.0,362.0,5,7,9.0,12.0
India,22.25000063578288,86.75001271565755,Soybeans,152.0,212.0,255.0,362.0,5,7,9.0,12.0
India,22.25000063578288,87.25001271565755,Soybeans,152.0,212.0,255.0,362.0,5,7,9.0,12.0
India,22.25000063578288,87.75001271565755,Soybeans,152.0,212.0,255.0,362.0,5,7,9.0,12.0
India,22.25000063578288,88.25001271565755,Soybeans,152.0,212.0,255.0,362.0,5,7,9.0,12.0
India,22.25000063578288,88.75001271565755,Soybeans,152.0,212.0,255.0,362.0,5,7,9.0,12.0
India,22.25000063578288,92.75001271565756,Soybeans,152.0,212.0,255.0,362.0,5,7,9.0,12.0
India,22.75000063578288,70.75001271565755,Soybeans,152.0,212.0,255.0,362.0,5,7,9.0,12.0
India,22.75000063578288,71.25001271565755,Soybeans,152.0,212.0,255.0,362.0,5,7,9.0,12.0
India,22.75000063578288,71.75001271565755,Soybeans,152.0,212.0,255.0,362.0,5,7,9.0,12.0
India,22.75000063578288,72.25001271565755,Soybeans,152.0,212.0,255.0,362.0,5,7,9.0,12.0
India,22.75000063578288,72.75001271565755,Soybeans,152.0,212.0,255.0,362.0,5,7,9.0,12.0
India,22.75000063578288,73.25001271565755,Soybeans,152.0,212.0,255.0,362.0,5,7,9.0,12.0
India,22.75000063578288,73.75001271565755,Soybeans,152.0,212.0,255.0,362.0,5,7,9.0,12.0
India,22.75000063578288,74.25001271565755,Soybeans,152.0,212.0,255.0,362.0,5,7,9.0,12.0
India,22.75000063578288,74.75001271565755,Soybeans,152.0,212.0,255.0,362.0,5,7,9.0,12.0
India,22.75000063578288,75.25001271565755,Soybeans,152.0,212.0,255.0,362.0,5,7,9.0,12.0
India,22.75000063578288,75.75001271565755,Soybeans,152.0,212.0,255.0,362.0,5,7,9.0,12.0
India,22.75000063578288,76.25001271565755,Soybeans,152.0,212.0,255.0,362.0,5,7,9.0,12.0
India,22.75000063578288,76.75001271565755,Soybeans,152.0,212.0,255.0,362.0,5,7,9.0,12.0
India,22.75000063578288,77.25001271565755,Soybeans,152.0,212.0,255.0,362.0,5,7,9.0,12.0
India,22.75000063578288,77.75001271565755,Soybeans,152.0,212.0,255.0,362.0,5,7,9.0,12.0
India,22.75000063578288,78.25001271565755,Soybeans,152.0,212.0,255.0,362.0,5,7,9.0,12.0
India,22.75000063578288,78.75001271565755,Soybeans,152.0,212.0,255.0,362.0,5,7,9.0,12.0
India,22.75000063578288,79.25001271565755,Soybeans,152.0,212.0,255.0,362.0,5,7,9.0,12.0
India,22.75000063578288,79.75001271565755,Soybeans,152.0,212.0,255.0,362.0,5,7,9.0,12.0
India,22.75000063578288,80.25001271565755,Soybeans,152.0,212.0,255.0,362.0,5,7,9.0,12.0
India,22.75000063578288,80.75001271565755,Soybeans,152.0,212.0,255.0,362.0,5,7,9.0,12.0
India,22.75000063578288,81.25001271565755,Soybeans,152.0,212.0,255.0,362.0,5,7,9.0,12.0
India,22.75000063578288,81.75001271565755,Soybeans,152.0,212.0,255.0,362.0,5,7,9.0,12.0
India,22.75000063578288,82.25001271565755,Soybeans,152.0,212.0,255.0,362.0,5,7,9.0,12.0
India,22.75000063578288,82.75001271565755,Soybeans,152.0,212.0,255.0,362.0,5,7,9.0,12.0
India,22.75000063578288,83.25001271565755,Soybeans,152.0,212.0,255.0,362.0,5,7,9.0,12.0
India,22.75000063578288,83.75001271565755,Soybeans,152.0,212.0,255.0,362.0,5,7,9.0,12.0
India,22.75000063578288,84.25001271565755,Soybeans,152.0,212.0,255.0,362.0,5,7,9.0,12.0
India,22.75000063578288,84.75001271565755,Soybeans,152.0,212.0,255.0,362.0,5,7,9.0,12.0
India,22.75000063578288,85.25001271565755,Soybeans,152.0,212.0,255.0,362.0,5,7,9.0,12.0
India,22.75000063578288,85.75001271565755,Soybeans,152.0,212.0,255.0,362.0,5,7,9.0,12.0
India,22.75000063578288,86.25001271565755,Soybeans,152.0,212.0,255.0,362.0,5,7,9.0,12.0
India,22.75000063578288,86.75001271565755,Soybeans,152.0,212.0,255.0,362.0,5,7,9.0,12.0
India,22.75000063578288,87.25001271565755,Soybeans,152.0,212.0,255.0,362.0,5,7,9.0,12.0
India,22.75000063578288,87.75001271565755,Soybeans,152.0,212.0,255.0,362.0,5,7,9.0,12.0
India,22.75000063578288,88.25001271565755,Soybeans,152.0,212.0,255.0,362.0,5,7,9.0,12.0
India,22.75000063578288,88.75001271565755,Soybeans,152.0,212.0,255.0,362.0,5,7,9.0,12.0
India,22.75000063578288,92.75001271565756,Soybeans,152.0,212.0,255.0,362.0,5,7,9.0,12.0
India,23.25000063578288,68.75001271565755,Soybeans,152.0,212.0,255.0,362.0,5,7,9.0,12.0
India,23.25000063578288,69.25001271565755,Soybeans,152.0,212.0,255.0,362.0,5,7,9.0,12.0
India,23.25000063578288,69.75001271565755,Soybeans,152.0,212.0,255.0,362.0,5,7,9.0,12.0
India,23.25000063578288,70.25001271565755,Soybeans,152.0,212.0,255.0,362.0,5,7,9.0,12.0
India,23.25000063578288,70.75001271565755,Soybeans,152.0,212.0,255.0,362.0,5,7,9.0,12.0
India,23.25000063578288,71.25001271565755,Soybeans,152.0,212.0,255.0,362.0,5,7,9.0,12.0
India,23.25000063578288,71.75001271565755,Soybeans,152.0,212.0,255.0,362.0,5,7,9.0,12.0
India,23.25000063578288,72.25001271565755,Soybeans,152.0,212.0,255.0,362.0,5,7,9.0,12.0
India,23.25000063578288,72.75001271565755,Soybeans,152.0,212.0,255.0,362.0,5,7,9.0,12.0
India,23.25000063578288,73.25001271565755,Soybeans,152.0,212.0,255.0,362.0,5,7,9.0,12.0
India,23.25000063578288,73.75001271565755,Soybeans,152.0,212.0,255.0,362.0,5,7,9.0,12.0
India,23.25000063578288,74.25001271565755,Soybeans,152.0,212.0,255.0,362.0,5,7,9.0,12.0
India,23.25000063578288,74.75001271565755,Soybeans,152.0,212.0,255.0,362.0,5,7,9.0,12.0
India,23.25000063578288,75.25001271565755,Soybeans,152.0,212.0,255.0,362.0,5,7,9.0,12.0
India,23.25000063578288,75.75001271565755,Soybeans,152.0,212.0,255.0,362.0,5,7,9.0,12.0
India,23.25000063578288,76.25001271565755,Soybeans,152.0,212.0,255.0,362.0,5,7,9.0,12.0
India,23.25000063578288,76.75001271565755,Soybeans,152.0,212.0,255.0,362.0,5,7,9.0,12.0
India,23.25000063578288,77.25001271565755,Soybeans,152.0,212.0,255.0,362.0,5,7,9.0,12.0
India,23.25000063578288,77.75001271565755,Soybeans,152.0,212.0,255.0,362.0,5,7,9.0,12.0
India,23.25000063578288,78.25001271565755,Soybeans,152.0,212.0,255.0,362.0,5,7,9.0,12.0
India,23.25000063578288,78.75001271565755,Soybeans,152.0,212.0,255.0,362.0,5,7,9.0,12.0
India,23.25000063578288,79.25001271565755,Soybeans,152.0,212.0,255.0,362.0,5,7,9.0,12.0
India,23.25000063578288,79.75001271565755,Soybeans,152.0,212.0,255.0,362.0,5,7,9.0,12.0
India,23.25000063578288,80.25001271565755,Soybeans,152.0,212.0,255.0,362.0,5,7,9.0,12.0
India,23.25000063578288,80.75001271565755,Soybeans,152.0,212.0,255.0,362.0,5,7,9.0,12.0
India,23.25000063578288,81.25001271565755,Soybeans,152.0,212.0,255.0,362.0,5,7,9.0,12.0
India,23.25000063578288,81.75001271565755,Soybeans,152.0,212.0,255.0,362.0,5,7,9.0,12.0
India,23.25000063578288,82.25001271565755,Soybeans,152.0,212.0,255.0,362.0,5,7,9.0,12.0
India,23.25000063578288,82.75001271565755,Soybeans,152.0,212.0,255.0,362.0,5,7,9.0,12.0
India,23.25000063578288,83.25001271565755,Soybeans,152.0,212.0,255.0,362.0,5,7,9.0,12.0
India,23.25000063578288,83.75001271565755,Soybeans,152.0,212.0,255.0,362.0,5,7,9.0,12.0
India,23.25000063578288,84.25001271565755,Soybeans,152.0,212.0,255.0,362.0,5,7,9.0,12.0
India,23.25000063578288,84.75001271565755,Soybeans,152.0,212.0,255.0,362.0,5,7,9.0,12.0
India,23.25000063578288,85.25001271565755,Soybeans,152.0,212.0,255.0,362.0,5,7,9.0,12.0
India,23.25000063578288,85.75001271565755,Soybeans,152.0,212.0,255.0,362.0,5,7,9.0,12.0
India,23.25000063578288,86.25001271565755,Soybeans,152.0,212.0,255.0,362.0,5,7,9.0,12.0
India,23.25000063578288,86.75001271565755,Soybeans,152.0,212.0,255.0,362.0,5,7,9.0,12.0
India,23.25000063578288,87.25001271565755,Soybeans,152.0,212.0,255.0,362.0,5,7,9.0,12.0
India,23.25000063578288,87.75001271565755,Soybeans,152.0,212.0,255.0,362.0,5,7,9.0,12.0
India,23.25000063578288,88.25001271565755,Soybeans,152.0,212.0,255.0,362.0,5,7,9.0,12.0
India,23.25000063578288,92.75001271565756,Soybeans,152.0,212.0,255.0,362.0,5,7,9.0,12.0
India,23.25000063578288,93.25001271565756,Soybeans,152.0,212.0,255.0,362.0,5,7,9.0,12.0
India,23.75000063578288,68.25001271565755,Soybeans,152.0,212.0,255.0,362.0,5,7,9.0,12.0
India,23.75000063578288,68.75001271565755,Soybeans,152.0,212.0,255.0,362.0,5,7,9.0,12.0
India,23.75000063578288,69.25001271565755,Soybeans,152.0,212.0,255.0,362.0,5,7,9.0,12.0
India,23.75000063578288,69.75001271565755,Soybeans,152.0,212.0,255.0,362.0,5,7,9.0,12.0
India,23.75000063578288,70.25001271565755,Soybeans,152.0,212.0,255.0,362.0,5,7,9.0,12.0
India,23.75000063578288,70.75001271565755,Soybeans,152.0,212.0,255.0,362.0,5,7,9.0,12.0
India,23.75000063578288,71.25001271565755,Soybeans,152.0,212.0,255.0,362.0,5,7,9.0,12.0
India,23.75000063578288,71.75001271565755,Soybeans,152.0,212.0,255.0,362.0,5,7,9.0,12.0
India,23.75000063578288,72.25001271565755,Soybeans,152.0,212.0,255.0,362.0,5,7,9.0,12.0
India,23.75000063578288,72.75001271565755,Soybeans,152.0,212.0,255.0,362.0,5,7,9.0,12.0
India,23.75000063578288,73.25001271565755,Soybeans,152.0,212.0,255.0,362.0,5,7,9.0,12.0
India,23.75000063578288,73.75001271565755,Soybeans,152.0,212.0,255.0,362.0,5,7,9.0,12.0
India,23.75000063578288,74.25001271565755,Soybeans,152.0,212.0,255.0,362.0,5,7,9.0,12.0
India,23.75000063578288,74.75001271565755,Soybeans,152.0,212.0,255.0,362.0,5,7,9.0,12.0
India,23.75000063578288,75.25001271565755,Soybeans,152.0,212.0,255.0,362.0,5,7,9.0,12.0
India,23.75000063578288,75.75001271565755,Soybeans,152.0,212.0,255.0,362.0,5,7,9.0,12.0
India,23.75000063578288,76.25001271565755,Soybeans,152.0,212.0,255.0,362.0,5,7,9.0,12.0
India,23.75000063578288,76.75001271565755,Soybeans,152.0,212.0,255.0,362.0,5,7,9.0,12.0
India,23.75000063578288,77.25001271565755,Soybeans,152.0,212.0,255.0,362.0,5,7,9.0,12.0
India,23.75000063578288,77.75001271565755,Soybeans,152.0,212.0,255.0,362.0,5,7,9.0,12.0
India,23.75000063578288,78.25001271565755,Soybeans,152.0,212.0,255.0,362.0,5,7,9.0,12.0
India,23.75000063578288,78.75001271565755,Soybeans,152.0,212.0,255.0,362.0,5,7,9.0,12.0
India,23.75000063578288,79.25001271565755,Soybeans,152.0,212.0,255.0,362.0,5,7,9.0,12.0
India,23.75000063578288,79.75001271565755,Soybeans,152.0,212.0,255.0,362.0,5,7,9.0,12.0
India,23.75000063578288,80.25001271565755,Soybeans,152.0,212.0,255.0,362.0,5,7,9.0,12.0
India,23.75000063578288,80.75001271565755,Soybeans,152.0,212.0,255.0,362.0,5,7,9.0,12.0
India,23.75000063578288,81.25001271565755,Soybeans,152.0,212.0,255.0,362.0,5,7,9.0,12.0
India,23.75000063578288,81.75001271565755,Soybeans,152.0,212.0,255.0,362.0,5,7,9.0,12.0
India,23.75000063578288,82.25001271565755,Soybeans,152.0,212.0,255.0,362.0,5,7,9.0,12.0
India,23.75000063578288,82.75001271565755,Soybeans,152.0,212.0,255.0,362.0,5,7,9.0,12.0
India,23.75000063578288,83.25001271565755,Soybeans,152.0,212.0,255.0,362.0,5,7,9.0,12.0
India,23.75000063578288,83.75001271565755,Soybeans,152.0,212.0,255.0,362.0,5,7,9.0,12.0
India,23.75000063578288,84.25001271565755,Soybeans,152.0,212.0,255.0,362.0,5,7,9.0,12.0
India,23.75000063578288,84.75001271565755,Soybeans,152.0,212.0,255.0,362.0,5,7,9.0,12.0
India,23.75000063578288,85.25001271565755,Soybeans,152.0,212.0,255.0,362.0,5,7,9.0,12.0
India,23.75000063578288,85.75001271565755,Soybeans,152.0,212.0,255.0,362.0,5,7,9.0,12.0
India,23.75000063578288,86.25001271565755,Soybeans,152.0,212.0,255.0,362.0,5,7,9.0,12.0
India,23.75000063578288,86.75001271565755,Soybeans,152.0,212.0,255.0,362.0,5,7,9.0,12.0
India,23.75000063578288,87.25001271565755,Soybeans,152.0,212.0,255.0,362.0,5,7,9.0,12.0
India,23.75000063578288,87.75001271565755,Soybeans,152.0,212.0,255.0,362.0,5,7,9.0,12.0
India,23.75000063578288,88.25001271565755,Soybeans,152.0,212.0,255.0,362.0,5,7,9.0,12.0
India,23.75000063578288,91.25001271565756,Soybeans,152.0,212.0,255.0,362.0,5,7,9.0,12.0
India,23.75000063578288,91.75001271565756,Soybeans,152.0,212.0,255.0,362.0,5,7,9.0,12.0
India,23.75000063578288,92.25001271565756,Soybeans,152.0,212.0,255.0,362.0,5,7,9.0,12.0
India,23.75000063578288,92.75001271565756,Soybeans,152.0,212.0,255.0,362.0,5,7,9.0,12.0
India,23.75000063578288,93.25001271565756,Soybeans,152.0,212.0,255.0,362.0,5,7,9.0,12.0
India,24.25000063578288,71.25001271565755,Soybeans,152.0,212.0,255.0,362.0,5,7,9.0,12.0
India,24.25000063578288,71.75001271565755,Soybeans,152.0,212.0,255.0,362.0,5,7,9.0,12.0
India,24.25000063578288,72.25001271565755,Soybeans,152.0,212.0,255.0,362.0,5,7,9.0,12.0
India,24.25000063578288,72.75001271565755,Soybeans,152.0,212.0,255.0,362.0,5,7,9.0,12.0
India,24.25000063578288,73.25001271565755,Soybeans,152.0,212.0,255.0,362.0,5,7,9.0,12.0
India,24.25000063578288,73.75001271565755,Soybeans,152.0,212.0,255.0,362.0,5,7,9.0,12.0
India,24.25000063578288,74.25001271565755,Soybeans,152.0,212.0,255.0,362.0,5,7,9.0,12.0
India,24.25000063578288,74.75001271565755,Soybeans,152.0,212.0,255.0,362.0,5,7,9.0,12.0
India,24.25000063578288,75.25001271565755,Soybeans,152.0,212.0,255.0,362.0,5,7,9.0,12.0
India,24.25000063578288,75.75001271565755,Soybeans,152.0,212.0,255.0,362.0,5,7,9.0,12.0
India,24.25000063578288,76.25001271565755,Soybeans,152.0,212.0,255.0,362.0,5,7,9.0,12.0
India,24.25000063578288,76.75001271565755,Soybeans,152.0,212.0,255.0,362.0,5,7,9.0,12.0
India,24.25000063578288,77.25001271565755,Soybeans,152.0,212.0,255.0,362.0,5,7,9.0,12.0
India,24.25000063578288,77.75001271565755,Soybeans,152.0,212.0,255.0,362.0,5,7,9.0,12.0
India,24.25000063578288,78.25001271565755,Soybeans,152.0,212.0,255.0,362.0,5,7,9.0,12.0
India,24.25000063578288,78.75001271565755,Soybeans,152.0,212.0,255.0,362.0,5,7,9.0,12.0
India,24.25000063578288,79.25001271565755,Soybeans,152.0,212.0,255.0,362.0,5,7,9.0,12.0
India,24.25000063578288,79.75001271565755,Soybeans,152.0,212.0,255.0,362.0,5,7,9.0,12.0
India,24.25000063578288,80.25001271565755,Soybeans,152.0,212.0,255.0,362.0,5,7,9.0,12.0
India,24.25000063578288,80.75001271565755,Soybeans,152.0,212.0,255.0,362.0,5,7,9.0,12.0
India,24.25000063578288,81.25001271565755,Soybeans,152.0,212.0,255.0,362.0,5,7,9.0,12.0
India,24.25000063578288,81.75001271565755,Soybeans,152.0,212.0,255.0,362.0,5,7,9.0,12.0
India,24.25000063578288,82.25001271565755,Soybeans,152.0,212.0,255.0,362.0,5,7,9.0,12.0
India,24.25000063578288,82.75001271565755,Soybeans,152.0,212.0,255.0,362.0,5,7,9.0,12.0
India,24.25000063578288,83.25001271565755,Soybeans,152.0,212.0,255.0,362.0,5,7,9.0,12.0
India,24.25000063578288,83.75001271565755,Soybeans,152.0,212.0,255.0,362.0,5,7,9.0,12.0
India,24.25000063578288,84.25001271565755,Soybeans,152.0,212.0,255.0,362.0,5,7,9.0,12.0
India,24.25000063578288,84.75001271565755,Soybeans,152.0,212.0,255.0,362.0,5,7,9.0,12.0
India,24.25000063578288,85.25001271565755,Soybeans,152.0,212.0,255.0,362.0,5,7,9.0,12.0
India,24.25000063578288,85.75001271565755,Soybeans,152.0,212.0,255.0,362.0,5,7,9.0,12.0
India,24.25000063578288,86.25001271565755,Soybeans,152.0,212.0,255.0,362.0,5,7,9.0,12.0
India,24.25000063578288,86.75001271565755,Soybeans,152.0,212.0,255.0,362.0,5,7,9.0,12.0
India,24.25000063578288,87.25001271565755,Soybeans,152.0,212.0,255.0,362.0,5,7,9.0,12.0
India,24.25000063578288,87.75001271565755,Soybeans,152.0,212.0,255.0,362.0,5,7,9.0,12.0
India,24.25000063578288,88.25001271565755,Soybeans,152.0,212.0,255.0,362.0,5,7,9.0,12.0
India,24.25000063578288,92.25001271565756,Soybeans,152.0,212.0,255.0,362.0,5,7,9.0,12.0
India,24.25000063578288,92.75001271565756,Soybeans,152.0,212.0,255.0,362.0,5,7,9.0,12.0
India,24.25000063578288,93.25001271565756,Soybeans,152.0,212.0,255.0,362.0,5,7,9.0,12.0
India,24.25000063578288,93.75001271565756,Soybeans,152.0,212.0,255.0,362.0,5,7,9.0,12.0
India,24.25000063578288,94.25001271565756,Soybeans,152.0,212.0,255.0,362.0,5,7,9.0,12.0
India,24.75000063578288,71.25001271565755,Soybeans,152.0,212.0,255.0,362.0,5,7,9.0,12.0
India,24.75000063578288,71.75001271565755,Soybeans,152.0,212.0,255.0,362.0,5,7,9.0,12.0
India,24.75000063578288,72.25001271565755,Soybeans,152.0,212.0,255.0,362.0,5,7,9.0,12.0
India,24.75000063578288,72.75001271565755,Soybeans,152.0,212.0,255.0,362.0,5,7,9.0,12.0
India,24.75000063578288,73.25001271565755,Soybeans,152.0,212.0,255.0,362.0,5,7,9.0,12.0
India,24.75000063578288,73.75001271565755,Soybeans,152.0,212.0,255.0,362.0,5,7,9.0,12.0
India,24.75000063578288,74.25001271565755,Soybeans,152.0,212.0,255.0,362.0,5,7,9.0,12.0
India,24.75000063578288,74.75001271565755,Soybeans,152.0,212.0,255.0,362.0,5,7,9.0,12.0
India,24.75000063578288,75.25001271565755,Soybeans,152.0,212.0,255.0,362.0,5,7,9.0,12.0
India,24.75000063578288,75.75001271565755,Soybeans,152.0,212.0,255.0,362.0,5,7,9.0,12.0
India,24.75000063578288,76.25001271565755,Soybeans,152.0,212.0,255.0,362.0,5,7,9.0,12.0
India,24.75000063578288,76.75001271565755,Soybeans,152.0,212.0,255.0,362.0,5,7,9.0,12.0
India,24.75000063578288,77.25001271565755,Soybeans,152.0,212.0,255.0,362.0,5,7,9.0,12.0
India,24.75000063578288,77.75001271565755,Soybeans,152.0,212.0,255.0,362.0,5,7,9.0,12.0
India,24.75000063578288,78.25001271565755,Soybeans,152.0,212.0,255.0,362.0,5,7,9.0,12.0
India,24.75000063578288,78.75001271565755,Soybeans,152.0,212.0,255.0,362.0,5,7,9.0,12.0
India,24.75000063578288,79.25001271565755,Soybeans,152.0,212.0,255.0,362.0,5,7,9.0,12.0
India,24.75000063578288,79.75001271565755,Soybeans,152.0,212.0,255.0,362.0,5,7,9.0,12.0
India,24.75000063578288,80.25001271565755,Soybeans,152.0,212.0,255.0,362.0,5,7,9.0,12.0
India,24.75000063578288,80.75001271565755,Soybeans,152.0,212.0,255.0,362.0,5,7,9.0,12.0
India,24.75000063578288,81.25001271565755,Soybeans,152.0,212.0,255.0,362.0,5,7,9.0,12.0
India,24.75000063578288,81.75001271565755,Soybeans,152.0,212.0,255.0,362.0,5,7,9.0,12.0
India,24.75000063578288,82.25001271565755,Soybeans,152.0,212.0,255.0,362.0,5,7,9.0,12.0
India,24.75000063578288,82.75001271565755,Soybeans,152.0,212.0,255.0,362.0,5,7,9.0,12.0
India,24.75000063578288,83.25001271565755,Soybeans,152.0,212.0,255.0,362.0,5,7,9.0,12.0
India,24.75000063578288,83.75001271565755,Soybeans,152.0,212.0,255.0,362.0,5,7,9.0,12.0
India,24.75000063578288,84.25001271565755,Soybeans,152.0,212.0,255.0,362.0,5,7,9.0,12.0
India,24.75000063578288,84.75001271565755,Soybeans,152.0,212.0,255.0,362.0,5,7,9.0,12.0
India,24.75000063578288,85.25001271565755,Soybeans,152.0,212.0,255.0,362.0,5,7,9.0,12.0
India,24.75000063578288,85.75001271565755,Soybeans,152.0,212.0,255.0,362.0,5,7,9.0,12.0
India,24.75000063578288,86.25001271565755,Soybeans,152.0,212.0,255.0,362.0,5,7,9.0,12.0
India,24.75000063578288,86.75001271565755,Soybeans,152.0,212.0,255.0,362.0,5,7,9.0,12.0
India,24.75000063578288,87.25001271565755,Soybeans,152.0,212.0,255.0,362.0,5,7,9.0,12.0
India,24.75000063578288,87.75001271565755,Soybeans,152.0,212.0,255.0,362.0,5,7,9.0,12.0
India,24.75000063578288,92.75001271565756,Soybeans,152.0,212.0,255.0,362.0,5,7,9.0,12.0
India,24.75000063578288,93.25001271565756,Soybeans,152.0,212.0,255.0,362.0,5,7,9.0,12.0
India,24.75000063578288,93.75001271565756,Soybeans,152.0,212.0,255.0,362.0,5,7,9.0,12.0
India,24.75000063578288,94.25001271565756,Soybeans,152.0,212.0,255.0,362.0,5,7,9.0,12.0
India,25.25000063578288,71.25001271565755,Soybeans,152.0,212.0,255.0,362.0,5,7,9.0,12.0
India,25.25000063578288,71.75001271565755,Soybeans,152.0,212.0,255.0,362.0,5,7,9.0,12.0
India,25.25000063578288,72.25001271565755,Soybeans,152.0,212.0,255.0,362.0,5,7,9.0,12.0
India,25.25000063578288,72.75001271565755,Soybeans,152.0,212.0,255.0,362.0,5,7,9.0,12.0
India,25.25000063578288,73.25001271565755,Soybeans,152.0,212.0,255.0,362.0,5,7,9.0,12.0
India,25.25000063578288,73.75001271565755,Soybeans,152.0,212.0,255.0,362.0,5,7,9.0,12.0
India,25.25000063578288,74.25001271565755,Soybeans,152.0,212.0,255.0,362.0,5,7,9.0,12.0
India,25.25000063578288,74.75001271565755,Soybeans,152.0,212.0,255.0,362.0,5,7,9.0,12.0
India,25.25000063578288,75.25001271565755,Soybeans,152.0,212.0,255.0,362.0,5,7,9.0,12.0
India,25.25000063578288,75.75001271565755,Soybeans,152.0,212.0,255.0,362.0,5,7,9.0,12.0
India,25.25000063578288,76.25001271565755,Soybeans,152.0,212.0,255.0,362.0,5,7,9.0,12.0
India,25.25000063578288,76.75001271565755,Soybeans,152.0,212.0,255.0,362.0,5,7,9.0,12.0
India,25.25000063578288,77.25001271565755,Soybeans,152.0,212.0,255.0,362.0,5,7,9.0,12.0
India,25.25000063578288,77.75001271565755,Soybeans,152.0,212.0,255.0,362.0,5,7,9.0,12.0
India,25.25000063578288,78.25001271565755,Soybeans,152.0,212.0,255.0,362.0,5,7,9.0,12.0
India,25.25000063578288,78.75001271565755,Soybeans,152.0,212.0,255.0,362.0,5,7,9.0,12.0
India,25.25000063578288,79.25001271565755,Soybeans,152.0,212.0,255.0,362.0,5,7,9.0,12.0
India,25.25000063578288,79.75001271565755,Soybeans,152.0,212.0,255.0,362.0,5,7,9.0,12.0
India,25.25000063578288,80.25001271565755,Soybeans,152.0,212.0,255.0,362.0,5,7,9.0,12.0
India,25.25000063578288,80.75001271565755,Soybeans,152.0,212.0,255.0,362.0,5,7,9.0,12.0
India,25.25000063578288,81.25001271565755,Soybeans,152.0,212.0,255.0,362.0,5,7,9.0,12.0
India,25.25000063578288,81.75001271565755,Soybeans,152.0,212.0,255.0,362.0,5,7,9.0,12.0
India,25.25000063578288,82.25001271565755,Soybeans,152.0,212.0,255.0,362.0,5,7,9.0,12.0
India,25.25000063578288,82.75001271565755,Soybeans,152.0,212.0,255.0,362.0,5,7,9.0,12.0
India,25.25000063578288,83.25001271565755,Soybeans,152.0,212.0,255.0,362.0,5,7,9.0,12.0
India,25.25000063578288,83.75001271565755,Soybeans,152.0,212.0,255.0,362.0,5,7,9.0,12.0
India,25.25000063578288,84.25001271565755,Soybeans,152.0,212.0,255.0,362.0,5,7,9.0,12.0
India,25.25000063578288,84.75001271565755,Soybeans,152.0,212.0,255.0,362.0,5,7,9.0,12.0
India,25.25000063578288,85.25001271565755,Soybeans,152.0,212.0,255.0,362.0,5,7,9.0,12.0
India,25.25000063578288,85.75001271565755,Soybeans,152.0,212.0,255.0,362.0,5,7,9.0,12.0
India,25.25000063578288,86.25001271565755,Soybeans,152.0,212.0,255.0,362.0,5,7,9.0,12.0
India,25.25000063578288,86.75001271565755,Soybeans,152.0,212.0,255.0,362.0,5,7,9.0,12.0
India,25.25000063578288,87.25001271565755,Soybeans,152.0,212.0,255.0,362.0,5,7,9.0,12.0
India,25.25000063578288,87.75001271565755,Soybeans,152.0,212.0,255.0,362.0,5,7,9.0,12.0
India,25.25000063578288,88.25001271565755,Soybeans,152.0,212.0,255.0,362.0,5,7,9.0,12.0
India,25.25000063578288,88.75001271565755,Soybeans,152.0,212.0,255.0,362.0,5,7,9.0,12.0
India,25.25000063578288,90.25001271565756,Soybeans,152.0,212.0,255.0,362.0,5,7,9.0,12.0
India,25.25000063578288,90.75001271565756,Soybeans,152.0,212.0,255.0,362.0,5,7,9.0,12.0
India,25.25000063578288,91.25001271565756,Soybeans,152.0,212.0,255.0,362.0,5,7,9.0,12.0
India,25.25000063578288,91.75001271565756,Soybeans,152.0,212.0,255.0,362.0,5,7,9.0,12.0
India,25.25000063578288,92.25001271565756,Soybeans,152.0,212.0,255.0,362.0,5,7,9.0,12.0
India,25.25000063578288,92.75001271565756,Soybeans,152.0,212.0,255.0,362.0,5,7,9.0,12.0
India,25.25000063578288,93.25001271565756,Soybeans,152.0,212.0,255.0,362.0,5,7,9.0,12.0
India,25.25000063578288,93.75001271565756,Soybeans,152.0,212.0,255.0,362.0,5,7,9.0,12.0
India,25.25000063578288,94.25001271565756,Soybeans,152.0,212.0,255.0,362.0,5,7,9.0,12.0
India,25.75000063578288,70.75001271565755,Soybeans,152.0,212.0,255.0,362.0,5,7,9.0,12.0
India,25.75000063578288,71.25001271565755,Soybeans,152.0,212.0,255.0,362.0,5,7,9.0,12.0
India,25.75000063578288,71.75001271565755,Soybeans,152.0,212.0,255.0,362.0,5,7,9.0,12.0
India,25.75000063578288,72.25001271565755,Soybeans,152.0,212.0,255.0,362.0,5,7,9.0,12.0
India,25.75000063578288,72.75001271565755,Soybeans,152.0,212.0,255.0,362.0,5,7,9.0,12.0
India,25.75000063578288,73.25001271565755,Soybeans,152.0,212.0,255.0,362.0,5,7,9.0,12.0
India,25.75000063578288,73.75001271565755,Soybeans,152.0,212.0,255.0,362.0,5,7,9.0,12.0
India,25.75000063578288,74.25001271565755,Soybeans,152.0,212.0,255.0,362.0,5,7,9.0,12.0
India,25.75000063578288,74.75001271565755,Soybeans,152.0,212.0,255.0,362.0,5,7,9.0,12.0
India,25.75000063578288,75.25001271565755,Soybeans,152.0,212.0,255.0,362.0,5,7,9.0,12.0
India,25.75000063578288,75.75001271565755,Soybeans,152.0,212.0,255.0,362.0,5,7,9.0,12.0
India,25.75000063578288,76.25001271565755,Soybeans,152.0,212.0,255.0,362.0,5,7,9.0,12.0
India,25.75000063578288,76.75001271565755,Soybeans,152.0,212.0,255.0,362.0,5,7,9.0,12.0
India,25.75000063578288,77.25001271565755,Soybeans,152.0,212.0,255.0,362.0,5,7,9.0,12.0
India,25.75000063578288,77.75001271565755,Soybeans,152.0,212.0,255.0,362.0,5,7,9.0,12.0
India,25.75000063578288,78.25001271565755,Soybeans,152.0,212.0,255.0,362.0,5,7,9.0,12.0
India,25.75000063578288,78.75001271565755,Soybeans,152.0,212.0,255.0,362.0,5,7,9.0,12.0
India,25.75000063578288,79.25001271565755,Soybeans,152.0,212.0,255.0,362.0,5,7,9.0,12.0
India,25.75000063578288,79.75001271565755,Soybeans,152.0,212.0,255.0,362.0,5,7,9.0,12.0
India,25.75000063578288,80.25001271565755,Soybeans,152.0,212.0,255.0,362.0,5,7,9.0,12.0
India,25.75000063578288,80.75001271565755,Soybeans,152.0,212.0,255.0,362.0,5,7,9.0,12.0
India,25.75000063578288,81.25001271565755,Soybeans,152.0,212.0,255.0,362.0,5,7,9.0,12.0
India,25.75000063578288,81.75001271565755,Soybeans,152.0,212.0,255.0,362.0,5,7,9.0,12.0
India,25.75000063578288,82.25001271565755,Soybeans,152.0,212.0,255.0,362.0,5,7,9.0,12.0
India,25.75000063578288,82.75001271565755,Soybeans,152.0,212.0,255.0,362.0,5,7,9.0,12.0
India,25.75000063578288,83.25001271565755,Soybeans,152.0,212.0,255.0,362.0,5,7,9.0,12.0
India,25.75000063578288,83.75001271565755,Soybeans,152.0,212.0,255.0,362.0,5,7,9.0,12.0
India,25.75000063578288,84.25001271565755,Soybeans,152.0,212.0,255.0,362.0,5,7,9.0,12.0
India,25.75000063578288,84.75001271565755,Soybeans,152.0,212.0,255.0,362.0,5,7,9.0,12.0
India,25.75000063578288,85.25001271565755,Soybeans,152.0,212.0,255.0,362.0,5,7,9.0,12.0
India,25.75000063578288,85.75001271565755,Soybeans,152.0,212.0,255.0,362.0,5,7,9.0,12.0
India,25.75000063578288,86.25001271565755,Soybeans,152.0,212.0,255.0,362.0,5,7,9.0,12.0
India,25.75000063578288,86.75001271565755,Soybeans,152.0,212.0,255.0,362.0,5,7,9.0,12.0
India,25.75000063578288,87.25001271565755,Soybeans,152.0,212.0,255.0,362.0,5,7,9.0,12.0
India,25.75000063578288,87.75001271565755,Soybeans,152.0,212.0,255.0,362.0,5,7,9.0,12.0
India,25.75000063578288,88.25001271565755,Soybeans,152.0,212.0,255.0,362.0,5,7,9.0,12.0
India,25.75000063578288,90.25001271565756,Soybeans,152.0,212.0,255.0,362.0,5,7,9.0,12.0
India,25.75000063578288,90.75001271565756,Soybeans,152.0,212.0,255.0,362.0,5,7,9.0,12.0
India,25.75000063578288,91.25001271565756,Soybeans,152.0,212.0,255.0,362.0,5,7,9.0,12.0
India,25.75000063578288,91.75001271565756,Soybeans,152.0,212.0,255.0,362.0,5,7,9.0,12.0
India,25.75000063578288,92.25001271565756,Soybeans,152.0,212.0,255.0,362.0,5,7,9.0,12.0
India,25.75000063578288,92.75001271565756,Soybeans,152.0,212.0,255.0,362.0,5,7,9.0,12.0
India,25.75000063578288,93.25001271565756,Soybeans,152.0,212.0,255.0,362.0,5,7,9.0,12.0
India,25.75000063578288,93.75001271565756,Soybeans,152.0,212.0,255.0,362.0,5,7,9.0,12.0
India,25.75000063578288,94.25001271565756,Soybeans,152.0,212.0,255.0,362.0,5,7,9.0,12.0
India,25.75000063578288,94.75001271565756,Soybeans,152.0,212.0,255.0,362.0,5,7,9.0,12.0
India,26.25000063578288,70.25001271565755,Soybeans,152.0,212.0,255.0,362.0,5,7,9.0,12.0
India,26.25000063578288,70.75001271565755,Soybeans,152.0,212.0,255.0,362.0,5,7,9.0,12.0
India,26.25000063578288,71.25001271565755,Soybeans,152.0,212.0,255.0,362.0,5,7,9.0,12.0
India,26.25000063578288,71.75001271565755,Soybeans,152.0,212.0,255.0,362.0,5,7,9.0,12.0
India,26.25000063578288,72.25001271565755,Soybeans,152.0,212.0,255.0,362.0,5,7,9.0,12.0
India,26.25000063578288,72.75001271565755,Soybeans,152.0,212.0,255.0,362.0,5,7,9.0,12.0
India,26.25000063578288,73.25001271565755,Soybeans,152.0,212.0,255.0,362.0,5,7,9.0,12.0
India,26.25000063578288,73.75001271565755,Soybeans,152.0,212.0,255.0,362.0,5,7,9.0,12.0
India,26.25000063578288,74.25001271565755,Soybeans,152.0,212.0,255.0,362.0,5,7,9.0,12.0
India,26.25000063578288,74.75001271565755,Soybeans,152.0,212.0,255.0,362.0,5,7,9.0,12.0
India,26.25000063578288,75.25001271565755,Soybeans,152.0,212.0,255.0,362.0,5,7,9.0,12.0
India,26.25000063578288,75.75001271565755,Soybeans,152.0,212.0,255.0,362.0,5,7,9.0,12.0
India,26.25000063578288,76.25001271565755,Soybeans,152.0,212.0,255.0,362.0,5,7,9.0,12.0
India,26.25000063578288,76.75001271565755,Soybeans,152.0,212.0,255.0,362.0,5,7,9.0,12.0
India,26.25000063578288,77.25001271565755,Soybeans,152.0,212.0,255.0,362.0,5,7,9.0,12.0
India,26.25000063578288,77.75001271565755,Soybeans,152.0,212.0,255.0,362.0,5,7,9.0,12.0
India,26.25000063578288,78.25001271565755,Soybeans,152.0,212.0,255.0,362.0,5,7,9.0,12.0
India,26.25000063578288,78.75001271565755,Soybeans,152.0,212.0,255.0,362.0,5,7,9.0,12.0
India,26.25000063578288,79.25001271565755,Soybeans,152.0,212.0,255.0,362.0,5,7,9.0,12.0
India,26.25000063578288,79.75001271565755,Soybeans,152.0,212.0,255.0,362.0,5,7,9.0,12.0
India,26.25000063578288,80.25001271565755,Soybeans,152.0,212.0,255.0,362.0,5,7,9.0,12.0
India,26.25000063578288,80.75001271565755,Soybeans,152.0,212.0,255.0,362.0,5,7,9.0,12.0
India,26.25000063578288,81.25001271565755,Soybeans,152.0,212.0,255.0,362.0,5,7,9.0,12.0
India,26.25000063578288,81.75001271565755,Soybeans,152.0,212.0,255.0,362.0,5,7,9.0,12.0
India,26.25000063578288,82.25001271565755,Soybeans,152.0,212.0,255.0,362.0,5,7,9.0,12.0
India,26.25000063578288,82.75001271565755,Soybeans,152.0,212.0,255.0,362.0,5,7,9.0,12.0
India,26.25000063578288,83.25001271565755,Soybeans,152.0,212.0,255.0,362.0,5,7,9.0,12.0
India,26.25000063578288,83.75001271565755,Soybeans,152.0,212.0,255.0,362.0,5,7,9.0,12.0
India,26.25000063578288,84.25001271565755,Soybeans,152.0,212.0,255.0,362.0,5,7,9.0,12.0
India,26.25000063578288,84.75001271565755,Soybeans,152.0,212.0,255.0,362.0,5,7,9.0,12.0
India,26.25000063578288,85.25001271565755,Soybeans,152.0,212.0,255.0,362.0,5,7,9.0,12.0
India,26.25000063578288,85.75001271565755,Soybeans,152.0,212.0,255.0,362.0,5,7,9.0,12.0
India,26.25000063578288,86.25001271565755,Soybeans,152.0,212.0,255.0,362.0,5,7,9.0,12.0
India,26.25000063578288,86.75001271565755,Soybeans,152.0,212.0,255.0,362.0,5,7,9.0,12.0
India,26.25000063578288,87.25001271565755,Soybeans,152.0,212.0,255.0,362.0,5,7,9.0,12.0
India,26.25000063578288,87.75001271565755,Soybeans,152.0,212.0,255.0,362.0,5,7,9.0,12.0
India,26.25000063578288,88.25001271565755,Soybeans,152.0,212.0,255.0,362.0,5,7,9.0,12.0
India,26.25000063578288,89.25001271565755,Soybeans,152.0,212.0,255.0,362.0,5,7,9.0,12.0
India,26.25000063578288,89.75001271565755,Soybeans,152.0,212.0,255.0,362.0,5,7,9.0,12.0
India,26.25000063578288,90.25001271565756,Soybeans,152.0,212.0,255.0,362.0,5,7,9.0,12.0
India,26.25000063578288,90.75001271565756,Soybeans,152.0,212.0,255.0,362.0,5,7,9.0,12.0
India,26.25000063578288,91.25001271565756,Soybeans,152.0,212.0,255.0,362.0,5,7,9.0,12.0
India,26.25000063578288,91.75001271565756,Soybeans,152.0,212.0,255.0,362.0,5,7,9.0,12.0
India,26.25000063578288,92.25001271565756,Soybeans,152.0,212.0,255.0,362.0,5,7,9.0,12.0
India,26.25000063578288,92.75001271565756,Soybeans,152.0,212.0,255.0,362.0,5,7,9.0,12.0
India,26.25000063578288,93.25001271565756,Soybeans,152.0,212.0,255.0,362.0,5,7,9.0,12.0
India,26.25000063578288,93.75001271565756,Soybeans,152.0,212.0,255.0,362.0,5,7,9.0,12.0
India,26.25000063578288,94.25001271565756,Soybeans,152.0,212.0,255.0,362.0,5,7,9.0,12.0
India,26.25000063578288,94.75001271565756,Soybeans,152.0,212.0,255.0,362.0,5,7,9.0,12.0
India,26.75000063578288,69.75001271565755,Soybeans,152.0,212.0,255.0,362.0,5,7,9.0,12.0
India,26.75000063578288,70.25001271565755,Soybeans,152.0,212.0,255.0,362.0,5,7,9.0,12.0
India,26.75000063578288,70.75001271565755,Soybeans,152.0,212.0,255.0,362.0,5,7,9.0,12.0
India,26.75000063578288,71.25001271565755,Soybeans,152.0,212.0,255.0,362.0,5,7,9.0,12.0
India,26.75000063578288,71.75001271565755,Soybeans,152.0,212.0,255.0,362.0,5,7,9.0,12.0
India,26.75000063578288,72.25001271565755,Soybeans,152.0,212.0,255.0,362.0,5,7,9.0,12.0
India,26.75000063578288,72.75001271565755,Soybeans,152.0,212.0,255.0,362.0,5,7,9.0,12.0
India,26.75000063578288,73.25001271565755,Soybeans,152.0,212.0,255.0,362.0,5,7,9.0,12.0
India,26.75000063578288,73.75001271565755,Soybeans,152.0,212.0,255.0,362.0,5,7,9.0,12.0
India,26.75000063578288,74.25001271565755,Soybeans,152.0,212.0,255.0,362.0,5,7,9.0,12.0
India,26.75000063578288,74.75001271565755,Soybeans,152.0,212.0,255.0,362.0,5,7,9.0,12.0
India,26.75000063578288,75.25001271565755,Soybeans,152.0,212.0,255.0,362.0,5,7,9.0,12.0
India,26.75000063578288,75.75001271565755,Soybeans,152.0,212.0,255.0,362.0,5,7,9.0,12.0
India,26.75000063578288,76.25001271565755,Soybeans,152.0,212.0,255.0,362.0,5,7,9.0,12.0
India,26.75000063578288,76.75001271565755,Soybeans,152.0,212.0,255.0,362.0,5,7,9.0,12.0
India,26.75000063578288,77.25001271565755,Soybeans,152.0,212.0,255.0,362.0,5,7,9.0,12.0
India,26.75000063578288,77.75001271565755,Soybeans,152.0,212.0,255.0,362.0,5,7,9.0,12.0
India,26.75000063578288,78.25001271565755,Soybeans,152.0,212.0,255.0,362.0,5,7,9.0,12.0
India,26.75000063578288,78.75001271565755,Soybeans,152.0,212.0,255.0,362.0,5,7,9.0,12.0
India,26.75000063578288,79.25001271565755,Soybeans,152.0,212.0,255.0,362.0,5,7,9.0,12.0
India,26.75000063578288,79.75001271565755,Soybeans,152.0,212.0,255.0,362.0,5,7,9.0,12.0
India,26.75000063578288,80.25001271565755,Soybeans,152.0,212.0,255.0,362.0,5,7,9.0,12.0
India,26.75000063578288,80.75001271565755,Soybeans,152.0,212.0,255.0,362.0,5,7,9.0,12.0
India,26.75000063578288,81.25001271565755,Soybeans,152.0,212.0,255.0,362.0,5,7,9.0,12.0
India,26.75000063578288,81.75001271565755,Soybeans,152.0,212.0,255.0,362.0,5,7,9.0,12.0
India,26.75000063578288,82.25001271565755,Soybeans,152.0,212.0,255.0,362.0,5,7,9.0,12.0
India,26.75000063578288,82.75001271565755,Soybeans,152.0,212.0,255.0,362.0,5,7,9.0,12.0
India,26.75000063578288,83.25001271565755,Soybeans,152.0,212.0,255.0,362.0,5,7,9.0,12.0
India,26.75000063578288,83.75001271565755,Soybeans,152.0,212.0,255.0,362.0,5,7,9.0,12.0
India,26.75000063578288,84.25001271565755,Soybeans,152.0,212.0,255.0,362.0,5,7,9.0,12.0
India,26.75000063578288,84.75001271565755,Soybeans,152.0,212.0,255.0,362.0,5,7,9.0,12.0
India,26.75000063578288,88.25001271565755,Soybeans,152.0,212.0,255.0,362.0,5,7,9.0,12.0
India,26.75000063578288,88.75001271565755,Soybeans,152.0,212.0,255.0,362.0,5,7,9.0,12.0
India,26.75000063578288,89.25001271565755,Soybeans,152.0,212.0,255.0,362.0,5,7,9.0,12.0
India,26.75000063578288,90.25001271565756,Soybeans,152.0,212.0,255.0,362.0,5,7,9.0,12.0
India,26.75000063578288,90.75001271565756,Soybeans,152.0,212.0,255.0,362.0,5,7,9.0,12.0
India,26.75000063578288,91.25001271565756,Soybeans,152.0,212.0,255.0,362.0,5,7,9.0,12.0
India,26.75000063578288,91.75001271565756,Soybeans,152.0,212.0,255.0,362.0,5,7,9.0,12.0
India,26.75000063578288,92.25001271565756,Soybeans,152.0,212.0,255.0,362.0,5,7,9.0,12.0
India,26.75000063578288,92.75001271565756,Soybeans,152.0,212.0,255.0,362.0,5,7,9.0,12.0
India,26.75000063578288,93.25001271565756,Soybeans,152.0,212.0,255.0,362.0,5,7,9.0,12.0
India,26.75000063578288,93.75001271565756,Soybeans,152.0,212.0,255.0,362.0,5,7,9.0,12.0
India,26.75000063578288,94.25001271565756,Soybeans,152.0,212.0,255.0,362.0,5,7,9.0,12.0
India,26.75000063578288,94.75001271565756,Soybeans,152.0,212.0,255.0,362.0,5,7,9.0,12.0
India,26.75000063578288,95.25001271565756,Soybeans,152.0,212.0,255.0,362.0,5,7,9.0,12.0
India,27.25000063578288,69.75001271565755,Soybeans,152.0,212.0,255.0,362.0,5,7,9.0,12.0
India,27.25000063578288,70.25001271565755,Soybeans,152.0,212.0,255.0,362.0,5,7,9.0,12.0
India,27.25000063578288,70.75001271565755,Soybeans,152.0,212.0,255.0,362.0,5,7,9.0,12.0
India,27.25000063578288,71.25001271565755,Soybeans,152.0,212.0,255.0,362.0,5,7,9.0,12.0
India,27.25000063578288,71.75001271565755,Soybeans,152.0,212.0,255.0,362.0,5,7,9.0,12.0
India,27.25000063578288,72.25001271565755,Soybeans,152.0,212.0,255.0,362.0,5,7,9.0,12.0
India,27.25000063578288,72.75001271565755,Soybeans,152.0,212.0,255.0,362.0,5,7,9.0,12.0
India,27.25000063578288,73.25001271565755,Soybeans,152.0,212.0,255.0,362.0,5,7,9.0,12.0
India,27.25000063578288,73.75001271565755,Soybeans,152.0,212.0,255.0,362.0,5,7,9.0,12.0
India,27.25000063578288,74.25001271565755,Soybeans,152.0,212.0,255.0,362.0,5,7,9.0,12.0
India,27.25000063578288,74.75001271565755,Soybeans,152.0,212.0,255.0,362.0,5,7,9.0,12.0
India,27.25000063578288,75.25001271565755,Soybeans,152.0,212.0,255.0,362.0,5,7,9.0,12.0
India,27.25000063578288,75.75001271565755,Soybeans,152.0,212.0,255.0,362.0,5,7,9.0,12.0
India,27.25000063578288,76.25001271565755,Soybeans,152.0,212.0,255.0,362.0,5,7,9.0,12.0
India,27.25000063578288,76.75001271565755,Soybeans,152.0,212.0,255.0,362.0,5,7,9.0,12.0
India,27.25000063578288,77.25001271565755,Soybeans,152.0,212.0,255.0,362.0,5,7,9.0,12.0
India,27.25000063578288,77.75001271565755,Soybeans,152.0,212.0,255.0,362.0,5,7,9.0,12.0
India,27.25000063578288,78.25001271565755,Soybeans,152.0,212.0,255.0,362.0,5,7,9.0,12.0
India,27.25000063578288,78.75001271565755,Soybeans,152.0,212.0,255.0,362.0,5,7,9.0,12.0
India,27.25000063578288,79.25001271565755,Soybeans,152.0,212.0,255.0,362.0,5,7,9.0,12.0
India,27.25000063578288,79.75001271565755,Soybeans,152.0,212.0,255.0,362.0,5,7,9.0,12.0
India,27.25000063578288,80.25001271565755,Soybeans,152.0,212.0,255.0,362.0,5,7,9.0,12.0
India,27.25000063578288,80.75001271565755,Soybeans,152.0,212.0,255.0,362.0,5,7,9.0,12.0
India,27.25000063578288,81.25001271565755,Soybeans,152.0,212.0,255.0,362.0,5,7,9.0,12.0
India,27.25000063578288,81.75001271565755,Soybeans,152.0,212.0,255.0,362.0,5,7,9.0,12.0
India,27.25000063578288,82.25001271565755,Soybeans,152.0,212.0,255.0,362.0,5,7,9.0,12.0
India,27.25000063578288,82.75001271565755,Soybeans,152.0,212.0,255.0,362.0,5,7,9.0,12.0
India,27.25000063578288,83.25001271565755,Soybeans,152.0,212.0,255.0,362.0,5,7,9.0,12.0
India,27.25000063578288,83.75001271565755,Soybeans,152.0,212.0,255.0,362.0,5,7,9.0,12.0
India,27.25000063578288,84.25001271565755,Soybeans,152.0,212.0,255.0,362.0,5,7,9.0,12.0
India,27.25000063578288,88.25001271565755,Soybeans,152.0,212.0,255.0,362.0,5,7,9.0,12.0
India,27.25000063578288,88.75001271565755,Soybeans,152.0,212.0,255.0,362.0,5,7,9.0,12.0
India,27.25000063578288,92.25001271565756,Soybeans,152.0,212.0,255.0,362.0,5,7,9.0,12.0
India,27.25000063578288,92.75001271565756,Soybeans,152.0,212.0,255.0,362.0,5,7,9.0,12.0
India,27.25000063578288,93.25001271565756,Soybeans,152.0,212.0,255.0,362.0,5,7,9.0,12.0
India,27.25000063578288,93.75001271565756,Soybeans,152.0,212.0,255.0,362.0,5,7,9.0,12.0
India,27.25000063578288,94.25001271565756,Soybeans,152.0,212.0,255.0,362.0,5,7,9.0,12.0
India,27.25000063578288,94.75001271565756,Soybeans,152.0,212.0,255.0,362.0,5,7,9.0,12.0
India,27.25000063578288,95.25001271565756,Soybeans,152.0,212.0,255.0,362.0,5,7,9.0,12.0
India,27.25000063578288,95.75001271565756,Soybeans,152.0,212.0,255.0,362.0,5,7,9.0,12.0
India,27.750001271565758,70.25001271565755,Soybeans,152.0,212.0,255.0,362.0,5,7,9.0,12.0
India,27.750001271565758,71.25001271565755,Soybeans,152.0,212.0,255.0,362.0,5,7,9.0,12.0
India,27.750001271565758,71.75001271565755,Soybeans,152.0,212.0,255.0,362.0,5,7,9.0,12.0
India,27.750001271565758,72.25001271565755,Soybeans,152.0,212.0,255.0,362.0,5,7,9.0,12.0
India,27.750001271565758,72.75001271565755,Soybeans,152.0,212.0,255.0,362.0,5,7,9.0,12.0
India,27.750001271565758,73.25001271565755,Soybeans,152.0,212.0,255.0,362.0,5,7,9.0,12.0
India,27.750001271565758,73.75001271565755,Soybeans,152.0,212.0,255.0,362.0,5,7,9.0,12.0
India,27.750001271565758,74.25001271565755,Soybeans,152.0,212.0,255.0,362.0,5,7,9.0,12.0
India,27.750001271565758,74.75001271565755,Soybeans,152.0,212.0,255.0,362.0,5,7,9.0,12.0
India,27.750001271565758,75.25001271565755,Soybeans,152.0,212.0,255.0,362.0,5,7,9.0,12.0
India,27.750001271565758,75.75001271565755,Soybeans,152.0,212.0,255.0,362.0,5,7,9.0,12.0
India,27.750001271565758,76.25001271565755,Soybeans,152.0,212.0,255.0,362.0,5,7,9.0,12.0
India,27.750001271565758,76.75001271565755,Soybeans,152.0,212.0,255.0,362.0,5,7,9.0,12.0
India,27.750001271565758,77.25001271565755,Soybeans,152.0,212.0,255.0,362.0,5,7,9.0,12.0
India,27.750001271565758,77.75001271565755,Soybeans,152.0,212.0,255.0,362.0,5,7,9.0,12.0
India,27.750001271565758,78.25001271565755,Soybeans,152.0,212.0,255.0,362.0,5,7,9.0,12.0
India,27.750001271565758,78.75001271565755,Soybeans,152.0,212.0,255.0,362.0,5,7,9.0,12.0
India,27.750001271565758,79.25001271565755,Soybeans,152.0,212.0,255.0,362.0,5,7,9.0,12.0
India,27.750001271565758,79.75001271565755,Soybeans,152.0,212.0,255.0,362.0,5,7,9.0,12.0
India,27.750001271565758,80.25001271565755,Soybeans,152.0,212.0,255.0,362.0,5,7,9.0,12.0
India,27.750001271565758,80.75001271565755,Soybeans,152.0,212.0,255.0,362.0,5,7,9.0,12.0
India,27.750001271565758,81.25001271565755,Soybeans,152.0,212.0,255.0,362.0,5,7,9.0,12.0
India,27.750001271565758,81.75001271565755,Soybeans,152.0,212.0,255.0,362.0,5,7,9.0,12.0
India,27.750001271565758,82.25001271565755,Soybeans,152.0,212.0,255.0,362.0,5,7,9.0,12.0
India,27.750001271565758,88.25001271565755,Soybeans,152.0,212.0,255.0,362.0,5,7,9.0,12.0
India,27.750001271565758,88.75001271565755,Soybeans,152.0,212.0,255.0,362.0,5,7,9.0,12.0
India,27.750001271565758,92.25001271565756,Soybeans,152.0,212.0,255.0,362.0,5,7,9.0,12.0
India,27.750001271565758,92.75001271565756,Soybeans,152.0,212.0,255.0,362.0,5,7,9.0,12.0
India,27.750001271565758,93.25001271565756,Soybeans,152.0,212.0,255.0,362.0,5,7,9.0,12.0
India,27.750001271565758,93.75001271565756,Soybeans,152.0,212.0,255.0,362.0,5,7,9.0,12.0
India,27.750001271565758,94.25001271565756,Soybeans,152.0,212.0,255.0,362.0,5,7,9.0,12.0
India,27.750001271565758,94.75001271565756,Soybeans,152.0,212.0,255.0,362.0,5,7,9.0,12.0
India,27.750001271565758,95.25001271565756,Soybeans,152.0,212.0,255.0,362.0,5,7,9.0,12.0
India,27.750001271565758,95.75001271565756,Soybeans,152.0,212.0,255.0,362.0,5,7,9.0,12.0
India,27.750001271565758,96.25001271565756,Soybeans,152.0,212.0,255.0,362.0,5,7,9.0,12.0
India,27.750001271565758,96.75001271565756,Soybeans,152.0,212.0,255.0,362.0,5,7,9.0,12.0
India,28.250001271565758,72.25001271565755,Soybeans,152.0,212.0,255.0,362.0,5,7,9.0,12.0
India,28.250001271565758,72.75001271565755,Soybeans,152.0,212.0,255.0,362.0,5,7,9.0,12.0
India,28.250001271565758,73.25001271565755,Soybeans,152.0,212.0,255.0,362.0,5,7,9.0,12.0
India,28.250001271565758,73.75001271565755,Soybeans,152.0,212.0,255.0,362.0,5,7,9.0,12.0
India,28.250001271565758,74.25001271565755,Soybeans,152.0,212.0,255.0,362.0,5,7,9.0,12.0
India,28.250001271565758,74.75001271565755,Soybeans,152.0,212.0,255.0,362.0,5,7,9.0,12.0
India,28.250001271565758,75.25001271565755,Soybeans,152.0,212.0,255.0,362.0,5,7,9.0,12.0
India,28.250001271565758,75.75001271565755,Soybeans,152.0,212.0,255.0,362.0,5,7,9.0,12.0
India,28.250001271565758,76.25001271565755,Soybeans,152.0,212.0,255.0,362.0,5,7,9.0,12.0
India,28.250001271565758,76.75001271565755,Soybeans,152.0,212.0,255.0,362.0,5,7,9.0,12.0
India,28.250001271565758,77.25001271565755,Soybeans,152.0,212.0,255.0,362.0,5,7,9.0,12.0
India,28.250001271565758,77.75001271565755,Soybeans,152.0,212.0,255.0,362.0,5,7,9.0,12.0
India,28.250001271565758,78.25001271565755,Soybeans,152.0,212.0,255.0,362.0,5,7,9.0,12.0
India,28.250001271565758,78.75001271565755,Soybeans,152.0,212.0,255.0,362.0,5,7,9.0,12.0
India,28.250001271565758,79.25001271565755,Soybeans,152.0,212.0,255.0,362.0,5,7,9.0,12.0
India,28.250001271565758,79.75001271565755,Soybeans,152.0,212.0,255.0,362.0,5,7,9.0,12.0
India,28.250001271565758,80.25001271565755,Soybeans,152.0,212.0,255.0,362.0,5,7,9.0,12.0
India,28.250001271565758,80.75001271565755,Soybeans,152.0,212.0,255.0,362.0,5,7,9.0,12.0
India,28.250001271565758,93.25001271565756,Soybeans,152.0,212.0,255.0,362.0,5,7,9.0,12.0
India,28.250001271565758,93.75001271565756,Soybeans,152.0,212.0,255.0,362.0,5,7,9.0,12.0
India,28.250001271565758,94.25001271565756,Soybeans,152.0,212.0,255.0,362.0,5,7,9.0,12.0
India,28.250001271565758,94.75001271565756,Soybeans,152.0,212.0,255.0,362.0,5,7,9.0,12.0
India,28.250001271565758,95.25001271565756,Soybeans,152.0,212.0,255.0,362.0,5,7,9.0,12.0
India,28.250001271565758,95.75001271565756,Soybeans,152.0,212.0,255.0,362.0,5,7,9.0,12.0
India,28.250001271565758,96.25001271565756,Soybeans,152.0,212.0,255.0,362.0,5,7,9.0,12.0
India,28.250001271565758,96.75001271565756,Soybeans,152.0,212.0,255.0,362.0,5,7,9.0,12.0
India,28.750001271565758,72.75001271565755,Soybeans,152.0,212.0,255.0,362.0,5,7,9.0,12.0
India,28.750001271565758,73.25001271565755,Soybeans,152.0,212.0,255.0,362.0,5,7,9.0,12.0
India,28.750001271565758,73.75001271565755,Soybeans,152.0,212.0,255.0,362.0,5,7,9.0,12.0
India,28.750001271565758,74.25001271565755,Soybeans,152.0,212.0,255.0,362.0,5,7,9.0,12.0
India,28.750001271565758,74.75001271565755,Soybeans,152.0,212.0,255.0,362.0,5,7,9.0,12.0
India,28.750001271565758,75.25001271565755,Soybeans,152.0,212.0,255.0,362.0,5,7,9.0,12.0
India,28.750001271565758,75.75001271565755,Soybeans,152.0,212.0,255.0,362.0,5,7,9.0,12.0
India,28.750001271565758,76.25001271565755,Soybeans,152.0,212.0,255.0,362.0,5,7,9.0,12.0
India,28.750001271565758,76.75001271565755,Soybeans,152.0,212.0,255.0,362.0,5,7,9.0,12.0
India,28.750001271565758,77.25001271565755,Soybeans,152.0,212.0,255.0,362.0,5,7,9.0,12.0
India,28.750001271565758,77.75001271565755,Soybeans,152.0,212.0,255.0,362.0,5,7,9.0,12.0
India,28.750001271565758,78.25001271565755,Soybeans,152.0,212.0,255.0,362.0,5,7,9.0,12.0
India,28.750001271565758,78.75001271565755,Soybeans,152.0,212.0,255.0,362.0,5,7,9.0,12.0
India,28.750001271565758,79.25001271565755,Soybeans,152.0,212.0,255.0,362.0,5,7,9.0,12.0
India,28.750001271565758,79.75001271565755,Soybeans,152.0,212.0,255.0,362.0,5,7,9.0,12.0
India,28.750001271565758,94.25001271565756,Soybeans,152.0,212.0,255.0,362.0,5,7,9.0,12.0
India,28.750001271565758,94.75001271565756,Soybeans,152.0,212.0,255.0,362.0,5,7,9.0,12.0
India,28.750001271565758,95.25001271565756,Soybeans,152.0,212.0,255.0,362.0,5,7,9.0,12.0
India,28.750001271565758,95.75001271565756,Soybeans,152.0,212.0,255.0,362.0,5,7,9.0,12.0
India,28.750001271565758,96.25001271565756,Soybeans,152.0,212.0,255.0,362.0,5,7,9.0,12.0
India,29.250001271565758,73.25001271565755,Soybeans,152.0,212.0,255.0,362.0,5,7,9.0,12.0
India,29.250001271565758,73.75001271565755,Soybeans,152.0,212.0,255.0,362.0,5,7,9.0,12.0
India,29.250001271565758,74.25001271565755,Soybeans,152.0,212.0,255.0,362.0,5,7,9.0,12.0
India,29.250001271565758,74.75001271565755,Soybeans,152.0,212.0,255.0,362.0,5,7,9.0,12.0
India,29.250001271565758,75.25001271565755,Soybeans,152.0,212.0,255.0,362.0,5,7,9.0,12.0
India,29.250001271565758,75.75001271565755,Soybeans,152.0,212.0,255.0,362.0,5,7,9.0,12.0
India,29.250001271565758,76.25001271565755,Soybeans,152.0,212.0,255.0,362.0,5,7,9.0,12.0
India,29.250001271565758,76.75001271565755,Soybeans,152.0,212.0,255.0,362.0,5,7,9.0,12.0
India,29.250001271565758,77.25001271565755,Soybeans,152.0,212.0,255.0,362.0,5,7,9.0,12.0
India,29.250001271565758,77.75001271565755,Soybeans,152.0,212.0,255.0,362.0,5,7,9.0,12.0
India,29.250001271565758,78.25001271565755,Soybeans,152.0,212.0,255.0,362.0,5,7,9.0,12.0
India,29.250001271565758,78.75001271565755,Soybeans,152.0,212.0,255.0,362.0,5,7,9.0,12.0
India,29.250001271565758,79.25001271565755,Soybeans,152.0,212.0,255.0,362.0,5,7,9.0,12.0
India,29.250001271565758,79.75001271565755,Soybeans,152.0,212.0,255.0,362.0,5,7,9.0,12.0
India,29.250001271565758,95.75001271565756,Soybeans,152.0,212.0,255.0,362.0,5,7,9.0,12.0
India,29.750001271565758,73.75001271565755,Soybeans,152.0,212.0,255.0,362.0,5,7,9.0,12.0
India,29.750001271565758,74.25001271565755,Soybeans,152.0,212.0,255.0,362.0,5,7,9.0,12.0
India,29.750001271565758,74.75001271565755,Soybeans,152.0,212.0,255.0,362.0,5,7,9.0,12.0
India,29.750001271565758,75.25001271565755,Soybeans,152.0,212.0,255.0,362.0,5,7,9.0,12.0
India,29.750001271565758,75.75001271565755,Soybeans,152.0,212.0,255.0,362.0,5,7,9.0,12.0
India,29.750001271565758,76.25001271565755,Soybeans,152.0,212.0,255.0,362.0,5,7,9.0,12.0
India,29.750001271565758,76.75001271565755,Soybeans,152.0,212.0,255.0,362.0,5,7,9.0,12.0
India,29.750001271565758,77.25001271565755,Soybeans,152.0,212.0,255.0,362.0,5,7,9.0,12.0
India,29.750001271565758,77.75001271565755,Soybeans,152.0,212.0,255.0,362.0,5,7,9.0,12.0
India,29.750001271565758,78.25001271565755,Soybeans,152.0,212.0,255.0,362.0,5,7,9.0,12.0
India,29.750001271565758,78.75001271565755,Soybeans,152.0,212.0,255.0,362.0,5,7,9.0,12.0
India,29.750001271565758,79.25001271565755,Soybeans,152.0,212.0,255.0,362.0,5,7,9.0,12.0
India,29.750001271565758,79.75001271565755,Soybeans,152.0,212.0,255.0,362.0,5,7,9.0,12.0
India,29.750001271565758,80.25001271565755,Soybeans,152.0,212.0,255.0,362.0,5,7,9.0,12.0
India,30.250001271565758,74.25001271565755,Soybeans,152.0,212.0,255.0,362.0,5,7,9.0,12.0
India,30.250001271565758,74.75001271565755,Soybeans,152.0,212.0,255.0,362.0,5,7,9.0,12.0
India,30.250001271565758,75.25001271565755,Soybeans,152.0,212.0,255.0,362.0,5,7,9.0,12.0
India,30.250001271565758,75.75001271565755,Soybeans,152.0,212.0,255.0,362.0,5,7,9.0,12.0
India,30.250001271565758,76.25001271565755,Soybeans,152.0,212.0,255.0,362.0,5,7,9.0,12.0
India,30.250001271565758,76.75001271565755,Soybeans,152.0,212.0,255.0,362.0,5,7,9.0,12.0
India,30.250001271565758,77.25001271565755,Soybeans,152.0,212.0,255.0,362.0,5,7,9.0,12.0
India,30.250001271565758,77.75001271565755,Soybeans,152.0,212.0,255.0,362.0,5,7,9.0,12.0
India,30.250001271565758,78.25001271565755,Soybeans,152.0,212.0,255.0,362.0,5,7,9.0,12.0
India,30.250001271565758,78.75001271565755,Soybeans,152.0,212.0,255.0,362.0,5,7,9.0,12.0
India,30.250001271565758,79.25001271565755,Soybeans,152.0,212.0,255.0,362.0,5,7,9.0,12.0
India,30.250001271565758,79.75001271565755,Soybeans,152.0,212.0,255.0,362.0,5,7,9.0,12.0
India,30.250001271565758,80.25001271565755,Soybeans,152.0,212.0,255.0,362.0,5,7,9.0,12.0
India,30.250001271565758,80.75001271565755,Soybeans,152.0,212.0,255.0,362.0,5,7,9.0,12.0
India,30.750001271565758,74.25001271565755,Soybeans,152.0,212.0,255.0,362.0,5,7,9.0,12.0
India,30.750001271565758,74.75001271565755,Soybeans,152.0,212.0,255.0,362.0,5,7,9.0,12.0
India,30.750001271565758,75.25001271565755,Soybeans,152.0,212.0,255.0,362.0,5,7,9.0,12.0
India,30.750001271565758,75.75001271565755,Soybeans,152.0,212.0,255.0,362.0,5,7,9.0,12.0
India,30.750001271565758,76.25001271565755,Soybeans,152.0,212.0,255.0,362.0,5,7,9.0,12.0
India,30.750001271565758,76.75001271565755,Soybeans,152.0,212.0,255.0,362.0,5,7,9.0,12.0
India,30.750001271565758,77.25001271565755,Soybeans,152.0,212.0,255.0,362.0,5,7,9.0,12.0
India,30.750001271565758,77.75001271565755,Soybeans,152.0,212.0,255.0,362.0,5,7,9.0,12.0
India,30.750001271565758,78.25001271565755,Soybeans,152.0,212.0,255.0,362.0,5,7,9.0,12.0
India,30.750001271565758,78.75001271565755,Soybeans,152.0,212.0,255.0,362.0,5,7,9.0,12.0
India,30.750001271565758,79.25001271565755,Soybeans,152.0,212.0,255.0,362.0,5,7,9.0,12.0
India,30.750001271565758,79.75001271565755,Soybeans,152.0,212.0,255.0,362.0,5,7,9.0,12.0
India,31.250001271565758,74.75001271565755,Soybeans,152.0,212.0,255.0,362.0,5,7,9.0,12.0
India,31.250001271565758,75.25001271565755,Soybeans,152.0,212.0,255.0,362.0,5,7,9.0,12.0
India,31.250001271565758,75.75001271565755,Soybeans,152.0,212.0,255.0,362.0,5,7,9.0,12.0
India,31.250001271565758,76.25001271565755,Soybeans,152.0,212.0,255.0,362.0,5,7,9.0,12.0
India,31.250001271565758,76.75001271565755,Soybeans,152.0,212.0,255.0,362.0,5,7,9.0,12.0
India,31.250001271565758,77.25001271565755,Soybeans,152.0,212.0,255.0,362.0,5,7,9.0,12.0
India,31.250001271565758,77.75001271565755,Soybeans,152.0,212.0,255.0,362.0,5,7,9.0,12.0
India,31.250001271565758,78.25001271565755,Soybeans,152.0,212.0,255.0,362.0,5,7,9.0,12.0
India,31.250001271565758,78.75001271565755,Soybeans,152.0,212.0,255.0,362.0,5,7,9.0,12.0
India,31.750001271565758,74.75001271565755,Soybeans,152.0,212.0,255.0,362.0,5,7,9.0,12.0
India,31.750001271565758,75.25001271565755,Soybeans,152.0,212.0,255.0,362.0,5,7,9.0,12.0
India,31.750001271565758,75.75001271565755,Soybeans,152.0,212.0,255.0,362.0,5,7,9.0,12.0
India,31.750001271565758,76.25001271565755,Soybeans,152.0,212.0,255.0,362.0,5,7,9.0,12.0
India,31.750001271565758,76.75001271565755,Soybeans,152.0,212.0,255.0,362.0,5,7,9.0,12.0
India,31.750001271565758,77.25001271565755,Soybeans,152.0,212.0,255.0,362.0,5,7,9.0,12.0
India,31.750001271565758,77.75001271565755,Soybeans,152.0,212.0,255.0,362.0,5,7,9.0,12.0
India,31.750001271565758,78.25001271565755,Soybeans,152.0,212.0,255.0,362.0,5,7,9.0,12.0
India,32.25000127156576,75.75001271565755,Soybeans,152.0,212.0,255.0,362.0,5,7,9.0,12.0
India,32.25000127156576,76.25001271565755,Soybeans,152.0,212.0,255.0,362.0,5,7,9.0,12.0
India,32.25000127156576,76.75001271565755,Soybeans,152.0,212.0,255.0,362.0,5,7,9.0,12.0
India,32.25000127156576,77.25001271565755,Soybeans,152.0,212.0,255.0,362.0,5,7,9.0,12.0
India,32.25000127156576,77.75001271565755,Soybeans,152.0,212.0,255.0,362.0,5,7,9.0,12.0
India,32.25000127156576,78.25001271565755,Soybeans,152.0,212.0,255.0,362.0,5,7,9.0,12.0
India,32.75000127156576,74.75001271565755,Soybeans,152.0,212.0,255.0,362.0,5,7,9.0,12.0
India,32.75000127156576,75.25001271565755,Soybeans,152.0,212.0,255.0,362.0,5,7,9.0,12.0
India,32.75000127156576,75.75001271565755,Soybeans,152.0,212.0,255.0,362.0,5,7,9.0,12.0
India,32.75000127156576,76.25001271565755,Soybeans,152.0,212.0,255.0,362.0,5,7,9.0,12.0
India,32.75000127156576,76.75001271565755,Soybeans,152.0,212.0,255.0,362.0,5,7,9.0,12.0
India,32.75000127156576,77.25001271565755,Soybeans,152.0,212.0,255.0,362.0,5,7,9.0,12.0
India,32.75000127156576,77.75001271565755,Soybeans,152.0,212.0,255.0,362.0,5,7,9.0,12.0
India,32.75000127156576,78.25001271565755,Soybeans,152.0,212.0,255.0,362.0,5,7,9.0,12.0
India,32.75000127156576,78.75001271565755,Soybeans,152.0,212.0,255.0,362.0,5,7,9.0,12.0
India,32.75000127156576,79.25001271565755,Soybeans,152.0,212.0,255.0,362.0,5,7,9.0,12.0
India,33.25000127156576,74.25001271565755,Soybeans,152.0,212.0,255.0,362.0,5,7,9.0,12.0
India,33.25000127156576,74.75001271565755,Soybeans,152.0,212.0,255.0,362.0,5,7,9.0,12.0
India,33.25000127156576,75.25001271565755,Soybeans,152.0,212.0,255.0,362.0,5,7,9.0,12.0
India,33.25000127156576,75.75001271565755,Soybeans,152.0,212.0,255.0,362.0,5,7,9.0,12.0
India,33.25000127156576,76.25001271565755,Soybeans,152.0,212.0,255.0,362.0,5,7,9.0,12.0
India,33.25000127156576,76.75001271565755,Soybeans,152.0,212.0,255.0,362.0,5,7,9.0,12.0
India,33.25000127156576,77.25001271565755,Soybeans,152.0,212.0,255.0,362.0,5,7,9.0,12.0
India,33.25000127156576,77.75001271565755,Soybeans,152.0,212.0,255.0,362.0,5,7,9.0,12.0
India,33.25000127156576,78.25001271565755,Soybeans,152.0,212.0,255.0,362.0,5,7,9.0,12.0
India,33.25000127156576,78.75001271565755,Soybeans,152.0,212.0,255.0,362.0,5,7,9.0,12.0
India,33.75000127156576,74.25001271565755,Soybeans,152.0,212.0,255.0,362.0,5,7,9.0,12.0
India,33.75000127156576,74.75001271565755,Soybeans,152.0,212.0,255.0,362.0,5,7,9.0,12.0
India,33.75000127156576,75.25001271565755,Soybeans,152.0,212.0,255.0,362.0,5,7,9.0,12.0
India,33.75000127156576,75.75001271565755,Soybeans,152.0,212.0,255.0,362.0,5,7,9.0,12.0
India,33.75000127156576,76.25001271565755,Soybeans,152.0,212.0,255.0,362.0,5,7,9.0,12.0
India,33.75000127156576,76.75001271565755,Soybeans,152.0,212.0,255.0,362.0,5,7,9.0,12.0
India,33.75000127156576,77.25001271565755,Soybeans,152.0,212.0,255.0,362.0,5,7,9.0,12.0
India,33.75000127156576,77.75001271565755,Soybeans,152.0,212.0,255.0,362.0,5,7,9.0,12.0
India,33.75000127156576,78.25001271565755,Soybeans,152.0,212.0,255.0,362.0,5,7,9.0,12.0
India,33.75000127156576,78.75001271565755,Soybeans,152.0,212.0,255.0,362.0,5,7,9.0,12.0
India,34.25000127156576,74.25001271565755,Soybeans,152.0,212.0,255.0,362.0,5,7,9.0,12.0
India,34.25000127156576,74.75001271565755,Soybeans,152.0,212.0,255.0,362.0,5,7,9.0,12.0
India,34.25000127156576,75.25001271565755,Soybeans,152.0,212.0,255.0,362.0,5,7,9.0,12.0
India,34.25000127156576,75.75001271565755,Soybeans,152.0,212.0,255.0,362.0,5,7,9.0,12.0
India,34.25000127156576,76.25001271565755,Soybeans,152.0,212.0,255.0,362.0,5,7,9.0,12.0
India,34.25000127156576,76.75001271565755,Soybeans,152.0,212.0,255.0,362.0,5,7,9.0,12.0
India,34.25000127156576,77.25001271565755,Soybeans,152.0,212.0,255.0,362.0,5,7,9.0,12.0
India,34.25000127156576,77.75001271565755,Soybeans,152.0,212.0,255.0,362.0,5,7,9.0,12.0
India,34.25000127156576,78.25001271565755,Soybeans,152.0,212.0,255.0,362.0,5,7,9.0,12.0
India,34.25000127156576,78.75001271565755,Soybeans,152.0,212.0,255.0,362.0,5,7,9.0,12.0
India,34.75000127156576,77.25001271565755,Soybeans,152.0,212.0,255.0,362.0,5,7,9.0,12.0
India,34.75000127156576,77.75001271565755,Soybeans,152.0,212.0,255.0,362.0,5,7,9.0,12.0
India,35.25000127156576,77.75001271565755,Soybeans,152.0,212.0,255.0,362.0,5,7,9.0,12.0
India,31.250001271565758,79.25001271565755,Sugarbeets,90.0,133.0,273.0,334.0,3,5,9.0,11.0
India,33.25000127156576,79.25001271565755,Sugarbeets,90.0,133.0,273.0,334.0,3,5,9.0,11.0
India,17.25000063578288,75.25001271565755,Sunflower,169.0,210.0,281.0,322.0,6,7,10.0,11.0
India,17.75000063578288,75.25001271565755,Sunflower,169.0,210.0,281.0,322.0,6,7,10.0,11.0
India,17.75000063578288,75.75001271565755,Sunflower,169.0,210.0,281.0,322.0,6,7,10.0,11.0
India,18.25000063578288,75.25001271565755,Sunflower,169.0,210.0,281.0,322.0,6,7,10.0,11.0
India,18.25000063578288,75.75001271565755,Sunflower,169.0,210.0,281.0,322.0,6,7,10.0,11.0
India,18.75000063578288,74.75001271565755,Sunflower,169.0,210.0,281.0,322.0,6,7,10.0,11.0
India,19.25000063578288,74.25001271565755,Sunflower,169.0,210.0,281.0,322.0,6,7,10.0,11.0
India,19.25000063578288,74.75001271565755,Sunflower,169.0,210.0,281.0,322.0,6,7,10.0,11.0
India,19.25000063578288,75.25001271565755,Sunflower,169.0,210.0,281.0,322.0,6,7,10.0,11.0
India,19.75000063578288,74.25001271565755,Sunflower,169.0,210.0,281.0,322.0,6,7,10.0,11.0
India,14.750000635782875,75.25001271565755,Wheat Winter,274.0,301.0,29.0,63.0,9,10,1.0,3.0
India,15.250000635782875,75.25001271565755,Wheat Winter,274.0,301.0,29.0,63.0,9,10,1.0,3.0
India,15.250000635782875,75.75001271565755,Wheat Winter,274.0,301.0,29.0,63.0,9,10,1.0,3.0
India,15.250000635782875,76.25001271565755,Wheat Winter,281.0,308.0,36.0,77.0,10,11,2.0,3.0
India,15.750000635782875,74.75001271565755,Wheat Winter,281.0,329.0,50.0,91.0,10,11,2.0,3.0
India,15.750000635782875,75.25001271565755,Wheat Winter,281.0,329.0,50.0,91.0,10,11,2.0,3.0
India,15.750000635782875,75.75001271565755,Wheat Winter,274.0,301.0,29.0,63.0,9,10,1.0,3.0
India,15.750000635782875,76.25001271565755,Wheat Winter,281.0,308.0,36.0,77.0,10,11,2.0,3.0
India,15.750000635782875,76.75001271565755,Wheat Winter,281.0,308.0,36.0,77.0,10,11,2.0,3.0
India,16.25000063578288,74.75001271565755,Wheat Winter,281.0,329.0,50.0,91.0,10,11,2.0,3.0
India,16.25000063578288,76.75001271565755,Wheat Winter,281.0,308.0,36.0,77.0,10,11,2.0,3.0
India,16.25000063578288,77.25001271565755,Wheat Winter,281.0,308.0,36.0,77.0,10,11,2.0,3.0
India,17.25000063578288,74.25001271565755,Wheat Winter,309.0,336.0,85.0,126.0,11,12,3.0,5.0
India,17.75000063578288,73.75001271565755,Wheat Winter,309.0,336.0,85.0,126.0,11,12,3.0,5.0
India,17.75000063578288,74.25001271565755,Wheat Winter,309.0,336.0,85.0,126.0,11,12,3.0,5.0
India,17.75000063578288,74.75001271565755,Wheat Winter,309.0,336.0,85.0,126.0,11,12,3.0,5.0
India,18.25000063578288,73.75001271565755,Wheat Winter,309.0,336.0,85.0,126.0,11,12,3.0,5.0
India,18.25000063578288,74.25001271565755,Wheat Winter,309.0,336.0,85.0,126.0,11,12,3.0,5.0
India,18.25000063578288,74.75001271565755,Wheat Winter,309.0,336.0,85.0,126.0,11,12,3.0,5.0
India,18.75000063578288,73.75001271565755,Wheat Winter,309.0,336.0,85.0,126.0,11,12,3.0,5.0
India,18.75000063578288,74.25001271565755,Wheat Winter,309.0,336.0,85.0,126.0,11,12,3.0,5.0
India,18.75000063578288,74.75001271565755,Wheat Winter,302.0,350.0,78.0,119.0,10,12,3.0,4.0
India,19.25000063578288,73.75001271565755,Wheat Winter,309.0,336.0,85.0,126.0,11,12,3.0,5.0
India,19.25000063578288,74.25001271565755,Wheat Winter,302.0,350.0,78.0,119.0,10,12,3.0,4.0
India,19.25000063578288,74.75001271565755,Wheat Winter,302.0,350.0,78.0,119.0,10,12,3.0,4.0
India,19.25000063578288,75.25001271565755,Wheat Winter,302.0,350.0,78.0,119.0,10,12,3.0,4.0
India,19.75000063578288,73.75001271565755,Wheat Winter,309.0,336.0,85.0,126.0,11,12,3.0,5.0
India,19.75000063578288,74.25001271565755,Wheat Winter,302.0,350.0,78.0,119.0,10,12,3.0,4.0
India,19.75000063578288,74.75001271565755,Wheat Winter,302.0,350.0,78.0,119.0,10,12,3.0,4.0
India,19.75000063578288,75.25001271565755,Wheat Winter,302.0,350.0,78.0,119.0,10,12,3.0,4.0
India,19.75000063578288,77.75001271565755,Wheat Winter,302.0,336.0,64.0,98.0,10,12,3.0,4.0
India,19.75000063578288,78.75001271565755,Wheat Winter,302.0,336.0,64.0,98.0,10,12,3.0,4.0
India,19.75000063578288,79.25001271565755,Wheat Winter,295.0,336.0,57.0,105.0,10,12,2.0,4.0
India,19.75000063578288,79.75001271565755,Wheat Winter,295.0,336.0,57.0,105.0,10,12,2.0,4.0
India,20.25000063578288,73.75001271565755,Wheat Winter,309.0,336.0,85.0,126.0,11,12,3.0,5.0
India,20.25000063578288,74.25001271565755,Wheat Winter,309.0,336.0,85.0,126.0,11,12,3.0,5.0
India,20.25000063578288,74.75001271565755,Wheat Winter,309.0,336.0,85.0,126.0,11,12,3.0,5.0
India,20.25000063578288,75.25001271565755,Wheat Winter,302.0,350.0,78.0,119.0,10,12,3.0,4.0
India,20.25000063578288,75.75001271565755,Wheat Winter,302.0,350.0,78.0,119.0,10,12,3.0,4.0
India,20.25000063578288,76.25001271565755,Wheat Winter,302.0,350.0,78.0,119.0,10,12,3.0,4.0
India,20.25000063578288,76.75001271565755,Wheat Winter,302.0,350.0,78.0,119.0,10,12,3.0,4.0
India,20.25000063578288,77.25001271565755,Wheat Winter,302.0,350.0,78.0,119.0,10,12,3.0,4.0
India,20.25000063578288,77.75001271565755,Wheat Winter,302.0,336.0,64.0,98.0,10,12,3.0,4.0
India,20.25000063578288,78.25001271565755,Wheat Winter,302.0,336.0,64.0,98.0,10,12,3.0,4.0
India,20.25000063578288,79.25001271565755,Wheat Winter,295.0,336.0,57.0,105.0,10,12,2.0,4.0
India,20.25000063578288,79.75001271565755,Wheat Winter,295.0,336.0,57.0,105.0,10,12,2.0,4.0
India,20.75000063578288,74.25001271565755,Wheat Winter,309.0,336.0,85.0,126.0,11,12,3.0,5.0
India,20.75000063578288,74.75001271565755,Wheat Winter,309.0,336.0,85.0,126.0,11,12,3.0,5.0
India,20.75000063578288,76.25001271565755,Wheat Winter,302.0,350.0,78.0,119.0,10,12,3.0,4.0
India,20.75000063578288,76.75001271565755,Wheat Winter,302.0,350.0,78.0,119.0,10,12,3.0,4.0
India,20.75000063578288,77.25001271565755,Wheat Winter,302.0,350.0,78.0,119.0,10,12,3.0,4.0
India,20.75000063578288,77.75001271565755,Wheat Winter,302.0,336.0,64.0,98.0,10,12,3.0,4.0
India,20.75000063578288,78.25001271565755,Wheat Winter,302.0,336.0,64.0,98.0,10,12,3.0,4.0
India,20.75000063578288,78.75001271565755,Wheat Winter,295.0,336.0,57.0,105.0,10,12,2.0,4.0
India,20.75000063578288,79.25001271565755,Wheat Winter,302.0,336.0,64.0,98.0,10,12,3.0,4.0
India,20.75000063578288,79.75001271565755,Wheat Winter,295.0,336.0,57.0,105.0,10,12,2.0,4.0
India,20.75000063578288,80.25001271565755,Wheat Winter,295.0,336.0,57.0,105.0,10,12,2.0,4.0
India,21.25000063578288,71.25001271565755,Wheat Winter,302.0,350.0,57.0,112.0,10,12,2.0,4.0
India,21.25000063578288,71.75001271565755,Wheat Winter,302.0,350.0,57.0,112.0,10,12,2.0,4.0
India,21.25000063578288,74.25001271565755,Wheat Winter,309.0,336.0,85.0,126.0,11,12,3.0,5.0
India,21.25000063578288,74.75001271565755,Wheat Winter,309.0,336.0,85.0,126.0,11,12,3.0,5.0
India,21.25000063578288,76.75001271565755,Wheat Winter,302.0,336.0,64.0,98.0,10,12,3.0,4.0
India,21.25000063578288,77.25001271565755,Wheat Winter,302.0,336.0,64.0,98.0,10,12,3.0,4.0
India,21.25000063578288,77.75001271565755,Wheat Winter,302.0,336.0,64.0,98.0,10,12,3.0,4.0
India,21.25000063578288,78.25001271565755,Wheat Winter,302.0,336.0,64.0,98.0,10,12,3.0,4.0
India,21.25000063578288,78.75001271565755,Wheat Winter,302.0,336.0,64.0,98.0,10,12,3.0,4.0
India,21.25000063578288,79.25001271565755,Wheat Winter,302.0,336.0,64.0,98.0,10,12,3.0,4.0
India,21.25000063578288,79.75001271565755,Wheat Winter,295.0,336.0,57.0,105.0,10,12,2.0,4.0
India,21.25000063578288,80.25001271565755,Wheat Winter,295.0,336.0,57.0,105.0,10,12,2.0,4.0
India,21.75000063578288,71.25001271565755,Wheat Winter,302.0,350.0,57.0,112.0,10,12,2.0,4.0
India,21.75000063578288,71.75001271565755,Wheat Winter,302.0,350.0,57.0,112.0,10,12,2.0,4.0
India,21.75000063578288,74.25001271565755,Wheat Winter,309.0,336.0,85.0,126.0,11,12,3.0,5.0
India,22.25000063578288,72.75001271565755,Wheat Winter,309.0,336.0,64.0,105.0,11,12,3.0,4.0
India,22.75000063578288,72.75001271565755,Wheat Winter,309.0,336.0,64.0,105.0,11,12,3.0,4.0
India,22.75000063578288,73.25001271565755,Wheat Winter,309.0,336.0,64.0,105.0,11,12,3.0,4.0
India,22.75000063578288,86.75001271565755,Wheat Winter,323.0,7.0,78.0,126.0,11,1,3.0,5.0
India,23.25000063578288,73.25001271565755,Wheat Winter,309.0,336.0,64.0,105.0,11,12,3.0,4.0
India,23.25000063578288,86.25001271565755,Wheat Winter,323.0,7.0,78.0,126.0,11,1,3.0,5.0
India,23.25000063578288,86.75001271565755,Wheat Winter,323.0,7.0,78.0,126.0,11,1,3.0,5.0
India,23.25000063578288,87.25001271565755,Wheat Winter,323.0,7.0,78.0,126.0,11,1,3.0,5.0
India,23.75000063578288,71.75001271565755,Wheat Winter,309.0,336.0,64.0,105.0,11,12,3.0,4.0
India,23.75000063578288,73.25001271565755,Wheat Winter,309.0,336.0,64.0,105.0,11,12,3.0,4.0
India,23.75000063578288,74.75001271565755,Wheat Winter,309.0,336.0,57.0,84.0,11,12,2.0,3.0
India,23.75000063578288,87.75001271565755,Wheat Winter,323.0,7.0,78.0,126.0,11,1,3.0,5.0
India,24.25000063578288,68.75001271565755,Wheat Winter,269.0,356.0,93.0,163.0,9,12,4.0,6.0
India,24.25000063578288,69.25001271565755,Wheat Winter,269.0,356.0,93.0,163.0,9,12,4.0,6.0
India,24.25000063578288,71.25001271565755,Wheat Winter,309.0,336.0,64.0,105.0,11,12,3.0,4.0
India,24.25000063578288,71.75001271565755,Wheat Winter,309.0,336.0,64.0,105.0,11,12,3.0,4.0
India,24.25000063578288,72.25001271565755,Wheat Winter,309.0,336.0,64.0,105.0,11,12,3.0,4.0
India,24.25000063578288,72.75001271565755,Wheat Winter,309.0,336.0,64.0,105.0,11,12,3.0,4.0
India,24.25000063578288,75.75001271565755,Wheat Winter,309.0,336.0,64.0,84.0,11,12,3.0,3.0
India,24.25000063578288,76.25001271565755,Wheat Winter,309.0,336.0,64.0,84.0,11,12,3.0,3.0
India,24.25000063578288,76.75001271565755,Wheat Winter,309.0,336.0,64.0,84.0,11,12,3.0,3.0
India,24.75000063578288,74.25001271565755,Wheat Winter,309.0,336.0,57.0,84.0,11,12,2.0,3.0
India,24.75000063578288,74.75001271565755,Wheat Winter,309.0,336.0,57.0,84.0,11,12,2.0,3.0
India,24.75000063578288,75.75001271565755,Wheat Winter,316.0,350.0,71.0,98.0,11,12,3.0,4.0
India,24.75000063578288,76.25001271565755,Wheat Winter,316.0,350.0,71.0,98.0,11,12,3.0,4.0
India,24.75000063578288,76.75001271565755,Wheat Winter,316.0,350.0,71.0,98.0,11,12,3.0,4.0
India,24.75000063578288,92.25001271565756,Wheat Winter,315.0,11.0,81.0,120.0,11,1,3.0,4.0
India,25.25000063578288,73.25001271565755,Wheat Winter,309.0,329.0,64.0,84.0,11,11,3.0,3.0
India,25.25000063578288,74.25001271565755,Wheat Winter,309.0,336.0,57.0,84.0,11,12,2.0,3.0
India,25.25000063578288,74.75001271565755,Wheat Winter,309.0,336.0,57.0,84.0,11,12,2.0,3.0
India,25.25000063578288,75.25001271565755,Wheat Winter,309.0,336.0,57.0,84.0,11,12,2.0,3.0
India,25.25000063578288,76.25001271565755,Wheat Winter,316.0,350.0,71.0,98.0,11,12,3.0,4.0
India,25.25000063578288,76.75001271565755,Wheat Winter,316.0,350.0,71.0,98.0,11,12,3.0,4.0
India,25.75000063578288,70.25001271565755,Wheat Winter,269.0,356.0,93.0,163.0,9,12,4.0,6.0
India,25.75000063578288,73.25001271565755,Wheat Winter,309.0,329.0,64.0,84.0,11,11,3.0,3.0
India,25.75000063578288,73.75001271565755,Wheat Winter,309.0,329.0,64.0,84.0,11,11,3.0,3.0
India,25.75000063578288,74.25001271565755,Wheat Winter,309.0,336.0,57.0,84.0,11,12,2.0,3.0
India,25.75000063578288,74.75001271565755,Wheat Winter,309.0,336.0,57.0,84.0,11,12,2.0,3.0
India,25.75000063578288,75.25001271565755,Wheat Winter,309.0,336.0,64.0,84.0,11,12,3.0,3.0
India,25.75000063578288,75.75001271565755,Wheat Winter,309.0,336.0,64.0,84.0,11,12,3.0,3.0
India,25.75000063578288,76.25001271565755,Wheat Winter,309.0,329.0,43.0,63.0,11,11,2.0,3.0
India,26.25000063578288,75.25001271565755,Wheat Winter,309.0,336.0,64.0,84.0,11,12,3.0,3.0
India,26.25000063578288,75.75001271565755,Wheat Winter,309.0,336.0,64.0,84.0,11,12,3.0,3.0
India,26.25000063578288,76.25001271565755,Wheat Winter,309.0,329.0,43.0,63.0,11,11,2.0,3.0
India,26.25000063578288,76.75001271565755,Wheat Winter,309.0,329.0,43.0,63.0,11,11,2.0,3.0
India,26.25000063578288,77.25001271565755,Wheat Winter,309.0,329.0,43.0,63.0,11,11,2.0,3.0
India,26.75000063578288,75.25001271565755,Wheat Winter,316.0,336.0,64.0,84.0,11,12,3.0,3.0
India,26.75000063578288,75.75001271565755,Wheat Winter,316.0,336.0,64.0,84.0,11,12,3.0,3.0
India,26.75000063578288,76.25001271565755,Wheat Winter,316.0,336.0,64.0,84.0,11,12,3.0,3.0
India,26.75000063578288,76.75001271565755,Wheat Winter,309.0,329.0,43.0,63.0,11,11,2.0,3.0
India,26.75000063578288,77.25001271565755,Wheat Winter,309.0,329.0,43.0,63.0,11,11,2.0,3.0
India,26.75000063578288,77.75001271565755,Wheat Winter,309.0,329.0,64.0,84.0,11,11,3.0,3.0
India,27.25000063578288,75.25001271565755,Wheat Winter,316.0,336.0,64.0,84.0,11,12,3.0,3.0
India,27.25000063578288,75.75001271565755,Wheat Winter,316.0,336.0,64.0,84.0,11,12,3.0,3.0
India,27.25000063578288,77.25001271565755,Wheat Winter,309.0,329.0,43.0,63.0,11,11,2.0,3.0
India,27.750001271565758,74.75001271565755,Wheat Winter,316.0,336.0,64.0,84.0,11,12,3.0,3.0
India,27.750001271565758,75.25001271565755,Wheat Winter,316.0,336.0,64.0,84.0,11,12,3.0,3.0
India,27.750001271565758,75.75001271565755,Wheat Winter,316.0,336.0,64.0,84.0,11,12,3.0,3.0
India,28.250001271565758,75.25001271565755,Wheat Winter,309.0,329.0,64.0,84.0,11,11,3.0,3.0
India,28.250001271565758,75.75001271565755,Wheat Winter,309.0,329.0,64.0,84.0,11,11,3.0,3.0
India,29.250001271565758,80.25001271565755,Wheat Winter,294.0,345.0,71.0,181.0,10,12,3.0,6.0
India,31.250001271565758,77.25001271565755,Wheat Winter,295.0,350.0,85.0,140.0,10,12,3.0,5.0
India,31.250001271565758,77.75001271565755,Wheat Winter,295.0,343.0,113.0,140.0,10,12,4.0,5.0
India,31.750001271565758,76.75001271565755,Wheat Winter,295.0,350.0,85.0,140.0,10,12,3.0,5.0
India,31.750001271565758,77.25001271565755,Wheat Winter,295.0,350.0,85.0,140.0,10,12,3.0,5.0
India,31.750001271565758,77.75001271565755,Wheat Winter,295.0,350.0,85.0,140.0,10,12,3.0,5.0
India,34.75000127156576,74.25001271565755,Wheat Winter,269.0,356.0,93.0,163.0,9,12,4.0,6.0
India,34.75000127156576,76.75001271565755,Wheat Winter,269.0,356.0,93.0,163.0,9,12,4.0,6.0
